2025-09-06 10:08:45,079 [INFO] Activator:176 - 


2025-09-06 10:08:45,098 [INFO] Activator:177 - !SESSION log4j initialized
2025-09-06 10:09:01,640 [INFO] LogOutputStream:77 - [STDOUT_REDIRECT] 
2025-09-06 10:09:03,974 [INFO] ApplicationProperties:184 - Using Application install path: C:\ST\STM32CubeIDE_1.19.0\STM32CubeIDE\plugins\com.st.stm32cube.common.mx_6.15.0.202507011659
2025-09-06 10:09:04,049 [INFO] DbMcusXml:78 - Set database path to: C:\ST\STM32CubeIDE_1.19.0\STM32CubeIDE\plugins\com.st.stm32cube.common.mx_6.15.0.202507011659\\db\/mcu/
2025-09-06 10:09:04,051 [INFO] ApiDb:274 - Set plugin database path to: C:\ST\STM32CubeIDE_1.19.0\STM32CubeIDE\plugins\com.st.stm32cube.common.mx_6.15.0.202507011659\\db\/plugins/boardmanager/
2025-09-06 10:09:04,054 [WARN] ApiDb:259 - Overriding images path with different value:  => C:\ST\STM32CubeIDE_1.19.0\STM32CubeIDE\plugins\com.st.stm32cube.common.mx_6.15.0.202507011659\\db\/plugins/mcufinder/images/
2025-09-06 10:09:04,081 [INFO] ApiDb:250 - Set database path to: C:\Users\aksha\.stmcufinder\plugins\mcufinder//mcu/
2025-09-06 10:09:04,088 [INFO] DbMcusAds:125 - Set database path to: C:\Users\aksha\.stmcufinder\plugins\mcufinder//mcu/
2025-09-06 10:09:04,094 [INFO] CrossReferenceDbSqlite:203 - Set database path to: C:\Users\aksha\.stmcufinder\plugins\mcufinder//mcu/cs/
2025-09-06 10:09:04,311 [INFO] RulesReader:64 - Compatibility file has been processed (317 Rules)
2025-09-06 10:09:04,450 [INFO] DbMcusXml:78 - Set database path to: C:\ST\STM32CubeIDE_1.19.0\STM32CubeIDE\plugins\com.st.stm32cube.common.mx_6.15.0.202507011659\\db\/mcu/
2025-09-06 10:09:04,450 [INFO] ApiDb:274 - Set plugin database path to: C:\ST\STM32CubeIDE_1.19.0\STM32CubeIDE\plugins\com.st.stm32cube.common.mx_6.15.0.202507011659\\db\/plugins/boardmanager/
2025-09-06 10:09:04,450 [INFO] ApiDb:261 - Set plugin images path to: C:\ST\STM32CubeIDE_1.19.0\STM32CubeIDE\plugins\com.st.stm32cube.common.mx_6.15.0.202507011659\\db\/plugins/mcufinder/images/
2025-09-06 10:09:04,450 [WARN] DbFile:41 - Overriding database path with different value: C:\Users\aksha\.stmcufinder\plugins\mcufinder/ => C:\Users\aksha\.stmcufinder\plugins\mcufinder
2025-09-06 10:09:04,450 [INFO] ApiDb:250 - Set database path to: C:\Users\aksha\.stmcufinder\plugins\mcufinder//mcu/
2025-09-06 10:09:04,450 [WARN] DbFile:41 - Overriding database path with different value: C:\Users\aksha\.stmcufinder\plugins\mcufinder/ => C:\Users\aksha\.stmcufinder\plugins\mcufinder
2025-09-06 10:09:04,450 [INFO] DbMcusAds:125 - Set database path to: C:\Users\aksha\.stmcufinder\plugins\mcufinder//mcu/
2025-09-06 10:09:04,454 [WARN] DbFile:41 - Overriding database path with different value: C:\Users\aksha\.stmcufinder\plugins\mcufinder/ => C:\Users\aksha\.stmcufinder\plugins\mcufinder
2025-09-06 10:09:04,454 [WARN] DbFile:41 - Overriding database path with different value: C:\Users\aksha\.stmcufinder\plugins\mcufinder/ => C:\Users\aksha\.stmcufinder\plugins\mcufinder
2025-09-06 10:09:04,454 [INFO] CrossReferenceDbSqlite:203 - Set database path to: C:\Users\aksha\.stmcufinder\plugins\mcufinder//mcu/cs/
2025-09-06 10:09:04,586 [INFO] MainPanel:274 - HeapMemory: 268435456
2025-09-06 10:09:04,770 [INFO] DbMcusXml:78 - Set database path to: C:\ST\STM32CubeIDE_1.19.0\STM32CubeIDE\plugins\com.st.stm32cube.common.mx_6.15.0.202507011659\\db\/mcu/
2025-09-06 10:09:04,770 [INFO] ApiDb:274 - Set plugin database path to: C:\ST\STM32CubeIDE_1.19.0\STM32CubeIDE\plugins\com.st.stm32cube.common.mx_6.15.0.202507011659\\db\/plugins/boardmanager/
2025-09-06 10:09:04,770 [INFO] ApiDb:261 - Set plugin images path to: C:\ST\STM32CubeIDE_1.19.0\STM32CubeIDE\plugins\com.st.stm32cube.common.mx_6.15.0.202507011659\\db\/plugins/mcufinder/images/
2025-09-06 10:09:04,777 [WARN] DbFile:41 - Overriding database path with different value: C:\Users\aksha\.stmcufinder\plugins\mcufinder/ => C:\Users\aksha\.stmcufinder\plugins\mcufinder
2025-09-06 10:09:04,777 [INFO] ApiDb:250 - Set database path to: C:\Users\aksha\.stmcufinder\plugins\mcufinder//mcu/
2025-09-06 10:09:04,777 [WARN] DbFile:41 - Overriding database path with different value: C:\Users\aksha\.stmcufinder\plugins\mcufinder/ => C:\Users\aksha\.stmcufinder\plugins\mcufinder
2025-09-06 10:09:04,777 [INFO] DbMcusAds:125 - Set database path to: C:\Users\aksha\.stmcufinder\plugins\mcufinder//mcu/
2025-09-06 10:09:04,777 [WARN] DbFile:41 - Overriding database path with different value: C:\Users\aksha\.stmcufinder\plugins\mcufinder/ => C:\Users\aksha\.stmcufinder\plugins\mcufinder
2025-09-06 10:09:04,777 [WARN] DbFile:41 - Overriding database path with different value: C:\Users\aksha\.stmcufinder\plugins\mcufinder/ => C:\Users\aksha\.stmcufinder\plugins\mcufinder
2025-09-06 10:09:04,777 [INFO] CrossReferenceDbSqlite:203 - Set database path to: C:\Users\aksha\.stmcufinder\plugins\mcufinder//mcu/cs/
2025-09-06 10:09:04,803 [INFO] ApplicationProperties:184 - Using Application install path: C:\ST\STM32CubeIDE_1.19.0\STM32CubeIDE\plugins\com.st.stm32cube.common.mx_6.15.0.202507011659
2025-09-06 10:09:04,803 [INFO] PluginManage:196 - Search for loadable plugins [exclusion list=, ]
2025-09-06 10:09:04,803 [INFO] PluginManage:310 - Check plugin analytics
2025-09-06 10:09:05,126 [INFO] AnalyticsPlugin:253 - Accepted Software Licenses: 
2025-09-06 10:09:05,128 [INFO] AnalyticsPlugin:255 - Accepted CMSIS Pack Licenses: 
2025-09-06 10:09:05,128 [INFO] AnalyticsPlugin:257 - Accepted Firmware Licenses: 
2025-09-06 10:09:05,134 [INFO] PluginManage:359 - Loaded plugin analytics (category:tool,tabindex:-1)
2025-09-06 10:09:05,134 [INFO] PluginManage:310 - Check plugin cadmodel
2025-09-06 10:09:05,167 [INFO] CADModel:105 - Init CAD model plugin
2025-09-06 10:09:05,167 [INFO] PluginManage:359 - Loaded plugin cadmodel (category:power,tabindex:5)
2025-09-06 10:09:05,168 [INFO] PluginManage:310 - Check plugin clock
2025-09-06 10:09:05,193 [INFO] PluginManage:359 - Loaded plugin clock (category:base,tabindex:2)
2025-09-06 10:09:05,193 [INFO] PluginManage:310 - Check plugin ddr
2025-09-06 10:09:05,193 [INFO] PluginManage:359 - Loaded plugin ddr (category:tool,tabindex:6)
2025-09-06 10:09:05,193 [INFO] PluginManage:310 - Check plugin filemanager
2025-09-06 10:09:05,429 [INFO] PluginManage:359 - Loaded plugin filemanager (category:base,tabindex:10)
2025-09-06 10:09:05,429 [INFO] PluginManage:310 - Check plugin ipmanager
2025-09-06 10:09:05,439 [INFO] PluginManage:359 - Loaded plugin ipmanager (category:base,tabindex:5)
2025-09-06 10:09:05,441 [INFO] PluginManage:310 - Check plugin lpbam
2025-09-06 10:09:05,463 [INFO] PluginManage:359 - Loaded plugin lpbam (category:base,tabindex:0)
2025-09-06 10:09:05,463 [INFO] PluginManage:310 - Check plugin memorymap
2025-09-06 10:09:05,503 [INFO] PluginManage:359 - Loaded plugin memorymap (category:base,tabindex:4)
2025-09-06 10:09:05,503 [INFO] PluginManage:310 - Check plugin pinoutandconfiguration
2025-09-06 10:09:05,543 [INFO] PluginManage:359 - Loaded plugin pinoutandconfiguration (category:base,tabindex:1)
2025-09-06 10:09:05,543 [INFO] PluginManage:310 - Check plugin pinoutconfig
2025-09-06 10:09:05,734 [WARN] SupportedApi:132 - Cannot load RTOS API schema: s4s-elt-must-match.1: The content of 'definitions' must match (annotation?, (simpleType | complexType)?, (unique | key | keyref)*)). A problem was found starting at: attribute.
2025-09-06 10:09:05,984 [INFO] PluginManage:359 - Loaded plugin pinoutconfig (category:base,tabindex:0)
2025-09-06 10:09:05,984 [INFO] PluginManage:310 - Check plugin power
2025-09-06 10:09:06,016 [INFO] PluginManage:359 - Loaded plugin power (category:power,tabindex:4)
2025-09-06 10:09:06,016 [INFO] PluginManage:310 - Check plugin projectmanager
2025-09-06 10:09:06,033 [INFO] PluginManage:359 - Loaded plugin projectmanager (category:projectmanager,tabindex:4)
2025-09-06 10:09:06,041 [INFO] PluginManage:310 - Check plugin rif
2025-09-06 10:09:06,077 [INFO] PluginManage:359 - Loaded plugin rif (category:base,tabindex:3)
2025-09-06 10:09:06,077 [INFO] PluginManage:310 - Check plugin thirdparty
2025-09-06 10:09:06,480 [INFO] PluginManage:359 - Loaded plugin thirdparty (category:base,tabindex:-1)
2025-09-06 10:09:06,480 [WARN] IntegrityCheckThread:84 - waiting for thirdparty lock release [integrity check]
2025-09-06 10:09:06,484 [INFO] PluginManage:310 - Check plugin tools
2025-09-06 10:09:06,484 [INFO] IntegrityCheckThread:86 - entering critical section [integrity check]
2025-09-06 10:09:06,484 [INFO] ThirdPartyUpdaterWithRetryManager:70 - Updater plugin not ready yet. [1/15]
2025-09-06 10:09:06,550 [INFO] PluginManage:359 - Loaded plugin tools (category:base,tabindex:7)
2025-09-06 10:09:06,550 [INFO] PluginManage:310 - Check plugin tutovideos
2025-09-06 10:09:07,062 [INFO] PluginManage:359 - Loaded plugin tutovideos (category:base,tabindex:-1)
2025-09-06 10:09:07,064 [INFO] PluginManage:310 - Check plugin updater
2025-09-06 10:09:07,111 [INFO] PluginManage:359 - Loaded plugin updater (category:base,tabindex:12)
2025-09-06 10:09:07,111 [INFO] PluginManage:310 - Check plugin userauth
2025-09-06 10:09:07,118 [INFO] UserAuth:118 - Init User Auth plugin
2025-09-06 10:09:07,122 [INFO] PluginManage:359 - Loaded plugin userauth (category:base,tabindex:14)
2025-09-06 10:09:07,122 [INFO] PluginManage:283 - PluginManage : Loaded plugins [18]
2025-09-06 10:09:07,689 [INFO] PinOutPanel:1589 - setPackage(No Configuration,No Configuration)
2025-09-06 10:09:07,863 [INFO] CADModel:165 - CPN selected for project level
2025-09-06 10:09:07,863 [INFO] CADModel:114 - Register for checkConnection events
2025-09-06 10:09:07,911 [INFO] IPUIPlugin:80 - create IPUIPlugin
2025-09-06 10:09:07,911 [INFO] PluginManager:220 - loadIPPluginJar : add adc
2025-09-06 10:09:07,989 [INFO] IPUIPlugin:80 - create IPUIPlugin
2025-09-06 10:09:07,989 [INFO] PluginManager:220 - loadIPPluginJar : add aes
2025-09-06 10:09:08,059 [INFO] IPUIPlugin:80 - create IPUIPlugin
2025-09-06 10:09:08,059 [INFO] PluginManager:220 - loadIPPluginJar : add can
2025-09-06 10:09:08,117 [INFO] IPUIPlugin:80 - create IPUIPlugin
2025-09-06 10:09:08,117 [INFO] PluginManager:220 - loadIPPluginJar : add comp
2025-09-06 10:09:08,192 [INFO] IPUIPlugin:80 - create IPUIPlugin
2025-09-06 10:09:08,192 [INFO] PluginManager:220 - loadIPPluginJar : add cryp
2025-09-06 10:09:08,211 [INFO] IPUIPlugin:80 - create IPUIPlugin
2025-09-06 10:09:08,211 [INFO] PluginManager:220 - loadIPPluginJar : add ddr_ctrl_phy
2025-09-06 10:09:08,267 [INFO] IPUIPlugin:80 - create IPUIPlugin
2025-09-06 10:09:08,267 [INFO] PluginManager:220 - loadIPPluginJar : add dfsdm
2025-09-06 10:09:08,293 [INFO] IPUIPlugin:80 - create IPUIPlugin
2025-09-06 10:09:08,295 [INFO] PluginManager:220 - loadIPPluginJar : add dma
2025-09-06 10:09:08,382 [INFO] IPUIPlugin:80 - create IPUIPlugin
2025-09-06 10:09:08,382 [INFO] PluginManager:220 - loadIPPluginJar : add dma3
2025-09-06 10:09:08,451 [INFO] IPUIPlugin:80 - create IPUIPlugin
2025-09-06 10:09:08,451 [INFO] PluginManager:220 - loadIPPluginJar : add extmemmanager
2025-09-06 10:09:08,492 [INFO] IPUIPlugin:80 - create IPUIPlugin
2025-09-06 10:09:08,492 [INFO] PluginManager:220 - loadIPPluginJar : add fatfs
2025-09-06 10:09:08,593 [INFO] IPUIPlugin:80 - create IPUIPlugin
2025-09-06 10:09:08,593 [INFO] PluginManager:220 - loadIPPluginJar : add fmc
2025-09-06 10:09:08,612 [INFO] IPUIPlugin:80 - create IPUIPlugin
2025-09-06 10:09:08,612 [INFO] PluginManager:220 - loadIPPluginJar : add freertos
2025-09-06 10:09:08,651 [INFO] IPUIPlugin:80 - create IPUIPlugin
2025-09-06 10:09:08,651 [INFO] PluginManager:220 - loadIPPluginJar : add genericplugin
2025-09-06 10:09:08,832 [INFO] IPUIPlugin:80 - create IPUIPlugin
2025-09-06 10:09:08,832 [INFO] PluginManager:220 - loadIPPluginJar : add gfxmmu
2025-09-06 10:09:09,195 [INFO] IPUIPlugin:80 - create IPUIPlugin
2025-09-06 10:09:09,195 [INFO] PluginManager:220 - loadIPPluginJar : add gic
2025-09-06 10:09:09,216 [INFO] IPUIPlugin:80 - create IPUIPlugin
2025-09-06 10:09:09,218 [INFO] PluginManager:220 - loadIPPluginJar : add gpio
2025-09-06 10:09:09,410 [INFO] IPUIPlugin:80 - create IPUIPlugin
2025-09-06 10:09:09,410 [INFO] PluginManager:220 - loadIPPluginJar : add gtzc
2025-09-06 10:09:09,504 [INFO] ThirdPartyUpdaterWithRetryManager:70 - Updater plugin not ready yet. [2/15]
2025-09-06 10:09:09,562 [INFO] IPUIPlugin:80 - create IPUIPlugin
2025-09-06 10:09:09,564 [INFO] PluginManager:220 - loadIPPluginJar : add hash
2025-09-06 10:09:09,748 [INFO] IPUIPlugin:80 - create IPUIPlugin
2025-09-06 10:09:09,748 [INFO] PluginManager:220 - loadIPPluginJar : add i2c
2025-09-06 10:09:09,826 [INFO] IPUIPlugin:80 - create IPUIPlugin
2025-09-06 10:09:09,828 [INFO] PluginManager:220 - loadIPPluginJar : add i2s
2025-09-06 10:09:09,930 [INFO] IPUIPlugin:80 - create IPUIPlugin
2025-09-06 10:09:09,930 [INFO] PluginManager:220 - loadIPPluginJar : add i3c
2025-09-06 10:09:10,162 [INFO] IPUIPlugin:80 - create IPUIPlugin
2025-09-06 10:09:10,164 [INFO] PluginManager:220 - loadIPPluginJar : add ipddr
2025-09-06 10:09:10,381 [INFO] IPUIPlugin:80 - create IPUIPlugin
2025-09-06 10:09:10,381 [INFO] PluginManager:220 - loadIPPluginJar : add linkedlist
2025-09-06 10:09:10,454 [INFO] IPUIPlugin:80 - create IPUIPlugin
2025-09-06 10:09:10,454 [INFO] PluginManager:220 - loadIPPluginJar : add lorawan
2025-09-06 10:09:10,538 [INFO] IPUIPlugin:80 - create IPUIPlugin
2025-09-06 10:09:10,540 [INFO] PluginManager:220 - loadIPPluginJar : add ltdc
2025-09-06 10:09:10,622 [INFO] IPUIPlugin:80 - create IPUIPlugin
2025-09-06 10:09:10,622 [INFO] PluginManager:220 - loadIPPluginJar : add mdma
2025-09-06 10:09:10,655 [INFO] IPUIPlugin:80 - create IPUIPlugin
2025-09-06 10:09:10,660 [INFO] PluginManager:220 - loadIPPluginJar : add nvic
2025-09-06 10:09:10,750 [INFO] IPUIPlugin:80 - create IPUIPlugin
2025-09-06 10:09:10,750 [INFO] PluginManager:220 - loadIPPluginJar : add opamp
2025-09-06 10:09:10,914 [INFO] IPUIPlugin:80 - create IPUIPlugin
2025-09-06 10:09:10,914 [INFO] PluginManager:220 - loadIPPluginJar : add openamp
2025-09-06 10:09:11,045 [INFO] IPUIPlugin:80 - create IPUIPlugin
2025-09-06 10:09:11,047 [INFO] PluginManager:220 - loadIPPluginJar : add pdm2pcm
2025-09-06 10:09:11,073 [INFO] IPUIPlugin:80 - create IPUIPlugin
2025-09-06 10:09:11,079 [INFO] PluginManager:220 - loadIPPluginJar : add plateformsettings
2025-09-06 10:09:11,126 [INFO] IPUIPlugin:80 - create IPUIPlugin
2025-09-06 10:09:11,126 [INFO] PluginManager:220 - loadIPPluginJar : add quadspi
2025-09-06 10:09:11,184 [INFO] IPUIPlugin:80 - create IPUIPlugin
2025-09-06 10:09:11,184 [INFO] PluginManager:220 - loadIPPluginJar : add radio
2025-09-06 10:09:11,212 [INFO] IPUIPlugin:80 - create IPUIPlugin
2025-09-06 10:09:11,212 [INFO] PluginManager:220 - loadIPPluginJar : add resmgrutility
2025-09-06 10:09:11,310 [INFO] IPUIPlugin:80 - create IPUIPlugin
2025-09-06 10:09:11,310 [INFO] PluginManager:220 - loadIPPluginJar : add sai
2025-09-06 10:09:11,395 [INFO] IPUIPlugin:80 - create IPUIPlugin
2025-09-06 10:09:11,397 [INFO] PluginManager:220 - loadIPPluginJar : add spi
2025-09-06 10:09:11,566 [INFO] IPUIPlugin:80 - create IPUIPlugin
2025-09-06 10:09:11,566 [INFO] PluginManager:220 - loadIPPluginJar : add stm32_wpan
2025-09-06 10:09:11,633 [INFO] IPUIPlugin:80 - create IPUIPlugin
2025-09-06 10:09:11,633 [INFO] PluginManager:220 - loadIPPluginJar : add tim
2025-09-06 10:09:11,762 [INFO] IPUIPlugin:80 - create IPUIPlugin
2025-09-06 10:09:11,764 [INFO] PluginManager:220 - loadIPPluginJar : add touchsensing
2025-09-06 10:09:11,810 [INFO] IPUIPlugin:80 - create IPUIPlugin
2025-09-06 10:09:11,810 [INFO] PluginManager:220 - loadIPPluginJar : add tracer_emb
2025-09-06 10:09:11,858 [INFO] IPUIPlugin:80 - create IPUIPlugin
2025-09-06 10:09:11,858 [INFO] PluginManager:220 - loadIPPluginJar : add ts
2025-09-06 10:09:11,903 [INFO] IPUIPlugin:80 - create IPUIPlugin
2025-09-06 10:09:11,903 [INFO] PluginManager:220 - loadIPPluginJar : add tsc
2025-09-06 10:09:11,947 [INFO] IPUIPlugin:80 - create IPUIPlugin
2025-09-06 10:09:11,947 [INFO] PluginManager:220 - loadIPPluginJar : add ucpd
2025-09-06 10:09:12,029 [INFO] IPUIPlugin:80 - create IPUIPlugin
2025-09-06 10:09:12,029 [INFO] PluginManager:220 - loadIPPluginJar : add usart
2025-09-06 10:09:12,104 [INFO] IPUIPlugin:80 - create IPUIPlugin
2025-09-06 10:09:12,104 [INFO] PluginManager:220 - loadIPPluginJar : add usbx
2025-09-06 10:09:12,281 [FATAL] Updater:351 - Updater called before beeing initialized
2025-09-06 10:09:12,346 [INFO] RulesReader:64 - Compatibility file has been processed (317 Rules)
2025-09-06 10:09:12,367 [INFO] RulesReader:64 - Compatibility file has been processed (317 Rules)
2025-09-06 10:09:12,384 [INFO] CADModel:165 - CPN selected for project level
2025-09-06 10:09:12,384 [INFO] CADModel:114 - Register for checkConnection events
2025-09-06 10:09:12,384 [FATAL] Updater:351 - Updater called before beeing initialized
2025-09-06 10:09:12,384 [ERROR] CADModel:125 - Updater not yet initialized, retry later 
2025-09-06 10:09:12,516 [INFO] ThirdPartyUpdaterWithRetryManager:70 - Updater plugin not ready yet. [3/15]
2025-09-06 10:09:12,737 [FATAL] Updater:351 - Updater called before beeing initialized
2025-09-06 10:09:12,742 [INFO] CADModel:165 - CPN selected for project level
2025-09-06 10:09:12,742 [INFO] CADModel:114 - Register for checkConnection events
2025-09-06 10:09:12,742 [FATAL] Updater:351 - Updater called before beeing initialized
2025-09-06 10:09:12,742 [ERROR] CADModel:125 - Updater not yet initialized, retry later 
2025-09-06 10:09:12,742 [FATAL] Updater:351 - Updater called before beeing initialized
2025-09-06 10:09:12,950 [FATAL] Updater:351 - Updater called before beeing initialized
2025-09-06 10:09:12,962 [INFO] DbMcusAds:53 - JSON generation date=Tue Jul 08 13:44:23 IST 2025 (1751962463582)
2025-09-06 10:09:12,962 [FATAL] Updater:351 - Updater called before beeing initialized
2025-09-06 10:09:13,055 [WARN] DetailPanel:346 - Failed to get advertising image, set to default
2025-09-06 10:09:13,180 [FATAL] Updater:351 - Updater called before beeing initialized
2025-09-06 10:09:13,184 [FATAL] Updater:351 - Updater called before beeing initialized
2025-09-06 10:09:13,184 [FATAL] Updater:351 - Updater called before beeing initialized
2025-09-06 10:09:13,184 [WARN] DetailPanel:346 - Failed to get advertising image, set to default
2025-09-06 10:09:13,184 [FATAL] Updater:351 - Updater called before beeing initialized
2025-09-06 10:09:13,434 [ERROR] Updater:1198 - MainUpdater not yet initialized. External WinMGr cannot be set.
2025-09-06 10:09:13,452 [INFO] Updater:1134 - Updater Version found : 6.15.0
2025-09-06 10:09:13,478 [INFO] ApplicationProperties:184 - Using Application install path: C:\ST\STM32CubeIDE_1.19.0\STM32CubeIDE\plugins\com.st.stm32cube.common.mx_6.15.0.202507011659
2025-09-06 10:09:15,117 [ERROR] LogOutputStream:75 - [STDERR_REDIRECT] Sep 06, 2025 10:09:15 AM java.util.prefs.WindowsPreferences <init>
2025-09-06 10:09:15,119 [ERROR] LogOutputStream:75 - [STDERR_REDIRECT] WARNING: Could not open/create prefs root node Software\JavaSoft\Prefs at root 0xffffffff80000002. Windows RegCreateKeyEx(...) returned error code 5.
2025-09-06 10:09:15,119 [ERROR] LogOutputStream:75 - [STDERR_REDIRECT] 
2025-09-06 10:09:15,527 [FATAL] Updater:351 - Updater called before beeing initialized
2025-09-06 10:09:15,527 [ERROR] IntegrityCheckThread:130 - Cannot retrieve database content from updater: error 21
2025-09-06 10:09:15,531 [INFO] ThirdParty:978 - Integrity check success = false
2025-09-06 10:09:15,531 [INFO] IntegrityCheckThread:100 - exiting critical section [integrity check]
2025-09-06 10:09:15,531 [INFO] IntegrityCheckThread:103 - End integrity checks thread
2025-09-06 10:09:15,975 [INFO] MainUpdater:2872 - connection check result : 10
2025-09-06 10:09:15,975 [INFO] MainUpdater:3604 - Updater definition file requires update
2025-09-06 10:09:15,979 [INFO] MainUpdater:289 - Updater Check For Update Now.
2025-09-06 10:09:15,979 [INFO] MicroXplorer:498 - Change Database Version : DB.6.0.150
2025-09-06 10:09:16,004 [INFO] McuFinderGlobals:63 - Set McuFinder mode to 2 (CubeIDE integrated)
2025-09-06 10:09:16,004 [INFO] UserAuth:171 - activating auth plugin
2025-09-06 10:09:16,014 [INFO] UserAuth:487 - Internet connection configuration mode: 1
2025-09-06 10:09:16,067 [INFO] JxBrowserEngine:152 - Initiate JxBrowser Engine with user profile folder
2025-09-06 10:09:16,487 [INFO] ServerAccessManage:452 - Complete download http(s) 200
2025-09-06 10:09:16,489 [INFO] ServerAccessManage:509 - Download File updaters.zip
2025-09-06 10:09:17,294 [INFO] FileExtend:248 - Unzip File : updaters.zip
2025-09-06 10:09:17,294 [INFO] FileExtend:263 - Standard Zip Deflate
2025-09-06 10:09:21,515 [INFO] ServerAccessManage:452 - Complete download http(s) 200
2025-09-06 10:09:21,515 [INFO] ServerAccessManage:509 - Download File PacksControlFlags.xml
2025-09-06 10:09:21,829 [INFO] ServerAccessManage:452 - Complete download http(s) 200
2025-09-06 10:09:21,829 [INFO] ServerAccessManage:509 - Download File cubemx.pidx
2025-09-06 10:09:23,227 [INFO] ServerAccessManage:452 - Complete download http(s) 200
2025-09-06 10:09:23,227 [INFO] ServerAccessManage:509 - Download File STMicroelectronics.FP-ATR-ASTRA1.pdsc
2025-09-06 10:09:28,558 [INFO] ServerAccessManage:452 - Complete download http(s) 200
2025-09-06 10:09:28,559 [INFO] ServerAccessManage:509 - Download File STMicroelectronics.FP-ATR-SIGFOX1.pdsc
2025-09-06 10:09:30,466 [INFO] ServerAccessManage:452 - Complete download http(s) 200
2025-09-06 10:09:30,467 [INFO] ServerAccessManage:509 - Download File STMicroelectronics.FP-SNS-STBOX1.pdsc
2025-09-06 10:09:33,816 [INFO] ServerAccessManage:452 - Complete download http(s) 200
2025-09-06 10:09:33,816 [INFO] ServerAccessManage:509 - Download File STMicroelectronics.FP-SNS-FLIGHT1.pdsc
2025-09-06 10:09:37,272 [INFO] ServerAccessManage:452 - Complete download http(s) 200
2025-09-06 10:09:37,273 [INFO] ServerAccessManage:509 - Download File STMicroelectronics.FP-SNS-MOTENV1.pdsc
2025-09-06 10:09:37,349 [INFO] WebApp:169 - Instantiating new browser for Auth
2025-09-06 10:09:40,096 [INFO] ServerAccessManage:452 - Complete download http(s) 200
2025-09-06 10:09:40,096 [INFO] ServerAccessManage:509 - Download File STMicroelectronics.FP-SNS-MOTENVWB1.pdsc
2025-09-06 10:09:41,495 [INFO] WebApp:463 - Apply proxy settings
2025-09-06 10:09:41,557 [INFO] WebApp:548 - Chromium requires no authentication
2025-09-06 10:09:41,612 [INFO] WebApp:491 - Direct internet connection detected
2025-09-06 10:09:41,758 [INFO] WebApp:900 - Register for checkConnection events
2025-09-06 10:09:41,759 [INFO] WebApp:463 - Apply proxy settings
2025-09-06 10:09:41,759 [INFO] WebApp:548 - Chromium requires no authentication
2025-09-06 10:09:41,761 [INFO] WebApp:491 - Direct internet connection detected
2025-09-06 10:09:42,743 [INFO] ServerAccessManage:452 - Complete download http(s) 200
2025-09-06 10:09:42,743 [INFO] ServerAccessManage:509 - Download File STMicroelectronics.FP-SNS-SMARTAG2.pdsc
2025-09-06 10:09:42,914 [INFO] WebApp:225 - Starting web application
2025-09-06 10:09:42,917 [INFO] WebApp:593 - Web application path used C:\ST\STM32CubeIDE_1.19.0\STM32CubeIDE\plugins\com.st.stm32cube.common.mx_6.15.0.202507011659\db\plugins\mcufinder\reactClient1\index.html
2025-09-06 10:09:43,885 [INFO] WebApp:191 - Connection restablished
2025-09-06 10:09:44,555 [INFO] ServerAccessManage:452 - Complete download http(s) 200
2025-09-06 10:09:44,555 [INFO] ServerAccessManage:509 - Download File STMicroelectronics.FP-SNS-STAIOTCFT.pdsc
2025-09-06 10:09:47,329 [INFO] ServerAccessManage:452 - Complete download http(s) 200
2025-09-06 10:09:47,330 [INFO] ServerAccessManage:509 - Download File STMicroelectronics.X-CUBE-AI.pdsc
2025-09-06 10:09:59,397 [INFO] ServerAccessManage:452 - Complete download http(s) 200
2025-09-06 10:09:59,398 [INFO] ServerAccessManage:509 - Download File STMicroelectronics.X-CUBE-ALS.pdsc
2025-09-06 10:10:02,573 [INFO] ServerAccessManage:452 - Complete download http(s) 200
2025-09-06 10:10:02,573 [INFO] ServerAccessManage:509 - Download File STMicroelectronics.X-CUBE-BLE1.pdsc
2025-09-06 10:10:14,199 [ERROR] ServerAccessManage:1212 - Problem, file not found on Server
2025-09-06 10:10:14,831 [INFO] ServerAccessManage:452 - Complete download http(s) 200
2025-09-06 10:10:14,832 [INFO] ServerAccessManage:509 - Download File STMicroelectronics.X-CUBE-BLE2.pdsc
2025-09-06 10:10:22,330 [INFO] ServerAccessManage:452 - Complete download http(s) 200
2025-09-06 10:10:22,330 [INFO] ServerAccessManage:509 - Download File STMicroelectronics.X-CUBE-BLEMGR.pdsc
2025-09-06 10:10:25,073 [ERROR] ServerAccessManage:1212 - Problem, file not found on Server
2025-09-06 10:10:31,101 [INFO] ServerAccessManage:452 - Complete download http(s) 200
2025-09-06 10:10:31,104 [INFO] ServerAccessManage:509 - Download File STMicroelectronics.X-CUBE-DISPLAY.pdsc
2025-09-06 10:10:35,058 [INFO] ServerAccessManage:452 - Complete download http(s) 200
2025-09-06 10:10:35,058 [INFO] ServerAccessManage:509 - Download File STMicroelectronics.X-CUBE-DPOWER.pdsc
2025-09-06 10:10:37,386 [ERROR] ServerAccessManage:1212 - Problem, file not found on Server
2025-09-06 10:10:38,327 [ERROR] ServerAccessManage:1212 - Problem, file not found on Server
2025-09-06 10:10:39,305 [ERROR] ServerAccessManage:1212 - Problem, file not found on Server
2025-09-06 10:10:40,231 [ERROR] ServerAccessManage:1212 - Problem, file not found on Server
2025-09-06 10:10:41,319 [ERROR] ServerAccessManage:1212 - Problem, file not found on Server
2025-09-06 10:10:43,234 [ERROR] ServerAccessManage:1212 - Problem, file not found on Server
2025-09-06 10:10:44,414 [ERROR] ServerAccessManage:1212 - Problem, file not found on Server
2025-09-06 10:10:45,649 [ERROR] ServerAccessManage:1212 - Problem, file not found on Server
2025-09-06 10:10:46,938 [ERROR] ServerAccessManage:1212 - Problem, file not found on Server
2025-09-06 10:10:48,255 [ERROR] ServerAccessManage:1212 - Problem, file not found on Server
2025-09-06 10:10:49,294 [ERROR] ServerAccessManage:1212 - Problem, file not found on Server
2025-09-06 10:10:50,162 [INFO] ServerAccessManage:452 - Complete download http(s) 200
2025-09-06 10:10:50,163 [INFO] ServerAccessManage:509 - Download File STMicroelectronics.X-CUBE-EEPRMA1.pdsc
2025-09-06 10:10:52,935 [ERROR] ServerAccessManage:1212 - Problem, file not found on Server
2025-09-06 10:10:55,768 [ERROR] ServerAccessManage:1212 - Problem, file not found on Server
2025-09-06 10:10:59,306 [INFO] ServerAccessManage:452 - Complete download http(s) 200
2025-09-06 10:10:59,306 [INFO] ServerAccessManage:509 - Download File STMicroelectronics.X-CUBE-FREERTOS.pdsc
2025-09-06 10:11:03,846 [INFO] ServerAccessManage:452 - Complete download http(s) 200
2025-09-06 10:11:03,846 [INFO] ServerAccessManage:509 - Download File STMicroelectronics.X-CUBE-GNSS1.pdsc
2025-09-06 10:11:12,229 [ERROR] ServerAccessManage:1212 - Problem, file not found on Server
2025-09-06 10:11:13,559 [ERROR] ServerAccessManage:1212 - Problem, file not found on Server
2025-09-06 10:11:14,920 [ERROR] ServerAccessManage:1212 - Problem, file not found on Server
2025-09-06 10:11:16,028 [ERROR] ServerAccessManage:1212 - Problem, file not found on Server
2025-09-06 10:11:16,832 [ERROR] ServerAccessManage:1212 - Problem, file not found on Server
2025-09-06 10:11:17,788 [ERROR] ServerAccessManage:1212 - Problem, file not found on Server
2025-09-06 10:11:18,458 [INFO] ServerAccessManage:452 - Complete download http(s) 200
2025-09-06 10:11:18,459 [INFO] ServerAccessManage:509 - Download File STMicroelectronics.X-CUBE-ISPU.pdsc
2025-09-06 10:11:21,210 [INFO] ServerAccessManage:452 - Complete download http(s) 200
2025-09-06 10:11:21,210 [INFO] ServerAccessManage:509 - Download File STMicroelectronics.X-CUBE-IPS.pdsc
2025-09-06 10:11:24,959 [INFO] ServerAccessManage:452 - Complete download http(s) 200
2025-09-06 10:11:24,959 [INFO] ServerAccessManage:509 - Download File STMicroelectronics.X-CUBE-MEMS1.pdsc
2025-09-06 10:11:46,911 [INFO] ServerAccessManage:452 - Complete download http(s) 200
2025-09-06 10:11:46,918 [INFO] ServerAccessManage:509 - Download File STMicroelectronics.X-CUBE-NFC4.pdsc
2025-09-06 10:11:56,724 [INFO] ServerAccessManage:452 - Complete download http(s) 200
2025-09-06 10:11:56,725 [INFO] ServerAccessManage:509 - Download File STMicroelectronics.X-CUBE-NFC6.pdsc
2025-09-06 10:11:58,091 [INFO] ServerAccessManage:452 - Complete download http(s) 200
2025-09-06 10:11:58,092 [INFO] ServerAccessManage:509 - Download File STMicroelectronics.X-CUBE-NFC7.pdsc
2025-09-06 10:11:59,923 [INFO] ServerAccessManage:452 - Complete download http(s) 200
2025-09-06 10:11:59,923 [INFO] ServerAccessManage:509 - Download File STMicroelectronics.X-CUBE-NFC9.pdsc
2025-09-06 10:12:00,826 [INFO] ServerAccessManage:452 - Complete download http(s) 200
2025-09-06 10:12:00,826 [INFO] ServerAccessManage:509 - Download File STMicroelectronics.X-CUBE-NFC10.pdsc
2025-09-06 10:12:01,945 [INFO] ServerAccessManage:452 - Complete download http(s) 200
2025-09-06 10:12:01,948 [INFO] ServerAccessManage:509 - Download File STMicroelectronics.X-CUBE-NFC12.pdsc
2025-09-06 10:12:03,946 [INFO] ServerAccessManage:452 - Complete download http(s) 200
2025-09-06 10:12:03,946 [INFO] ServerAccessManage:509 - Download File STMicroelectronics.X-CUBE-SFXS2LP1.pdsc
2025-09-06 10:12:06,505 [INFO] ServerAccessManage:452 - Complete download http(s) 200
2025-09-06 10:12:06,507 [INFO] ServerAccessManage:509 - Download File STMicroelectronics.X-CUBE-SAFEA1.pdsc
2025-09-06 10:12:07,372 [INFO] ServerAccessManage:452 - Complete download http(s) 200
2025-09-06 10:12:07,372 [INFO] ServerAccessManage:509 - Download File STMicroelectronics.X-CUBE-SUBG2.pdsc
2025-09-06 10:12:12,533 [INFO] ServerAccessManage:452 - Complete download http(s) 200
2025-09-06 10:12:12,533 [INFO] ServerAccessManage:509 - Download File STMicroelectronics.X-CUBE-SMBUS.pdsc
2025-09-06 10:12:13,490 [ERROR] ServerAccessManage:1212 - Problem, file not found on Server
2025-09-06 10:12:13,765 [INFO] ServerAccessManage:452 - Complete download http(s) 200
2025-09-06 10:12:13,766 [INFO] ServerAccessManage:509 - Download File STMicroelectronics.X-CUBE-ST60.pdsc
2025-09-06 10:12:14,485 [INFO] ServerAccessManage:452 - Complete download http(s) 200
2025-09-06 10:12:14,485 [INFO] ServerAccessManage:509 - Download File STMicroelectronics.X-CUBE-ST67W61.pdsc
2025-09-06 10:12:15,281 [INFO] ServerAccessManage:452 - Complete download http(s) 200
2025-09-06 10:12:15,281 [INFO] ServerAccessManage:509 - Download File STMicroelectronics.X-CUBE-STSE01.pdsc
2025-09-06 10:12:15,854 [INFO] ServerAccessManage:452 - Complete download http(s) 200
2025-09-06 10:12:15,854 [INFO] ServerAccessManage:509 - Download File STMicroelectronics.X-CUBE-PM33A1.pdsc
2025-09-06 10:12:16,343 [INFO] ServerAccessManage:452 - Complete download http(s) 200
2025-09-06 10:12:16,343 [INFO] ServerAccessManage:509 - Download File STMicroelectronics.X-CUBE-TCPP.pdsc
2025-09-06 10:12:17,148 [INFO] ServerAccessManage:452 - Complete download http(s) 200
2025-09-06 10:12:17,148 [INFO] ServerAccessManage:509 - Download File STMicroelectronics.X-CUBE-TOF1.pdsc
2025-09-06 10:12:23,534 [ERROR] ServerAccessManage:1212 - Problem, file not found on Server
2025-09-06 10:12:24,287 [INFO] ServerAccessManage:452 - Complete download http(s) 200
2025-09-06 10:12:24,288 [INFO] ServerAccessManage:509 - Download File STMicroelectronics.X-CUBE-TOUCHGFX.pdsc
2025-09-06 10:12:38,435 [INFO] ServerAccessManage:452 - Complete download http(s) 200
2025-09-06 10:12:38,440 [INFO] ServerAccessManage:509 - Download File STMicroelectronics.X-CUBE-ALGOBUILD.pdsc
2025-09-06 10:12:40,165 [INFO] ServerAccessManage:452 - Complete download http(s) 200
2025-09-06 10:12:40,169 [INFO] ServerAccessManage:509 - Download File STMicroelectronics.X-CUBE-AZRTOS-H7.pdsc
2025-09-06 10:12:43,315 [INFO] ServerAccessManage:452 - Complete download http(s) 200
2025-09-06 10:12:43,316 [INFO] ServerAccessManage:509 - Download File STMicroelectronics.X-CUBE-AZRTOS-H7RS.pdsc
2025-09-06 10:12:46,744 [INFO] ServerAccessManage:452 - Complete download http(s) 200
2025-09-06 10:12:46,744 [INFO] ServerAccessManage:509 - Download File STMicroelectronics.X-CUBE-AZRTOS-F4.pdsc
2025-09-06 10:12:48,652 [INFO] ServerAccessManage:452 - Complete download http(s) 200
2025-09-06 10:12:48,652 [INFO] ServerAccessManage:509 - Download File STMicroelectronics.X-CUBE-AZRTOS-F7.pdsc
2025-09-06 10:12:50,820 [INFO] ServerAccessManage:452 - Complete download http(s) 200
2025-09-06 10:12:50,821 [INFO] ServerAccessManage:509 - Download File STMicroelectronics.X-CUBE-AZRTOS-L4.pdsc
2025-09-06 10:12:53,528 [INFO] ServerAccessManage:452 - Complete download http(s) 200
2025-09-06 10:12:53,542 [INFO] ServerAccessManage:509 - Download File STMicroelectronics.X-CUBE-AZRTOS-L5.pdsc
2025-09-06 10:12:56,273 [INFO] ServerAccessManage:452 - Complete download http(s) 200
2025-09-06 10:12:56,274 [INFO] ServerAccessManage:509 - Download File STMicroelectronics.X-CUBE-AZRTOS-G0.pdsc
2025-09-06 10:12:58,195 [INFO] ServerAccessManage:452 - Complete download http(s) 200
2025-09-06 10:12:58,196 [INFO] ServerAccessManage:509 - Download File STMicroelectronics.X-CUBE-AZRTOS-G4.pdsc
2025-09-06 10:13:00,029 [INFO] ServerAccessManage:452 - Complete download http(s) 200
2025-09-06 10:13:00,029 [INFO] ServerAccessManage:509 - Download File STMicroelectronics.X-CUBE-AZRTOS-WB.pdsc
2025-09-06 10:13:02,336 [INFO] ServerAccessManage:452 - Complete download http(s) 200
2025-09-06 10:13:02,337 [INFO] ServerAccessManage:509 - Download File STMicroelectronics.X-CUBE-AZRTOS-WL.pdsc
2025-09-06 10:13:04,454 [INFO] ServerAccessManage:452 - Complete download http(s) 200
2025-09-06 10:13:04,454 [INFO] ServerAccessManage:509 - Download File STMicroelectronics.X-CUBE-WB05N.pdsc
2025-09-06 10:13:08,709 [INFO] ServerAccessManage:452 - Complete download http(s) 200
2025-09-06 10:13:08,710 [INFO] ServerAccessManage:509 - Download File wolfSSL.I-CUBE-wolfSSL.pdsc
2025-09-06 10:13:39,969 [ERROR] ServerAccessManage:1212 - Problem, file not found on Server
2025-09-06 10:13:41,631 [ERROR] ServerAccessManage:1212 - Problem, file not found on Server
2025-09-06 10:13:42,704 [ERROR] ServerAccessManage:1212 - Problem, file not found on Server
2025-09-06 10:13:43,304 [INFO] ServerAccessManage:452 - Complete download http(s) 200
2025-09-06 10:13:43,311 [INFO] ServerAccessManage:509 - Download File wolfSSL.I-CUBE-wolfMQTT.pdsc
2025-09-06 10:13:54,642 [ERROR] ServerAccessManage:1212 - Problem, file not found on Server
2025-09-06 10:13:55,223 [INFO] ServerAccessManage:452 - Complete download http(s) 200
2025-09-06 10:13:55,225 [INFO] ServerAccessManage:509 - Download File wolfSSL.I-CUBE-wolfTPM.pdsc
2025-09-06 10:14:07,502 [INFO] ServerAccessManage:452 - Complete download http(s) 200
2025-09-06 10:14:07,502 [INFO] ServerAccessManage:509 - Download File wolfSSL.I-CUBE-wolfSSH.pdsc
2025-09-06 10:14:18,272 [INFO] ServerAccessManage:452 - Complete download http(s) 200
2025-09-06 10:14:18,272 [INFO] ServerAccessManage:509 - Download File RealThread.X-CUBE-RT-Thread_Nano.pdsc
2025-09-06 10:14:26,651 [INFO] ServerAccessManage:452 - Complete download http(s) 200
2025-09-06 10:14:26,653 [INFO] ServerAccessManage:509 - Download File SEGGER.I-CUBE-embOS.pdsc
2025-09-06 10:14:36,592 [INFO] ServerAccessManage:452 - Complete download http(s) 200
2025-09-06 10:14:36,637 [INFO] ServerAccessManage:509 - Download File emotas.I-CUBE-CANOPEN.pdsc
2025-09-06 10:14:46,278 [INFO] ServerAccessManage:452 - Complete download http(s) 200
2025-09-06 10:14:46,282 [INFO] ServerAccessManage:509 - Download File WES.I-CUBE-Cesium.pdsc
2025-09-06 10:14:48,966 [ERROR] ServerAccessManage:1212 - Problem, file not found on Server
2025-09-06 10:14:49,677 [ERROR] ServerAccessManage:1212 - Problem, file not found on Server
2025-09-06 10:14:52,754 [INFO] ServerAccessManage:452 - Complete download http(s) 200
2025-09-06 10:14:52,754 [INFO] ServerAccessManage:509 - Download File ITTIA_DB.I-CUBE-ITTIADB.pdsc
2025-09-06 10:15:04,229 [INFO] ServerAccessManage:452 - Complete download http(s) 200
2025-09-06 10:15:04,230 [INFO] ServerAccessManage:509 - Download File Infineon.AIROC-Wi-Fi-Bluetooth-STM32.pdsc
2025-09-06 10:15:21,219 [INFO] ServerAccessManage:452 - Complete download http(s) 200
2025-09-06 10:15:21,219 [INFO] ServerAccessManage:509 - Download File Cesanta.I-CUBE-Mongoose.pdsc
2025-09-06 10:15:31,461 [INFO] ServerAccessManage:452 - Complete download http(s) 200
2025-09-06 10:15:31,462 [INFO] ServerAccessManage:509 - Download File EmbeddedOffice.I-CUBE-FS-RTOS.pdsc
2025-09-06 10:15:36,097 [INFO] ServerAccessManage:452 - Complete download http(s) 200
2025-09-06 10:15:36,097 [INFO] ServerAccessManage:509 - Download File quantropi.X-CUBE-qispace-sdk-base.pdsc
2025-09-06 10:15:40,161 [INFO] ServerAccessManage:452 - Complete download http(s) 200
2025-09-06 10:15:40,161 [INFO] ServerAccessManage:509 - Download File Avnet-IotConnect.X-CUBE-IoTC-DA16k-PMOD.pdsc
2025-09-06 10:15:44,461 [INFO] CheckServerUpdateThread:120 - End of CheckServer Thread
2025-09-06 10:15:46,195 [WARN] PackLoader:240 - Cannot read IP mode file for STMicroelectronics.FP-ATR-ASTRA1.2.0.2
2025-09-06 10:15:46,307 [WARN] PackLoader:240 - Cannot read IP mode file for STMicroelectronics.FP-ATR-SIGFOX1.3.2.0
2025-09-06 10:15:46,404 [WARN] PackLoader:240 - Cannot read IP mode file for STMicroelectronics.FP-SNS-STBOX1.2.1.0
2025-09-06 10:15:46,703 [WARN] PackLoader:240 - Cannot read IP mode file for STMicroelectronics.FP-SNS-FLIGHT1.5.1.0
2025-09-06 10:15:46,729 [WARN] PackLoader:240 - Cannot read IP mode file for STMicroelectronics.FP-SNS-MOTENV1.5.0.0
2025-09-06 10:15:46,900 [WARN] PackLoader:240 - Cannot read IP mode file for STMicroelectronics.FP-SNS-MOTENVWB1.1.4.0
2025-09-06 10:15:47,242 [WARN] PackLoader:240 - Cannot read IP mode file for STMicroelectronics.FP-SNS-SMARTAG2.1.2.0
2025-09-06 10:15:47,861 [WARN] PackLoader:240 - Cannot read IP mode file for STMicroelectronics.FP-SNS-STAIOTCFT.1.0.0
2025-09-06 10:15:47,970 [WARN] PackLoader:240 - Cannot read IP mode file for STMicroelectronics.X-CUBE-AI.10.2.0
2025-09-06 10:15:48,010 [WARN] PackLoader:240 - Cannot read IP mode file for STMicroelectronics.X-CUBE-ALS.1.0.2
2025-09-06 10:15:48,095 [WARN] PackLoader:240 - Cannot read IP mode file for STMicroelectronics.X-CUBE-BLE1.7.1.0
2025-09-06 10:15:48,161 [WARN] PackLoader:240 - Cannot read IP mode file for STMicroelectronics.X-CUBE-BLE2.3.3.0
2025-09-06 10:15:48,474 [WARN] PackLoader:240 - Cannot read IP mode file for STMicroelectronics.X-CUBE-BLEMGR.4.1.0
2025-09-06 10:15:48,902 [WARN] PackLoader:240 - Cannot read IP mode file for STMicroelectronics.X-CUBE-DISPLAY.3.0.0
2025-09-06 10:15:49,473 [WARN] PackLoader:240 - Cannot read IP mode file for STMicroelectronics.X-CUBE-DPower.1.3.0
2025-09-06 10:15:49,504 [WARN] PackLoader:240 - Cannot read IP mode file for STMicroelectronics.X-CUBE-EEPRMA1.5.2.0
2025-09-06 10:15:49,541 [WARN] PackLoader:240 - Cannot read IP mode file for STMicroelectronics.X-CUBE-FREERTOS.1.3.1
2025-09-06 10:15:49,560 [WARN] PackLoader:240 - Cannot read IP mode file for STMicroelectronics.X-CUBE-GNSS1.7.0.1
2025-09-06 10:15:49,579 [WARN] PackLoader:240 - Cannot read IP mode file for STMicroelectronics.X-CUBE-ISPU.2.1.0
2025-09-06 10:15:49,629 [WARN] PackLoader:240 - Cannot read IP mode file for STMicroelectronics.X-CUBE-IPS.3.1.0
2025-09-06 10:15:50,039 [WARN] PackLoader:240 - Cannot read IP mode file for STMicroelectronics.X-CUBE-MEMS1.11.3.0
2025-09-06 10:15:50,468 [WARN] PackLoader:240 - Cannot read IP mode file for STMicroelectronics.X-CUBE-NFC4.3.0.0
2025-09-06 10:15:50,498 [WARN] PackLoader:240 - Cannot read IP mode file for STMicroelectronics.X-CUBE-NFC6.3.1.0
2025-09-06 10:15:50,510 [WARN] PackLoader:240 - Cannot read IP mode file for STMicroelectronics.X-CUBE-NFC7.2.0.0
2025-09-06 10:15:50,523 [WARN] PackLoader:240 - Cannot read IP mode file for STMicroelectronics.X-CUBE-NFC9.1.0.0
2025-09-06 10:15:50,536 [WARN] PackLoader:240 - Cannot read IP mode file for STMicroelectronics.X-CUBE-NFC10.1.0.0
2025-09-06 10:15:50,549 [WARN] PackLoader:240 - Cannot read IP mode file for STMicroelectronics.X-CUBE-NFC12.1.0.0
2025-09-06 10:15:50,571 [WARN] PackLoader:240 - Cannot read IP mode file for STMicroelectronics.X-CUBE-SFXS2LP1.4.0.0
2025-09-06 10:15:50,590 [WARN] PackLoader:240 - Cannot read IP mode file for STMicroelectronics.X-CUBE-SAFEA1.1.2.2
2025-09-06 10:15:50,607 [WARN] PackLoader:240 - Cannot read IP mode file for STMicroelectronics.X-CUBE-SUBG2.5.0.0
2025-09-06 10:15:50,620 [WARN] PackLoader:240 - Cannot read IP mode file for STMicroelectronics.X-CUBE-SMBUS.2.1.0
2025-09-06 10:15:50,627 [WARN] PackLoader:240 - Cannot read IP mode file for STMicroelectronics.X-CUBE-ST60.1.0.0
2025-09-06 10:15:50,650 [WARN] PackLoader:240 - Cannot read IP mode file for STMicroelectronics.X-CUBE-ST67W61.1.0.0
2025-09-06 10:15:50,661 [WARN] PackLoader:240 - Cannot read IP mode file for STMicroelectronics.X-CUBE-STSE01.1.0.0
2025-09-06 10:15:50,673 [WARN] PackLoader:240 - Cannot read IP mode file for STMicroelectronics.X-CUBE-PM33A1.1.0.0
2025-09-06 10:15:50,688 [WARN] PackLoader:240 - Cannot read IP mode file for STMicroelectronics.X-CUBE-TCPP.4.2.0
2025-09-06 10:15:50,706 [WARN] PackLoader:240 - Cannot read IP mode file for STMicroelectronics.X-CUBE-TOF1.3.4.3
2025-09-06 10:15:50,755 [WARN] PackLoader:240 - Cannot read IP mode file for STMicroelectronics.X-CUBE-TOUCHGFX.4.25.0
2025-09-06 10:15:50,764 [WARN] PackLoader:240 - Cannot read IP mode file for STMicroelectronics.X-CUBE-ALGOBUILD.1.4.0
2025-09-06 10:15:50,794 [WARN] PackLoader:240 - Cannot read IP mode file for STMicroelectronics.X-CUBE-AZRTOS-H7.3.4.0
2025-09-06 10:15:50,842 [WARN] PackLoader:240 - Cannot read IP mode file for STMicroelectronics.X-CUBE-AZRTOS-H7RS.1.1.0
2025-09-06 10:15:50,882 [WARN] PackLoader:240 - Cannot read IP mode file for STMicroelectronics.X-CUBE-AZRTOS-F4.1.1.0
2025-09-06 10:15:50,911 [WARN] PackLoader:240 - Cannot read IP mode file for STMicroelectronics.X-CUBE-AZRTOS-F7.1.1.0
2025-09-06 10:15:50,944 [WARN] ConditionMgr:438 - getConditionDescription Invalid condition id : LAN8742 Phy interface Condition cause : null
2025-09-06 10:15:50,946 [WARN] PackLoader:240 - Cannot read IP mode file for STMicroelectronics.X-CUBE-AZRTOS-L4.2.0.0
2025-09-06 10:15:50,948 [WARN] ConditionMgr:1044 - genDependencies : Invalid condition id : LAN8742 Phy interface Condition cause : null
2025-09-06 10:15:50,953 [WARN] ConditionMgr:1044 - genDependencies : Invalid condition id : LAN8742 Phy interface Condition cause : null
2025-09-06 10:15:50,955 [WARN] ConditionMgr:1044 - genDependencies : Invalid condition id : LAN8742 Phy interface Condition cause : null
2025-09-06 10:15:50,979 [WARN] PackLoader:240 - Cannot read IP mode file for STMicroelectronics.X-CUBE-AZRTOS-L5.2.0.0
2025-09-06 10:15:51,005 [WARN] PackLoader:240 - Cannot read IP mode file for STMicroelectronics.X-CUBE-AZRTOS-G0.1.1.0
2025-09-06 10:15:51,030 [WARN] PackLoader:240 - Cannot read IP mode file for STMicroelectronics.X-CUBE-AZRTOS-G4.2.0.0
2025-09-06 10:15:51,054 [WARN] ConditionMgr:438 - getConditionDescription Invalid condition id : UX DEVICE CLASS RTOS Condition cause : null
2025-09-06 10:15:51,054 [WARN] ConditionMgr:438 - getConditionDescription Invalid condition id : UX DEVICE CLASS RTOS Condition cause : null
2025-09-06 10:15:51,059 [WARN] PackLoader:240 - Cannot read IP mode file for STMicroelectronics.X-CUBE-AZRTOS-WB.2.0.0
2025-09-06 10:15:51,059 [WARN] ConditionMgr:1044 - genDependencies : Invalid condition id : UX DEVICE CLASS RTOS Condition cause : null
2025-09-06 10:15:51,061 [WARN] ConditionMgr:1044 - genDependencies : Invalid condition id : UX DEVICE CLASS RTOS Condition cause : null
2025-09-06 10:15:51,061 [WARN] ConditionMgr:1044 - genDependencies : Invalid condition id : UX DEVICE CLASS RTOS Condition cause : null
2025-09-06 10:15:51,061 [WARN] ConditionMgr:1044 - genDependencies : Invalid condition id : UX DEVICE CLASS RTOS Condition cause : null
2025-09-06 10:15:51,061 [WARN] ConditionMgr:1044 - genDependencies : Invalid condition id : UX DEVICE CLASS RTOS Condition cause : null
2025-09-06 10:15:51,124 [INFO] LogOutputStream:77 - [STDOUT_REDIRECT] 1 : Invalid condition id : UX_CORESTACK_Condition cause : null
2025-09-06 10:15:51,136 [INFO] LogOutputStream:77 - [STDOUT_REDIRECT] 1 : Invalid condition id : UX_CORESTACK_Condition cause : null
2025-09-06 10:15:51,138 [INFO] LogOutputStream:77 - [STDOUT_REDIRECT] 1 : Invalid condition id : UX_CORESTACK_Condition cause : null
2025-09-06 10:15:51,140 [INFO] LogOutputStream:77 - [STDOUT_REDIRECT] 1 : Invalid condition id : UX_CORESTACK_Condition cause : null
2025-09-06 10:15:51,144 [INFO] LogOutputStream:77 - [STDOUT_REDIRECT] 1 : Invalid condition id : UX_CORESTACK_Condition cause : null
2025-09-06 10:15:51,148 [WARN] PackLoader:240 - Cannot read IP mode file for STMicroelectronics.X-CUBE-AZRTOS-WL.2.0.0
2025-09-06 10:15:51,160 [WARN] PackLoader:240 - Cannot read IP mode file for STMicroelectronics.X-CUBE-WB05N.2.0.0
2025-09-06 10:15:51,183 [WARN] PackLoader:240 - Cannot read IP mode file for wolfSSL.I-CUBE-wolfSSL.5.8.2
2025-09-06 10:15:51,223 [WARN] PackLoader:240 - Cannot read IP mode file for wolfSSL.I-CUBE-wolfMQTT.1.19.2
2025-09-06 10:15:51,228 [WARN] PackLoader:240 - Cannot read IP mode file for wolfSSL.I-CUBE-wolfTPM.3.8.0
2025-09-06 10:15:51,316 [WARN] PackLoader:240 - Cannot read IP mode file for wolfSSL.I-CUBE-wolfSSH.1.4.20
2025-09-06 10:15:51,372 [WARN] PackLoader:240 - Cannot read IP mode file for RealThread.X-CUBE-RT-Thread_Nano.4.1.1
2025-09-06 10:15:51,572 [WARN] PackLoader:240 - Cannot read IP mode file for SEGGER.I-CUBE-embOS.1.3.1
2025-09-06 10:15:51,644 [WARN] PackLoader:240 - Cannot read IP mode file for emotas.I-CUBE-CANOPEN.1.3.0
2025-09-06 10:15:51,659 [WARN] PackLoader:240 - Cannot read IP mode file for WES.I-CUBE-Cesium.1.4.0
2025-09-06 10:15:51,667 [WARN] PackLoader:240 - Cannot read IP mode file for ITTIA_DB.I-CUBE-ITTIADB.8.9.0
2025-09-06 10:15:51,698 [WARN] PackLoader:240 - Cannot read IP mode file for Infineon.AIROC-Wi-Fi-Bluetooth-STM32.1.7.1
2025-09-06 10:15:51,715 [WARN] PackLoader:240 - Cannot read IP mode file for Cesanta.I-CUBE-Mongoose.7.13.0
2025-09-06 10:15:51,729 [WARN] PackLoader:240 - Cannot read IP mode file for EmbeddedOffice.I-CUBE-FS-RTOS.1.0.1
2025-09-06 10:15:51,741 [WARN] ConditionMgr:438 - getConditionDescription Invalid condition id : Cortex-A Device cause : null
2025-09-06 10:15:51,979 [WARN] ConditionMgr:1044 - genDependencies : Invalid condition id : Cortex-A Device cause : null
2025-09-06 10:15:51,979 [WARN] ConditionMgr:1044 - genDependencies : Invalid condition id : Cortex-A Device cause : null
2025-09-06 10:15:51,979 [WARN] ConditionMgr:1044 - genDependencies : Invalid condition id : Cortex-A Device cause : null
2025-09-06 10:15:51,996 [WARN] PackLoader:240 - Cannot read IP mode file for Avnet-IotConnect.X-CUBE-IoTC-DA16k-PMOD.1.0.0
2025-09-06 10:15:52,000 [INFO] PopulateThirdPartyThread:66 - Ending populate Thread
2025-09-06 10:15:52,143 [INFO] ThirdParty:1030 - CMSIS Pack Vendor :STMicroelectronics X-CUBE-PM33A1 1.0.0
2025-09-06 10:15:52,143 [INFO] ThirdParty:1030 - CMSIS Pack Vendor :STMicroelectronics X-CUBE-NFC9 1.0.0
2025-09-06 10:15:52,143 [INFO] ThirdParty:1030 - CMSIS Pack Vendor :STMicroelectronics FP-SNS-MOTENVWB1 1.4.0
2025-09-06 10:15:52,143 [INFO] ThirdParty:1030 - CMSIS Pack Vendor :STMicroelectronics X-CUBE-AZRTOS-F4 1.1.0
2025-09-06 10:15:52,143 [INFO] ThirdParty:1030 - CMSIS Pack Vendor :STMicroelectronics FP-ATR-ASTRA1 2.0.2
2025-09-06 10:15:52,143 [INFO] ThirdParty:1030 - CMSIS Pack Vendor :wolfSSL I-CUBE-wolfSSL 5.8.2
2025-09-06 10:15:52,143 [INFO] ThirdParty:1030 - CMSIS Pack Vendor :STMicroelectronics X-CUBE-BLE1 7.1.0
2025-09-06 10:15:52,144 [INFO] ThirdParty:1030 - CMSIS Pack Vendor :Avnet-IotConnect X-CUBE-IoTC-DA16k-PMOD 1.0.0
2025-09-06 10:15:52,146 [INFO] ThirdParty:1030 - CMSIS Pack Vendor :STMicroelectronics X-CUBE-SMBUS 2.1.0
2025-09-06 10:15:52,146 [INFO] ThirdParty:1030 - CMSIS Pack Vendor :wolfSSL I-CUBE-wolfMQTT 1.19.2
2025-09-06 10:15:52,146 [INFO] ThirdParty:1030 - CMSIS Pack Vendor :STMicroelectronics X-CUBE-ISPU 2.1.0
2025-09-06 10:15:52,146 [INFO] ThirdParty:1030 - CMSIS Pack Vendor :STMicroelectronics X-CUBE-BLEMGR 4.1.0
2025-09-06 10:15:52,146 [INFO] ThirdParty:1030 - CMSIS Pack Vendor :STMicroelectronics X-CUBE-EEPRMA1 5.2.0
2025-09-06 10:15:52,146 [INFO] ThirdParty:1030 - CMSIS Pack Vendor :STMicroelectronics X-CUBE-AZRTOS-WB 2.0.0
2025-09-06 10:15:52,146 [INFO] ThirdParty:1030 - CMSIS Pack Vendor :STMicroelectronics X-CUBE-ST60 1.0.0
2025-09-06 10:15:52,146 [INFO] ThirdParty:1030 - CMSIS Pack Vendor :STMicroelectronics X-CUBE-GNSS1 7.0.1
2025-09-06 10:15:52,146 [INFO] ThirdParty:1030 - CMSIS Pack Vendor :STMicroelectronics X-CUBE-NFC12 1.0.0
2025-09-06 10:15:52,146 [INFO] ThirdParty:1030 - CMSIS Pack Vendor :STMicroelectronics X-CUBE-TOUCHGFX 4.25.0
2025-09-06 10:15:52,148 [INFO] ThirdParty:1030 - CMSIS Pack Vendor :STMicroelectronics X-CUBE-AZRTOS-F7 1.1.0
2025-09-06 10:15:52,148 [INFO] ThirdParty:1030 - CMSIS Pack Vendor :STMicroelectronics X-CUBE-AZRTOS-L5 2.0.0
2025-09-06 10:15:52,148 [INFO] ThirdParty:1030 - CMSIS Pack Vendor :STMicroelectronics X-CUBE-NFC6 3.1.0
2025-09-06 10:15:52,148 [INFO] ThirdParty:1030 - CMSIS Pack Vendor :quantropi X-CUBE-qispace-sdk-base 2.1.0
2025-09-06 10:15:52,148 [INFO] ThirdParty:1030 - CMSIS Pack Vendor :STMicroelectronics X-CUBE-AZRTOS-G0 1.1.0
2025-09-06 10:15:52,148 [INFO] ThirdParty:1030 - CMSIS Pack Vendor :STMicroelectronics X-CUBE-NFC4 3.0.0
2025-09-06 10:15:52,148 [INFO] ThirdParty:1030 - CMSIS Pack Vendor :STMicroelectronics X-CUBE-SAFEA1 1.2.2
2025-09-06 10:15:52,148 [INFO] ThirdParty:1030 - CMSIS Pack Vendor :STMicroelectronics X-CUBE-SUBG2 5.0.0
2025-09-06 10:15:52,148 [INFO] ThirdParty:1030 - CMSIS Pack Vendor :STMicroelectronics X-CUBE-AZRTOS-H7RS 1.1.0
2025-09-06 10:15:52,148 [INFO] ThirdParty:1030 - CMSIS Pack Vendor :EmbeddedOffice I-CUBE-FS-RTOS 1.0.1
2025-09-06 10:15:52,150 [INFO] ThirdParty:1030 - CMSIS Pack Vendor :WES I-CUBE-Cesium 1.4.0
2025-09-06 10:15:52,150 [INFO] ThirdParty:1030 - CMSIS Pack Vendor :Cesanta I-CUBE-Mongoose 7.13.0
2025-09-06 10:15:52,150 [INFO] ThirdParty:1030 - CMSIS Pack Vendor :STMicroelectronics X-CUBE-AZRTOS-G4 2.0.0
2025-09-06 10:15:52,150 [INFO] ThirdParty:1030 - CMSIS Pack Vendor :Infineon AIROC-Wi-Fi-Bluetooth-STM32 1.7.1
2025-09-06 10:15:52,151 [INFO] ThirdParty:1030 - CMSIS Pack Vendor :STMicroelectronics X-CUBE-WB05N 2.0.0
2025-09-06 10:15:52,154 [INFO] ThirdParty:1030 - CMSIS Pack Vendor :wolfSSL I-CUBE-wolfTPM 3.8.0
2025-09-06 10:15:52,154 [INFO] ThirdParty:1030 - CMSIS Pack Vendor :STMicroelectronics X-CUBE-AZRTOS-H7 3.4.0
2025-09-06 10:15:52,156 [INFO] ThirdParty:1030 - CMSIS Pack Vendor :STMicroelectronics X-CUBE-DISPLAY 3.0.0
2025-09-06 10:15:52,156 [INFO] ThirdParty:1030 - CMSIS Pack Vendor :wolfSSL I-CUBE-wolfSSH 1.4.20
2025-09-06 10:15:52,156 [INFO] ThirdParty:1030 - CMSIS Pack Vendor :STMicroelectronics X-CUBE-NFC7 2.0.0
2025-09-06 10:15:52,156 [INFO] ThirdParty:1030 - CMSIS Pack Vendor :STMicroelectronics X-CUBE-TCPP 4.2.0
2025-09-06 10:15:52,156 [INFO] ThirdParty:1030 - CMSIS Pack Vendor :RealThread X-CUBE-RT-Thread_Nano 4.1.1
2025-09-06 10:15:52,158 [INFO] ThirdParty:1030 - CMSIS Pack Vendor :STMicroelectronics FP-ATR-SIGFOX1 3.2.0
2025-09-06 10:15:52,158 [INFO] ThirdParty:1030 - CMSIS Pack Vendor :STMicroelectronics X-CUBE-NFC10 1.0.0
2025-09-06 10:15:52,158 [INFO] ThirdParty:1030 - CMSIS Pack Vendor :STMicroelectronics X-CUBE-FREERTOS 1.3.1
2025-09-06 10:15:52,158 [INFO] ThirdParty:1030 - CMSIS Pack Vendor :STMicroelectronics X-CUBE-ALS 1.0.2
2025-09-06 10:15:52,160 [INFO] ThirdParty:1030 - CMSIS Pack Vendor :STMicroelectronics X-CUBE-IPS 3.1.0
2025-09-06 10:15:52,160 [INFO] ThirdParty:1030 - CMSIS Pack Vendor :emotas I-CUBE-CANOPEN 1.3.0
2025-09-06 10:15:52,160 [INFO] ThirdParty:1030 - CMSIS Pack Vendor :ITTIA_DB I-CUBE-ITTIADB 8.9.0
2025-09-06 10:15:52,160 [INFO] ThirdParty:1030 - CMSIS Pack Vendor :STMicroelectronics X-CUBE-STSE01 1.0.0
2025-09-06 10:15:52,164 [INFO] ThirdParty:1030 - CMSIS Pack Vendor :STMicroelectronics X-CUBE-ST67W61 1.0.0
2025-09-06 10:15:52,164 [INFO] ThirdParty:1030 - CMSIS Pack Vendor :STMicroelectronics FP-SNS-STBOX1 2.1.0
2025-09-06 10:15:52,164 [INFO] ThirdParty:1030 - CMSIS Pack Vendor :STMicroelectronics FP-SNS-STAIOTCFT 1.0.0
2025-09-06 10:15:52,164 [INFO] ThirdParty:1030 - CMSIS Pack Vendor :STMicroelectronics X-CUBE-AI 10.2.0
2025-09-06 10:15:52,164 [INFO] ThirdParty:1030 - CMSIS Pack Vendor :STMicroelectronics FP-SNS-SMARTAG2 1.2.0
2025-09-06 10:15:52,164 [INFO] ThirdParty:1030 - CMSIS Pack Vendor :STMicroelectronics FP-SNS-FLIGHT1 5.1.0
2025-09-06 10:15:52,164 [INFO] ThirdParty:1030 - CMSIS Pack Vendor :STMicroelectronics X-CUBE-AZRTOS-WL 2.0.0
2025-09-06 10:15:52,164 [INFO] ThirdParty:1030 - CMSIS Pack Vendor :SEGGER I-CUBE-embOS 1.3.1
2025-09-06 10:15:52,164 [INFO] ThirdParty:1030 - CMSIS Pack Vendor :STMicroelectronics X-CUBE-DPower 1.3.0
2025-09-06 10:15:52,164 [INFO] ThirdParty:1030 - CMSIS Pack Vendor :STMicroelectronics X-CUBE-ALGOBUILD 1.4.0
2025-09-06 10:15:52,164 [INFO] ThirdParty:1030 - CMSIS Pack Vendor :STMicroelectronics X-CUBE-MEMS1 11.3.0
2025-09-06 10:15:52,164 [INFO] ThirdParty:1030 - CMSIS Pack Vendor :STMicroelectronics FP-SNS-MOTENV1 5.0.0
2025-09-06 10:15:52,164 [INFO] ThirdParty:1030 - CMSIS Pack Vendor :STMicroelectronics X-CUBE-AZRTOS-L4 2.0.0
2025-09-06 10:15:52,164 [INFO] ThirdParty:1030 - CMSIS Pack Vendor :STMicroelectronics X-CUBE-SFXS2LP1 4.0.0
2025-09-06 10:15:52,164 [INFO] ThirdParty:1030 - CMSIS Pack Vendor :STMicroelectronics X-CUBE-BLE2 3.3.0
2025-09-06 10:15:52,164 [INFO] ThirdParty:1030 - CMSIS Pack Vendor :STMicroelectronics X-CUBE-TOF1 3.4.3
2025-09-06 10:15:52,173 [INFO] LoadServerUpdatesThread:375 - End of LoadServerUpdate Thread
2025-09-06 11:25:29,035 [INFO] McuFinderGlobals:63 - Set McuFinder mode to 2 (CubeIDE integrated)
2025-09-06 11:25:29,283 [INFO] MainUpdater:2872 - connection check result : 10
2025-09-06 11:25:33,680 [INFO] ApiDb:581 - Connected to CubeFinder SQLite database (C:\Users\aksha\.stmcufinder\plugins\mcufinder\mcu\cube-finder-db.db)
2025-09-06 11:25:33,870 [INFO] ApiDb:668 - CubeFinder database Data Model version=2.1
2025-09-06 11:25:33,872 [INFO] ApiDb:669 - CubeFinder database Configuration version=3.0.39
2025-09-06 11:25:33,882 [INFO] ApiDb:670 - CubeFinder database generation date=2025-07-24 (1753349077)
2025-09-06 11:25:33,882 [INFO] ApiDb:671 - CubeFinder database FW Pack versions=[FP-ATR-ASTRA1_V2.0.0, FP-SNS-FLIGHT1_V5.1.0, FP-SNS-MOTENV1_V5.0.0, FP-SNS-MOTENVWB1_V1.4.0, FP-SNS-SMARTAG2_V1.2.0, FP-SNS-STBOX1_V2.0.0, STM32Cube_FW_C0_V1.4.0, STM32Cube_FW_F4_V1.28.2, STM32Cube_FW_F7_V1.17.3, STM32Cube_FW_G0_V1.6.2, STM32Cube_FW_G4_V1.6.1, STM32Cube_FW_H5_V1.5.0, STM32Cube_FW_H7RS_V1.2.0, STM32Cube_FW_H7_V1.12.1, STM32Cube_FW_L0_V1.12.2, STM32Cube_FW_L4_V1.18.1, STM32Cube_FW_L5_V1.5.1, STM32Cube_FW_N6_V1.2.0, STM32Cube_FW_U0_V1.3.0, STM32Cube_FW_U3_V1.2.0, STM32Cube_FW_U5_V1.8.0, STM32Cube_FW_WB0_V1.3.0, STM32Cube_FW_WBA_V1.7.0, STM32Cube_FW_WB_V1.23.0, STM32Cube_FW_WL3_V1.2.0, STM32Cube_FW_WL_V1.3.1, X-CUBE-ALGOBUILD_V1.4.0, X-CUBE-ALS_V1.0.2, X-CUBE-AZRTOS-F4_V1.1.0, X-CUBE-AZRTOS-F7_V1.1.0, X-CUBE-AZRTOS-G0_V1.1.0, X-CUBE-AZRTOS-G4_V2.0.0, X-CUBE-AZRTOS-H7RS_V1.1.0, X-CUBE-AZRTOS-H7_V3.4.0, X-CUBE-AZRTOS-L4_V2.0.0, X-CUBE-AZRTOS-L5_V2.0.0, X-CUBE-AZRTOS-WB_V2.0.0, X-CUBE-AZRTOS-WL_V2.0.0, X-CUBE-BLE1_V7.1.0, X-CUBE-BLE2_V3.3.0, X-CUBE-BLEMGR_V4.1.0, X-CUBE-EEPRMA1_V5.2.0, X-CUBE-FREERTOS_V1.3.1, X-CUBE-GNSS1_V6.0.0, X-CUBE-MEMS1_V11.3.0, X-CUBE-NFC4_V3.0.0, X-CUBE-NFC7_V2.0.0, X-CUBE-SFXS2LP1_V4.0.0, X-CUBE-ST67W61_V1.0.0, X-CUBE-SUBG2_V5.0.0, X-CUBE-TOF1_V3.4.3]
2025-09-06 11:25:39,805 [INFO] ApiDb:240 - Found 880 in-development CPN: [B-G473E-ZEST1S, B-WB1M-WPAN1, B-WBA5M-WPAN, B-WL5M-SUBG1, NUCLEO-C031C6, NUCLEO-C051C8, NUCLEO-C071RB, NUCLEO-C092RC, NUCLEO-H503RB, NUCLEO-H533RE, NUCLEO-H563ZI, NUCLEO-H7S3L8, NUCLEO-N657X0-Q, NUCLEO-U031R8, NUCLEO-U083RC, NUCLEO-U385RG-Q, NUCLEO-U545RE-Q, NUCLEO-U5A5ZJ-Q, NUCLEO-WB05KZ, NUCLEO-WB07CC, NUCLEO-WB09KE, NUCLEO-WBA52CG, NUCLEO-WBA55CG, NUCLEO-WL33CC1, NUCLEO-WL33CC2, STEVAL-PROTEUS1, STEVAL-SMARTAG2, STEVAL-STWINBX1, STM320518-EVAL, STM32C0116-DK, STM32C011D6Y3TR, STM32C011D6Y6TR, STM32C011F4P3, STM32C011F4P6, STM32C011F4U3, STM32C011F4U6TR, STM32C011F6P3, STM32C011F6P6, STM32C011F6U3, STM32C011F6U6TR, STM32C011J4M3, STM32C011J4M6, STM32C011J6M3, STM32C011J6M6, STM32C0316-DK, STM32C031C4T3, STM32C031C4T6, STM32C031C4U3, STM32C031C4U6, STM32C031C6T3, STM32C031C6T6, STM32C031C6U3, STM32C031C6U6, STM32C031F4P3, STM32C031F4P6, STM32C031F6P3, STM32C031F6P6, STM32C031G4U3, STM32C031G4U6, STM32C031G6U3, STM32C031G6U6, STM32C031K4T3, STM32C031K4T6, STM32C031K4U3, STM32C031K4U6, STM32C031K6T3, STM32C031K6T6, STM32C031K6U3, STM32C031K6U6, STM32C051C6T6, STM32C051C6U6, STM32C051C8T6, STM32C051C8U6, STM32C051D8Y6TR, STM32C051F6P6, STM32C051F8P6, STM32C051G6U6, STM32C051G8U6, STM32C051K6T6, STM32C051K6U6, STM32C051K8T6, STM32C071C8T6, STM32C071C8T6N, STM32C071C8U6, STM32C071C8U6N, STM32C071CBT6, STM32C071CBT6N, STM32C071CBU6, STM32C071CBU6N, STM32C071F8P6, STM32C071F8P6N, STM32C071FBP6, STM32C071FBP6N, STM32C071FBY6TR, STM32C071G8U6, STM32C071G8U6N, STM32C071GBU6, STM32C071GBU6N, STM32C071K8T6, STM32C071K8T6N, STM32C071K8U6, STM32C071K8U6N, STM32C071KBT6, STM32C071KBT6N, STM32C071KBU6, STM32C071KBU6N, STM32C071R8T6, STM32C071R8T6N, STM32C071RBI6N, STM32C071RBT6, STM32C071RBT6N, STM32C091CBT6, STM32C091CBU6, STM32C091CCT6, STM32C091CCU6, STM32C091ECY6TR, STM32C091FBP6, STM32C091FCP6, STM32C091GBU6, STM32C091GCU6, STM32C091KBT6, STM32C091KBU6, STM32C091KCT6, STM32C091KCU6, STM32C091RBT6, STM32C091RCI6, STM32C091RCT6, STM32C092CBT6, STM32C092CBU6, STM32C092CCT6, STM32C092CCU6, STM32C092ECY6TR, STM32C092FBP6, STM32C092FCP6, STM32C092GBU6, STM32C092GCU6, STM32C092KBT6, STM32C092KBU6, STM32C092KCT6, STM32C092KCU6, STM32C092RBT6, STM32C092RCI6, STM32C092RCT6, STM32G071K8TXN, STM32G071K8UXN, STM32G081GBU6N, STM32G081KBT6N, STM32G081KBUXN, STM32G0B1CCT6N, STM32G0B1KCT6, STM32G0B1NEY6TR, STM32G0B1RCT6N, STM32G0C1CCT6, STM32G0C1CCT6N, STM32G0C1CCU6N, STM32G0C1CET6N, STM32G0C1CEU6N, STM32G0C1KCT6, STM32G0C1NEY6TR, STM32G0C1RCI6N, STM32G0C1RCT6N, STM32G0C1REI6N, STM32G0C1RET6N, STM32G0C1VCI6, STM32G0C1VEI6, STM32G411C6T3, STM32G411C6T6, STM32G411C6U3, STM32G411C6U6, STM32G411C8T3, STM32G411C8T6, STM32G411C8U3, STM32G411C8U6, STM32G411CBT3, STM32G411CBT6, STM32G411CBU3, STM32G411CBU6, STM32G411K6T3, STM32G411K6T6, STM32G411K6U3, STM32G411K6U6, STM32G411K8T3, STM32G411K8T6, STM32G411K8U3, STM32G411K8U6, STM32G411KBT3, STM32G411KBT6, STM32G411KBU3, STM32G411KBU6, STM32G411M6T3, STM32G411M6T6, STM32G411M8T3, STM32G411M8T6, STM32G411MBT3, STM32G411MBT6, STM32G411R6T3, STM32G411R6T6, STM32G411R8T3, STM32G411R8T6, STM32G411RBT3, STM32G411RBT6, STM32G414CBT3, STM32G414CBT6, STM32G414CBU3, STM32G414CBU6, STM32G414CCT3, STM32G414CCT6, STM32G414CCU3, STM32G414CCU6, STM32G414MBT3, STM32G414MBT6, STM32G414MCT3, STM32G414MCT6, STM32G414RBT3, STM32G414RBT6, STM32G414RCT3, STM32G414RCT6, STM32G414VBT3, STM32G414VBT6, STM32G414VCT3, STM32G414VCT6, STM32G431CBT3Z, STM32G431RBT3Z, STM32G471CCT6, STM32G471CCU6, STM32G471CET3, STM32G471CET6, STM32G471CEU3, STM32G471CEU6, STM32G471MCT6, STM32G471MET3, STM32G471MET6, STM32G471MEY6TR, STM32G471QCT6, STM32G471QET3, STM32G471RCT6, STM32G471RET3, STM32G471RET6, STM32G471VCH6, STM32G471VCI6, STM32G471VCT6, STM32G471VEH3, STM32G471VEH6, STM32G471VEI3, STM32G471VEI6, STM32G471VET3, STM32G471VET6, STM32G473QET3Z, STM32G473RET3Z, STM32G474CCT6, STM32G491RET3Z, STM32H503CBT6, STM32H503CBU6, STM32H503EBY6TR, STM32H503KBU6, STM32H503RBT6, STM32H523CCT6, STM32H523CCU6, STM32H523CET6, STM32H523CEU6, STM32H523HEY6TR, STM32H523RCT6, STM32H523RET6, STM32H523VCI6, STM32H523VCT6, STM32H523VEI6, STM32H523VET6, STM32H523ZCJ6, STM32H523ZCT6, STM32H523ZEJ6, STM32H523ZET6, STM32H533CET6, STM32H533CEU6, STM32H533HEY6TR, STM32H533RET6, STM32H533VEI6, STM32H533VET6, STM32H533ZEJ6, STM32H533ZET6, STM32H562AGI6, STM32H562AII6, STM32H562IGK6, STM32H562IGT6, STM32H562IIK6, STM32H562IIT6, STM32H562RGT6, STM32H562RGV6, STM32H562RIT6, STM32H562RIV6, STM32H562VGT6, STM32H562VIT6, STM32H562ZGT6, STM32H562ZIT6, STM32H563AGI6, STM32H563AII3Q, STM32H563AII6, STM32H563IGK6, STM32H563IGT6, STM32H563IIK3Q, STM32H563IIK6, STM32H563IIT3Q, STM32H563IIT6, STM32H563MIY3QTR, STM32H563RGT6, STM32H563RGV6, STM32H563RIT6, STM32H563RIV6, STM32H563VGT6, STM32H563VIT3Q, STM32H563VIT6, STM32H563ZGT6, STM32H563ZIT3Q, STM32H563ZIT6, STM32H573AII3Q, STM32H573AII6, STM32H573I-DK, STM32H573IIK3Q, STM32H573IIK6, STM32H573IIT3Q, STM32H573IIT6, STM32H573MIY3QTR, STM32H573RIT6, STM32H573RIV6, STM32H573VIT3Q, STM32H573VIT6, STM32H573ZIT3Q, STM32H573ZIT6, STM32H7R3A8I6, STM32H7R3I8K6, STM32H7R3I8T6, STM32H7R3L8H6, STM32H7R3L8H6H, STM32H7R3R8V6, STM32H7R3V8H6, STM32H7R3V8T6, STM32H7R3V8Y6TR, STM32H7R3Z8J6, STM32H7R3Z8T6, STM32H7R7A8I6, STM32H7R7I8K6, STM32H7R7I8T6, STM32H7R7L8H6, STM32H7R7L8H6H, STM32H7R7Z8J6, STM32H7S3A8I6, STM32H7S3I8K6, STM32H7S3I8T6, STM32H7S3L8H6, STM32H7S3L8H6H, STM32H7S3R8V6, STM32H7S3V8H6, STM32H7S3V8T6, STM32H7S3V8Y6TR, STM32H7S3Z8J6, STM32H7S3Z8T6, STM32H7S78-DK, STM32H7S7A8I6, STM32H7S7I8K6, STM32H7S7I8T6, STM32H7S7L8H6, STM32H7S7L8H6H, STM32H7S7Z8J6, STM32L4R5QGI6STR, STM32MP131AAE3, STM32MP131AAF3, STM32MP131AAG3, STM32MP131CAE3, STM32MP131CAF3, STM32MP131CAG3, STM32MP131DAE7, STM32MP131DAF7, STM32MP131DAG7, STM32MP131FAE7, STM32MP131FAF7, STM32MP131FAG7, STM32MP133AAE3, STM32MP133AAF3, STM32MP133AAG3, STM32MP133CAE3, STM32MP133CAF3, STM32MP133CAG3, STM32MP133DAE7, STM32MP133DAF7, STM32MP133DAG7, STM32MP133FAE7, STM32MP133FAF7, STM32MP133FAG7, STM32MP135AAE3, STM32MP135AAF3, STM32MP135AAG3, STM32MP135CAE3, STM32MP135CAF3, STM32MP135CAG3, STM32MP135DAE7, STM32MP135DAF7, STM32MP135DAG7, STM32MP135F-DK, STM32MP135FAE7, STM32MP135FAF7, STM32MP135FAF7T, STM32MP135FAF7U, STM32MP135FAG7, STM32MP211AAL3, STM32MP211AAM3, STM32MP211AAN3, STM32MP211AAO3, STM32MP211CAL3, STM32MP211CAM3, STM32MP211CAN3, STM32MP211CAO3, STM32MP211DAL3, STM32MP211DAM3, STM32MP211DAN3, STM32MP211DAO3, STM32MP211FAL3, STM32MP211FAM3, STM32MP211FAN3, STM32MP211FAO3, STM32MP213AAL3, STM32MP213AAM3, STM32MP213AAN3, STM32MP213AAO3, STM32MP213CAL3, STM32MP213CAM3, STM32MP213CAN3, STM32MP213CAO3, STM32MP213DAL3, STM32MP213DAM3, STM32MP213DAN3, STM32MP213DAO3, STM32MP213FAL3, STM32MP213FAM3, STM32MP213FAN3, STM32MP213FAO3, STM32MP215AAL3, STM32MP215AAM3, STM32MP215AAN3, STM32MP215AAO3, STM32MP215CAL3, STM32MP215CAM3, STM32MP215CAN3, STM32MP215CAO3, STM32MP215DAL3, STM32MP215DAM3, STM32MP215DAN3, STM32MP215DAO3, STM32MP215F-DK, STM32MP215FAL3, STM32MP215FAM3, STM32MP215FAN3, STM32MP215FAO3, STM32MP231AAJ3, STM32MP231AAK3, STM32MP231AAL3, STM32MP231CAJ3, STM32MP231CAK3, STM32MP231CAL3, STM32MP231DAJ3, STM32MP231DAK3, STM32MP231DAL3, STM32MP231FAJ3, STM32MP231FAK3, STM32MP231FAL3, STM32MP233AAJ3, STM32MP233AAK3, STM32MP233AAL3, STM32MP233CAJ3, STM32MP233CAK3, STM32MP233CAL3, STM32MP233DAJ3, STM32MP233DAK3, STM32MP233DAL3, STM32MP233FAJ3, STM32MP233FAK3, STM32MP233FAL3, STM32MP235AAJ3, STM32MP235AAK3, STM32MP235AAL3, STM32MP235CAJ3, STM32MP235CAK3, STM32MP235CAL3, STM32MP235DAJ3, STM32MP235DAK3, STM32MP235DAL3, STM32MP235FAJ3, STM32MP235FAK3, STM32MP235FAL3, STM32MP251AAI3, STM32MP251AAK3, STM32MP251AAL3, STM32MP251CAI3, STM32MP251CAK3, STM32MP251CAL3, STM32MP251DAI3, STM32MP251DAK3, STM32MP251DAL3, STM32MP251FAI3, STM32MP251FAK3, STM32MP251FAL3, STM32MP253AAI3, STM32MP253AAK3, STM32MP253AAL3, STM32MP253CAI3, STM32MP253CAK3, STM32MP253CAL3, STM32MP253DAI3, STM32MP253DAK3, STM32MP253DAL3, STM32MP253FAI3, STM32MP253FAK3, STM32MP253FAL3, STM32MP255AAI3, STM32MP255AAK3, STM32MP255AAL3, STM32MP255CAI3, STM32MP255CAK3, STM32MP255CAL3, STM32MP255DAI3, STM32MP255DAK3, STM32MP255DAL3, STM32MP255FAI3, STM32MP255FAK3, STM32MP255FAL3, STM32MP257AAI3, STM32MP257AAK3, STM32MP257AAL3, STM32MP257CAI3, STM32MP257CAK3, STM32MP257CAL3, STM32MP257DAI3, STM32MP257DAK3, STM32MP257DAL3, STM32MP257F-DK, STM32MP257F-EV1, STM32MP257FAI3, STM32MP257FAK3, STM32MP257FAL3, STM32N645A0H3Q, STM32N645B0H3Q, STM32N645I0H3Q, STM32N645L0H3Q, STM32N645X0H3Q, STM32N645Z0H3Q, STM32N647A0H3Q, STM32N647B0H3Q, STM32N647I0H3Q, STM32N647L0H3Q, STM32N647X0H3Q, STM32N647Z0H3Q, STM32N655A0H3Q, STM32N655B0H3Q, STM32N655I0H3Q, STM32N655L0H3Q, STM32N655X0H3Q, STM32N655Z0H3Q, STM32N6570-DK, STM32N657A0H3Q, STM32N657B0H3Q, STM32N657I0H3Q, STM32N657L0H3Q, STM32N657X0H3Q, STM32N657Z0H3Q, STM32U031C6T6, STM32U031C6U6, STM32U031C8T6, STM32U031C8U6, STM32U031F4P6, STM32U031F6P6, STM32U031F8P6, STM32U031G6Y6TR, STM32U031G8Y6TR, STM32U031K4U6, STM32U031K6U6, STM32U031K8U6, STM32U031R6I6, STM32U031R6T6, STM32U031R8I6, STM32U031R8T6, STM32U073C8T6, STM32U073C8U6, STM32U073CBT6, STM32U073CBU6, STM32U073CCT6, STM32U073CCU6, STM32U073H8Y6TR, STM32U073HBY6TR, STM32U073HCY6TR, STM32U073K8U6, STM32U073KBU6, STM32U073KCU6, STM32U073M8I6, STM32U073M8T6, STM32U073MBI6, STM32U073MBT6, STM32U073MCI6, STM32U073MCT6, STM32U073R8I6, STM32U073R8T6, STM32U073RBI6, STM32U073RBT6, STM32U073RCI6, STM32U073RCT6, STM32U083C-DK, STM32U083CCT6, STM32U083CCU6, STM32U083HCY6TR, STM32U083KCU6, STM32U083MCI6, STM32U083MCT6, STM32U083RCI6, STM32U083RCT6, STM32U375CET6, STM32U375CET6Q, STM32U375CEU6, STM32U375CEU6Q, STM32U375CEY6QTR, STM32U375CGT6, STM32U375CGT6Q, STM32U375CGU6, STM32U375CGU6Q, STM32U375CGY6QTR, STM32U375KEU6, STM32U375KGU6, STM32U375REI6, STM32U375REI6Q, STM32U375RET6, STM32U375RET6Q, STM32U375REY6GTR, STM32U375REY6QTR, STM32U375RGI6, STM32U375RGI6Q, STM32U375RGT6, STM32U375RGT6Q, STM32U375RGY6GTR, STM32U375RGY6QTR, STM32U375VEI6, STM32U375VEI6Q, STM32U375VET6, STM32U375VET6Q, STM32U375VGI6, STM32U375VGI6Q, STM32U375VGT6, STM32U375VGT6Q, STM32U385CGT6, STM32U385CGT6Q, STM32U385CGU6, STM32U385CGU6Q, STM32U385CGY6QTR, STM32U385KGU6, STM32U385RGI6, STM32U385RGI6Q, STM32U385RGT6, STM32U385RGT6Q, STM32U385RGY6GTR, STM32U385RGY6QTR, STM32U385VGI6, STM32U385VGI6Q, STM32U385VGT6, STM32U385VGT6Q, STM32U535CBT6, STM32U535CBT6Q, STM32U535CBU6, STM32U535CBU6Q, STM32U535CCT6, STM32U535CCT6Q, STM32U535CCU6, STM32U535CCU6Q, STM32U535CET6, STM32U535CET6Q, STM32U535CEU6, STM32U535CEU6Q, STM32U535JEY6QTR, STM32U535NCY6QTR, STM32U535NEY6QTR, STM32U535RBI6, STM32U535RBI6Q, STM32U535RBT6, STM32U535RBT6Q, STM32U535RCI6, STM32U535RCI6Q, STM32U535RCT6, STM32U535RCT6Q, STM32U535REI6, STM32U535REI6Q, STM32U535RET6, STM32U535RET6Q, STM32U535VCI6, STM32U535VCI6Q, STM32U535VCT6, STM32U535VCT6Q, STM32U535VEI6, STM32U535VEI6Q, STM32U535VET6, STM32U535VET6Q, STM32U545CET6, STM32U545CET6Q, STM32U545CEU6, STM32U545CEU6Q, STM32U545JEY6QTR, STM32U545NEY6QTR, STM32U545REI6, STM32U545REI6Q, STM32U545RET6, STM32U545RET6Q, STM32U545VEI6, STM32U545VEI6Q, STM32U545VET6, STM32U545VET6Q, STM32U595AIH6, STM32U595AIH6Q, STM32U595AJH6, STM32U595AJH6Q, STM32U595QII6, STM32U595QII6Q, STM32U595QJI6, STM32U595QJI6Q, STM32U595RIT6, STM32U595RIT6Q, STM32U595RJT6, STM32U595RJT6Q, STM32U595VIT6, STM32U595VIT6Q, STM32U595VJT6, STM32U595VJT6Q, STM32U595ZIT6, STM32U595ZIT6Q, STM32U595ZIY6QTR, STM32U595ZJT6, STM32U595ZJT6Q, STM32U595ZJY6QTR, STM32U599BJY6QTR, STM32U599NIH6Q, STM32U599NJH6Q, STM32U599VIT6Q, STM32U599VJT6, STM32U599VJT6Q, STM32U599ZIT6Q, STM32U599ZIY6QTR, STM32U599ZJT6Q, STM32U599ZJY6QTR, STM32U5A5AJH6, STM32U5A5AJH6Q, STM32U5A5QII3Q , STM32U5A5QJI6, STM32U5A5QJI6Q, STM32U5A5RJT6, STM32U5A5RJT6Q, STM32U5A5VJT6, STM32U5A5VJT6Q, STM32U5A5ZJT6, STM32U5A5ZJT6Q, STM32U5A5ZJY6QTR, STM32U5A9BJY6QTR, STM32U5A9J-DK, STM32U5A9NJH6Q, STM32U5A9VJT6Q, STM32U5A9ZJT6Q, STM32U5A9ZJY6QTR, STM32U5F7VIT6, STM32U5F7VIT6Q, STM32U5F7VJT6, STM32U5F7VJT6Q, STM32U5F9BJY6QTR, STM32U5F9NJH6Q, STM32U5F9VIT6Q, STM32U5F9VJT6Q, STM32U5F9ZIJ6QTR, STM32U5F9ZIT6Q, STM32U5F9ZJJ6QTR, STM32U5F9ZJT6Q, STM32U5G7VJT6, STM32U5G7VJT6Q, STM32U5G9BJY6QTR, STM32U5G9J-DK1, STM32U5G9J-DK2, STM32U5G9NJH6Q, STM32U5G9VJT6Q, STM32U5G9ZJJ6QTR, STM32U5G9ZJT6Q, STM32WB05KZV6TR, STM32WB05KZV7TR, STM32WB05TZF6TR, STM32WB05TZF7TR, STM32WB06CCF6TR, STM32WB06CCF7TR, STM32WB06CCV6TR, STM32WB06CCV7TR, STM32WB06KCV6TR, STM32WB06KCV7TR, STM32WB07CCF6TR, STM32WB07CCF7TR, STM32WB07CCV6TR, STM32WB07CCV7TR, STM32WB07KCV6TR, STM32WB07KCV7TR, STM32WB09KEV6TR, STM32WB09KEV7TR, STM32WB09TEF6TR, STM32WB09TEF7TR, STM32WB1MMCH6, STM32WBA50KGU6, STM32WBA50KGU6TR, STM32WBA52CEU6, STM32WBA52CEU6TR, STM32WBA52CEU7, STM32WBA52CEU7TR, STM32WBA52CGU6, STM32WBA52CGU6TR, STM32WBA52CGU6U, STM32WBA52CGU7, STM32WBA52CGU7TR, STM32WBA52KEU6, STM32WBA52KEU6TR, STM32WBA52KGU6, STM32WBA52KGU6TR, STM32WBA54CEU6, STM32WBA54CEU6TR, STM32WBA54CEU7, STM32WBA54CEU7TR, STM32WBA54CGU6, STM32WBA54CGU6TR, STM32WBA54CGU7, STM32WBA54CGU7TR, STM32WBA54KEU6, STM32WBA54KEU6TR, STM32WBA54KEU7, STM32WBA54KEU7TR, STM32WBA54KGU6, STM32WBA54KGU6TR, STM32WBA54KGU7, STM32WBA54KGU7TR, STM32WBA55CEU6, STM32WBA55CEU6TR, STM32WBA55CEU7, STM32WBA55CEU7TR, STM32WBA55CGU6, STM32WBA55CGU6TR, STM32WBA55CGU6U, STM32WBA55CGU7, STM32WBA55CGU7TR, STM32WBA55G-DK1, STM32WBA55HEF6, STM32WBA55HEF7, STM32WBA55HGF6, STM32WBA55HGF7, STM32WBA55UEI6, STM32WBA55UEI6TR, STM32WBA55UEI7, STM32WBA55UEI7TR, STM32WBA55UGI6, STM32WBA55UGI6TR, STM32WBA55UGI7, STM32WBA55UGI7TR, STM32WBA5MMGH6TR, STM32WBA62MGF6, STM32WBA62MIF6, STM32WBA65MGF7, STM32WBA65MIF6, STM32WBA65MIF7, STM32WL30K8V6, STM32WL30KBV6, STM32WL31C8V6, STM32WL31CBV6, STM32WL31K8V6, STM32WL31KBV6, STM32WL33C8V6, STM32WL33C8V6X, STM32WL33CBV6, STM32WL33CBV6X, STM32WL33CCV6, STM32WL33CCV6A, STM32WL33CCV6X, STM32WL33K8V7, STM32WL33K8V7X, STM32WL33KBV7 , STM32WL33KBV7X, STM32WL33KCV7, STM32WL33KCV7X, STM32WL5MOCH6, STM32WL5MOCH6TR]
2025-09-06 11:25:39,832 [INFO] DbMcus:218 - Found 4801 MCUs, 4801 are supported
2025-09-06 11:25:39,838 [INFO] ApiDb:423 - Load user favorites file C:\Users\aksha/.stm32cubeide/favorites.mcus.txt: 0 item(s)
2025-09-06 11:25:39,839 [INFO] ApiDb:427 - User favorites MCUs=[]
2025-09-06 11:25:39,839 [INFO] DbMcus:224 - Set 0 / 0 favorites MCUs
2025-09-06 11:25:42,676 [INFO] ApiDb:668 - CubeFinder database Data Model version=2.1
2025-09-06 11:25:42,676 [INFO] ApiDb:669 - CubeFinder database Configuration version=3.0.39
2025-09-06 11:25:42,677 [INFO] ApiDb:670 - CubeFinder database generation date=2025-07-24 (1753349077)
2025-09-06 11:25:42,678 [INFO] ApiDb:671 - CubeFinder database FW Pack versions=[FP-ATR-ASTRA1_V2.0.0, FP-SNS-FLIGHT1_V5.1.0, FP-SNS-MOTENV1_V5.0.0, FP-SNS-MOTENVWB1_V1.4.0, FP-SNS-SMARTAG2_V1.2.0, FP-SNS-STBOX1_V2.0.0, STM32Cube_FW_C0_V1.4.0, STM32Cube_FW_F4_V1.28.2, STM32Cube_FW_F7_V1.17.3, STM32Cube_FW_G0_V1.6.2, STM32Cube_FW_G4_V1.6.1, STM32Cube_FW_H5_V1.5.0, STM32Cube_FW_H7RS_V1.2.0, STM32Cube_FW_H7_V1.12.1, STM32Cube_FW_L0_V1.12.2, STM32Cube_FW_L4_V1.18.1, STM32Cube_FW_L5_V1.5.1, STM32Cube_FW_N6_V1.2.0, STM32Cube_FW_U0_V1.3.0, STM32Cube_FW_U3_V1.2.0, STM32Cube_FW_U5_V1.8.0, STM32Cube_FW_WB0_V1.3.0, STM32Cube_FW_WBA_V1.7.0, STM32Cube_FW_WB_V1.23.0, STM32Cube_FW_WL3_V1.2.0, STM32Cube_FW_WL_V1.3.1, X-CUBE-ALGOBUILD_V1.4.0, X-CUBE-ALS_V1.0.2, X-CUBE-AZRTOS-F4_V1.1.0, X-CUBE-AZRTOS-F7_V1.1.0, X-CUBE-AZRTOS-G0_V1.1.0, X-CUBE-AZRTOS-G4_V2.0.0, X-CUBE-AZRTOS-H7RS_V1.1.0, X-CUBE-AZRTOS-H7_V3.4.0, X-CUBE-AZRTOS-L4_V2.0.0, X-CUBE-AZRTOS-L5_V2.0.0, X-CUBE-AZRTOS-WB_V2.0.0, X-CUBE-AZRTOS-WL_V2.0.0, X-CUBE-BLE1_V7.1.0, X-CUBE-BLE2_V3.3.0, X-CUBE-BLEMGR_V4.1.0, X-CUBE-EEPRMA1_V5.2.0, X-CUBE-FREERTOS_V1.3.1, X-CUBE-GNSS1_V6.0.0, X-CUBE-MEMS1_V11.3.0, X-CUBE-NFC4_V3.0.0, X-CUBE-NFC7_V2.0.0, X-CUBE-SFXS2LP1_V4.0.0, X-CUBE-ST67W61_V1.0.0, X-CUBE-SUBG2_V5.0.0, X-CUBE-TOF1_V3.4.3]
2025-09-06 11:25:42,972 [INFO] DbBoardsSqlite:226 - include board P-NUCLEO-WB55-NUCLEO as a kit item of type 'Nucleo-64'
2025-09-06 11:25:42,973 [INFO] DbBoardsSqlite:226 - include board P-NUCLEO-WB55-USBDONGLE as a kit item of type 'Nucleo USB Dongle'
2025-09-06 11:25:42,974 [INFO] DbBoardsSqlite:226 - include board STEVAL-IDP005V1 as a kit item of type 'Evaluation Board'
2025-09-06 11:25:42,975 [INFO] DbBoardsSqlite:226 - include board STEVAL-IDP005V2 as a kit item of type 'Evaluation Board'
2025-09-06 11:25:43,615 [INFO] ApiDb:240 - Found 880 in-development CPN: [B-G473E-ZEST1S, B-WB1M-WPAN1, B-WBA5M-WPAN, B-WL5M-SUBG1, NUCLEO-C031C6, NUCLEO-C051C8, NUCLEO-C071RB, NUCLEO-C092RC, NUCLEO-H503RB, NUCLEO-H533RE, NUCLEO-H563ZI, NUCLEO-H7S3L8, NUCLEO-N657X0-Q, NUCLEO-U031R8, NUCLEO-U083RC, NUCLEO-U385RG-Q, NUCLEO-U545RE-Q, NUCLEO-U5A5ZJ-Q, NUCLEO-WB05KZ, NUCLEO-WB07CC, NUCLEO-WB09KE, NUCLEO-WBA52CG, NUCLEO-WBA55CG, NUCLEO-WL33CC1, NUCLEO-WL33CC2, STEVAL-PROTEUS1, STEVAL-SMARTAG2, STEVAL-STWINBX1, STM320518-EVAL, STM32C0116-DK, STM32C011D6Y3TR, STM32C011D6Y6TR, STM32C011F4P3, STM32C011F4P6, STM32C011F4U3, STM32C011F4U6TR, STM32C011F6P3, STM32C011F6P6, STM32C011F6U3, STM32C011F6U6TR, STM32C011J4M3, STM32C011J4M6, STM32C011J6M3, STM32C011J6M6, STM32C0316-DK, STM32C031C4T3, STM32C031C4T6, STM32C031C4U3, STM32C031C4U6, STM32C031C6T3, STM32C031C6T6, STM32C031C6U3, STM32C031C6U6, STM32C031F4P3, STM32C031F4P6, STM32C031F6P3, STM32C031F6P6, STM32C031G4U3, STM32C031G4U6, STM32C031G6U3, STM32C031G6U6, STM32C031K4T3, STM32C031K4T6, STM32C031K4U3, STM32C031K4U6, STM32C031K6T3, STM32C031K6T6, STM32C031K6U3, STM32C031K6U6, STM32C051C6T6, STM32C051C6U6, STM32C051C8T6, STM32C051C8U6, STM32C051D8Y6TR, STM32C051F6P6, STM32C051F8P6, STM32C051G6U6, STM32C051G8U6, STM32C051K6T6, STM32C051K6U6, STM32C051K8T6, STM32C071C8T6, STM32C071C8T6N, STM32C071C8U6, STM32C071C8U6N, STM32C071CBT6, STM32C071CBT6N, STM32C071CBU6, STM32C071CBU6N, STM32C071F8P6, STM32C071F8P6N, STM32C071FBP6, STM32C071FBP6N, STM32C071FBY6TR, STM32C071G8U6, STM32C071G8U6N, STM32C071GBU6, STM32C071GBU6N, STM32C071K8T6, STM32C071K8T6N, STM32C071K8U6, STM32C071K8U6N, STM32C071KBT6, STM32C071KBT6N, STM32C071KBU6, STM32C071KBU6N, STM32C071R8T6, STM32C071R8T6N, STM32C071RBI6N, STM32C071RBT6, STM32C071RBT6N, STM32C091CBT6, STM32C091CBU6, STM32C091CCT6, STM32C091CCU6, STM32C091ECY6TR, STM32C091FBP6, STM32C091FCP6, STM32C091GBU6, STM32C091GCU6, STM32C091KBT6, STM32C091KBU6, STM32C091KCT6, STM32C091KCU6, STM32C091RBT6, STM32C091RCI6, STM32C091RCT6, STM32C092CBT6, STM32C092CBU6, STM32C092CCT6, STM32C092CCU6, STM32C092ECY6TR, STM32C092FBP6, STM32C092FCP6, STM32C092GBU6, STM32C092GCU6, STM32C092KBT6, STM32C092KBU6, STM32C092KCT6, STM32C092KCU6, STM32C092RBT6, STM32C092RCI6, STM32C092RCT6, STM32G071K8TXN, STM32G071K8UXN, STM32G081GBU6N, STM32G081KBT6N, STM32G081KBUXN, STM32G0B1CCT6N, STM32G0B1KCT6, STM32G0B1NEY6TR, STM32G0B1RCT6N, STM32G0C1CCT6, STM32G0C1CCT6N, STM32G0C1CCU6N, STM32G0C1CET6N, STM32G0C1CEU6N, STM32G0C1KCT6, STM32G0C1NEY6TR, STM32G0C1RCI6N, STM32G0C1RCT6N, STM32G0C1REI6N, STM32G0C1RET6N, STM32G0C1VCI6, STM32G0C1VEI6, STM32G411C6T3, STM32G411C6T6, STM32G411C6U3, STM32G411C6U6, STM32G411C8T3, STM32G411C8T6, STM32G411C8U3, STM32G411C8U6, STM32G411CBT3, STM32G411CBT6, STM32G411CBU3, STM32G411CBU6, STM32G411K6T3, STM32G411K6T6, STM32G411K6U3, STM32G411K6U6, STM32G411K8T3, STM32G411K8T6, STM32G411K8U3, STM32G411K8U6, STM32G411KBT3, STM32G411KBT6, STM32G411KBU3, STM32G411KBU6, STM32G411M6T3, STM32G411M6T6, STM32G411M8T3, STM32G411M8T6, STM32G411MBT3, STM32G411MBT6, STM32G411R6T3, STM32G411R6T6, STM32G411R8T3, STM32G411R8T6, STM32G411RBT3, STM32G411RBT6, STM32G414CBT3, STM32G414CBT6, STM32G414CBU3, STM32G414CBU6, STM32G414CCT3, STM32G414CCT6, STM32G414CCU3, STM32G414CCU6, STM32G414MBT3, STM32G414MBT6, STM32G414MCT3, STM32G414MCT6, STM32G414RBT3, STM32G414RBT6, STM32G414RCT3, STM32G414RCT6, STM32G414VBT3, STM32G414VBT6, STM32G414VCT3, STM32G414VCT6, STM32G431CBT3Z, STM32G431RBT3Z, STM32G471CCT6, STM32G471CCU6, STM32G471CET3, STM32G471CET6, STM32G471CEU3, STM32G471CEU6, STM32G471MCT6, STM32G471MET3, STM32G471MET6, STM32G471MEY6TR, STM32G471QCT6, STM32G471QET3, STM32G471RCT6, STM32G471RET3, STM32G471RET6, STM32G471VCH6, STM32G471VCI6, STM32G471VCT6, STM32G471VEH3, STM32G471VEH6, STM32G471VEI3, STM32G471VEI6, STM32G471VET3, STM32G471VET6, STM32G473QET3Z, STM32G473RET3Z, STM32G474CCT6, STM32G491RET3Z, STM32H503CBT6, STM32H503CBU6, STM32H503EBY6TR, STM32H503KBU6, STM32H503RBT6, STM32H523CCT6, STM32H523CCU6, STM32H523CET6, STM32H523CEU6, STM32H523HEY6TR, STM32H523RCT6, STM32H523RET6, STM32H523VCI6, STM32H523VCT6, STM32H523VEI6, STM32H523VET6, STM32H523ZCJ6, STM32H523ZCT6, STM32H523ZEJ6, STM32H523ZET6, STM32H533CET6, STM32H533CEU6, STM32H533HEY6TR, STM32H533RET6, STM32H533VEI6, STM32H533VET6, STM32H533ZEJ6, STM32H533ZET6, STM32H562AGI6, STM32H562AII6, STM32H562IGK6, STM32H562IGT6, STM32H562IIK6, STM32H562IIT6, STM32H562RGT6, STM32H562RGV6, STM32H562RIT6, STM32H562RIV6, STM32H562VGT6, STM32H562VIT6, STM32H562ZGT6, STM32H562ZIT6, STM32H563AGI6, STM32H563AII3Q, STM32H563AII6, STM32H563IGK6, STM32H563IGT6, STM32H563IIK3Q, STM32H563IIK6, STM32H563IIT3Q, STM32H563IIT6, STM32H563MIY3QTR, STM32H563RGT6, STM32H563RGV6, STM32H563RIT6, STM32H563RIV6, STM32H563VGT6, STM32H563VIT3Q, STM32H563VIT6, STM32H563ZGT6, STM32H563ZIT3Q, STM32H563ZIT6, STM32H573AII3Q, STM32H573AII6, STM32H573I-DK, STM32H573IIK3Q, STM32H573IIK6, STM32H573IIT3Q, STM32H573IIT6, STM32H573MIY3QTR, STM32H573RIT6, STM32H573RIV6, STM32H573VIT3Q, STM32H573VIT6, STM32H573ZIT3Q, STM32H573ZIT6, STM32H7R3A8I6, STM32H7R3I8K6, STM32H7R3I8T6, STM32H7R3L8H6, STM32H7R3L8H6H, STM32H7R3R8V6, STM32H7R3V8H6, STM32H7R3V8T6, STM32H7R3V8Y6TR, STM32H7R3Z8J6, STM32H7R3Z8T6, STM32H7R7A8I6, STM32H7R7I8K6, STM32H7R7I8T6, STM32H7R7L8H6, STM32H7R7L8H6H, STM32H7R7Z8J6, STM32H7S3A8I6, STM32H7S3I8K6, STM32H7S3I8T6, STM32H7S3L8H6, STM32H7S3L8H6H, STM32H7S3R8V6, STM32H7S3V8H6, STM32H7S3V8T6, STM32H7S3V8Y6TR, STM32H7S3Z8J6, STM32H7S3Z8T6, STM32H7S78-DK, STM32H7S7A8I6, STM32H7S7I8K6, STM32H7S7I8T6, STM32H7S7L8H6, STM32H7S7L8H6H, STM32H7S7Z8J6, STM32L4R5QGI6STR, STM32MP131AAE3, STM32MP131AAF3, STM32MP131AAG3, STM32MP131CAE3, STM32MP131CAF3, STM32MP131CAG3, STM32MP131DAE7, STM32MP131DAF7, STM32MP131DAG7, STM32MP131FAE7, STM32MP131FAF7, STM32MP131FAG7, STM32MP133AAE3, STM32MP133AAF3, STM32MP133AAG3, STM32MP133CAE3, STM32MP133CAF3, STM32MP133CAG3, STM32MP133DAE7, STM32MP133DAF7, STM32MP133DAG7, STM32MP133FAE7, STM32MP133FAF7, STM32MP133FAG7, STM32MP135AAE3, STM32MP135AAF3, STM32MP135AAG3, STM32MP135CAE3, STM32MP135CAF3, STM32MP135CAG3, STM32MP135DAE7, STM32MP135DAF7, STM32MP135DAG7, STM32MP135F-DK, STM32MP135FAE7, STM32MP135FAF7, STM32MP135FAF7T, STM32MP135FAF7U, STM32MP135FAG7, STM32MP211AAL3, STM32MP211AAM3, STM32MP211AAN3, STM32MP211AAO3, STM32MP211CAL3, STM32MP211CAM3, STM32MP211CAN3, STM32MP211CAO3, STM32MP211DAL3, STM32MP211DAM3, STM32MP211DAN3, STM32MP211DAO3, STM32MP211FAL3, STM32MP211FAM3, STM32MP211FAN3, STM32MP211FAO3, STM32MP213AAL3, STM32MP213AAM3, STM32MP213AAN3, STM32MP213AAO3, STM32MP213CAL3, STM32MP213CAM3, STM32MP213CAN3, STM32MP213CAO3, STM32MP213DAL3, STM32MP213DAM3, STM32MP213DAN3, STM32MP213DAO3, STM32MP213FAL3, STM32MP213FAM3, STM32MP213FAN3, STM32MP213FAO3, STM32MP215AAL3, STM32MP215AAM3, STM32MP215AAN3, STM32MP215AAO3, STM32MP215CAL3, STM32MP215CAM3, STM32MP215CAN3, STM32MP215CAO3, STM32MP215DAL3, STM32MP215DAM3, STM32MP215DAN3, STM32MP215DAO3, STM32MP215F-DK, STM32MP215FAL3, STM32MP215FAM3, STM32MP215FAN3, STM32MP215FAO3, STM32MP231AAJ3, STM32MP231AAK3, STM32MP231AAL3, STM32MP231CAJ3, STM32MP231CAK3, STM32MP231CAL3, STM32MP231DAJ3, STM32MP231DAK3, STM32MP231DAL3, STM32MP231FAJ3, STM32MP231FAK3, STM32MP231FAL3, STM32MP233AAJ3, STM32MP233AAK3, STM32MP233AAL3, STM32MP233CAJ3, STM32MP233CAK3, STM32MP233CAL3, STM32MP233DAJ3, STM32MP233DAK3, STM32MP233DAL3, STM32MP233FAJ3, STM32MP233FAK3, STM32MP233FAL3, STM32MP235AAJ3, STM32MP235AAK3, STM32MP235AAL3, STM32MP235CAJ3, STM32MP235CAK3, STM32MP235CAL3, STM32MP235DAJ3, STM32MP235DAK3, STM32MP235DAL3, STM32MP235FAJ3, STM32MP235FAK3, STM32MP235FAL3, STM32MP251AAI3, STM32MP251AAK3, STM32MP251AAL3, STM32MP251CAI3, STM32MP251CAK3, STM32MP251CAL3, STM32MP251DAI3, STM32MP251DAK3, STM32MP251DAL3, STM32MP251FAI3, STM32MP251FAK3, STM32MP251FAL3, STM32MP253AAI3, STM32MP253AAK3, STM32MP253AAL3, STM32MP253CAI3, STM32MP253CAK3, STM32MP253CAL3, STM32MP253DAI3, STM32MP253DAK3, STM32MP253DAL3, STM32MP253FAI3, STM32MP253FAK3, STM32MP253FAL3, STM32MP255AAI3, STM32MP255AAK3, STM32MP255AAL3, STM32MP255CAI3, STM32MP255CAK3, STM32MP255CAL3, STM32MP255DAI3, STM32MP255DAK3, STM32MP255DAL3, STM32MP255FAI3, STM32MP255FAK3, STM32MP255FAL3, STM32MP257AAI3, STM32MP257AAK3, STM32MP257AAL3, STM32MP257CAI3, STM32MP257CAK3, STM32MP257CAL3, STM32MP257DAI3, STM32MP257DAK3, STM32MP257DAL3, STM32MP257F-DK, STM32MP257F-EV1, STM32MP257FAI3, STM32MP257FAK3, STM32MP257FAL3, STM32N645A0H3Q, STM32N645B0H3Q, STM32N645I0H3Q, STM32N645L0H3Q, STM32N645X0H3Q, STM32N645Z0H3Q, STM32N647A0H3Q, STM32N647B0H3Q, STM32N647I0H3Q, STM32N647L0H3Q, STM32N647X0H3Q, STM32N647Z0H3Q, STM32N655A0H3Q, STM32N655B0H3Q, STM32N655I0H3Q, STM32N655L0H3Q, STM32N655X0H3Q, STM32N655Z0H3Q, STM32N6570-DK, STM32N657A0H3Q, STM32N657B0H3Q, STM32N657I0H3Q, STM32N657L0H3Q, STM32N657X0H3Q, STM32N657Z0H3Q, STM32U031C6T6, STM32U031C6U6, STM32U031C8T6, STM32U031C8U6, STM32U031F4P6, STM32U031F6P6, STM32U031F8P6, STM32U031G6Y6TR, STM32U031G8Y6TR, STM32U031K4U6, STM32U031K6U6, STM32U031K8U6, STM32U031R6I6, STM32U031R6T6, STM32U031R8I6, STM32U031R8T6, STM32U073C8T6, STM32U073C8U6, STM32U073CBT6, STM32U073CBU6, STM32U073CCT6, STM32U073CCU6, STM32U073H8Y6TR, STM32U073HBY6TR, STM32U073HCY6TR, STM32U073K8U6, STM32U073KBU6, STM32U073KCU6, STM32U073M8I6, STM32U073M8T6, STM32U073MBI6, STM32U073MBT6, STM32U073MCI6, STM32U073MCT6, STM32U073R8I6, STM32U073R8T6, STM32U073RBI6, STM32U073RBT6, STM32U073RCI6, STM32U073RCT6, STM32U083C-DK, STM32U083CCT6, STM32U083CCU6, STM32U083HCY6TR, STM32U083KCU6, STM32U083MCI6, STM32U083MCT6, STM32U083RCI6, STM32U083RCT6, STM32U375CET6, STM32U375CET6Q, STM32U375CEU6, STM32U375CEU6Q, STM32U375CEY6QTR, STM32U375CGT6, STM32U375CGT6Q, STM32U375CGU6, STM32U375CGU6Q, STM32U375CGY6QTR, STM32U375KEU6, STM32U375KGU6, STM32U375REI6, STM32U375REI6Q, STM32U375RET6, STM32U375RET6Q, STM32U375REY6GTR, STM32U375REY6QTR, STM32U375RGI6, STM32U375RGI6Q, STM32U375RGT6, STM32U375RGT6Q, STM32U375RGY6GTR, STM32U375RGY6QTR, STM32U375VEI6, STM32U375VEI6Q, STM32U375VET6, STM32U375VET6Q, STM32U375VGI6, STM32U375VGI6Q, STM32U375VGT6, STM32U375VGT6Q, STM32U385CGT6, STM32U385CGT6Q, STM32U385CGU6, STM32U385CGU6Q, STM32U385CGY6QTR, STM32U385KGU6, STM32U385RGI6, STM32U385RGI6Q, STM32U385RGT6, STM32U385RGT6Q, STM32U385RGY6GTR, STM32U385RGY6QTR, STM32U385VGI6, STM32U385VGI6Q, STM32U385VGT6, STM32U385VGT6Q, STM32U535CBT6, STM32U535CBT6Q, STM32U535CBU6, STM32U535CBU6Q, STM32U535CCT6, STM32U535CCT6Q, STM32U535CCU6, STM32U535CCU6Q, STM32U535CET6, STM32U535CET6Q, STM32U535CEU6, STM32U535CEU6Q, STM32U535JEY6QTR, STM32U535NCY6QTR, STM32U535NEY6QTR, STM32U535RBI6, STM32U535RBI6Q, STM32U535RBT6, STM32U535RBT6Q, STM32U535RCI6, STM32U535RCI6Q, STM32U535RCT6, STM32U535RCT6Q, STM32U535REI6, STM32U535REI6Q, STM32U535RET6, STM32U535RET6Q, STM32U535VCI6, STM32U535VCI6Q, STM32U535VCT6, STM32U535VCT6Q, STM32U535VEI6, STM32U535VEI6Q, STM32U535VET6, STM32U535VET6Q, STM32U545CET6, STM32U545CET6Q, STM32U545CEU6, STM32U545CEU6Q, STM32U545JEY6QTR, STM32U545NEY6QTR, STM32U545REI6, STM32U545REI6Q, STM32U545RET6, STM32U545RET6Q, STM32U545VEI6, STM32U545VEI6Q, STM32U545VET6, STM32U545VET6Q, STM32U595AIH6, STM32U595AIH6Q, STM32U595AJH6, STM32U595AJH6Q, STM32U595QII6, STM32U595QII6Q, STM32U595QJI6, STM32U595QJI6Q, STM32U595RIT6, STM32U595RIT6Q, STM32U595RJT6, STM32U595RJT6Q, STM32U595VIT6, STM32U595VIT6Q, STM32U595VJT6, STM32U595VJT6Q, STM32U595ZIT6, STM32U595ZIT6Q, STM32U595ZIY6QTR, STM32U595ZJT6, STM32U595ZJT6Q, STM32U595ZJY6QTR, STM32U599BJY6QTR, STM32U599NIH6Q, STM32U599NJH6Q, STM32U599VIT6Q, STM32U599VJT6, STM32U599VJT6Q, STM32U599ZIT6Q, STM32U599ZIY6QTR, STM32U599ZJT6Q, STM32U599ZJY6QTR, STM32U5A5AJH6, STM32U5A5AJH6Q, STM32U5A5QII3Q , STM32U5A5QJI6, STM32U5A5QJI6Q, STM32U5A5RJT6, STM32U5A5RJT6Q, STM32U5A5VJT6, STM32U5A5VJT6Q, STM32U5A5ZJT6, STM32U5A5ZJT6Q, STM32U5A5ZJY6QTR, STM32U5A9BJY6QTR, STM32U5A9J-DK, STM32U5A9NJH6Q, STM32U5A9VJT6Q, STM32U5A9ZJT6Q, STM32U5A9ZJY6QTR, STM32U5F7VIT6, STM32U5F7VIT6Q, STM32U5F7VJT6, STM32U5F7VJT6Q, STM32U5F9BJY6QTR, STM32U5F9NJH6Q, STM32U5F9VIT6Q, STM32U5F9VJT6Q, STM32U5F9ZIJ6QTR, STM32U5F9ZIT6Q, STM32U5F9ZJJ6QTR, STM32U5F9ZJT6Q, STM32U5G7VJT6, STM32U5G7VJT6Q, STM32U5G9BJY6QTR, STM32U5G9J-DK1, STM32U5G9J-DK2, STM32U5G9NJH6Q, STM32U5G9VJT6Q, STM32U5G9ZJJ6QTR, STM32U5G9ZJT6Q, STM32WB05KZV6TR, STM32WB05KZV7TR, STM32WB05TZF6TR, STM32WB05TZF7TR, STM32WB06CCF6TR, STM32WB06CCF7TR, STM32WB06CCV6TR, STM32WB06CCV7TR, STM32WB06KCV6TR, STM32WB06KCV7TR, STM32WB07CCF6TR, STM32WB07CCF7TR, STM32WB07CCV6TR, STM32WB07CCV7TR, STM32WB07KCV6TR, STM32WB07KCV7TR, STM32WB09KEV6TR, STM32WB09KEV7TR, STM32WB09TEF6TR, STM32WB09TEF7TR, STM32WB1MMCH6, STM32WBA50KGU6, STM32WBA50KGU6TR, STM32WBA52CEU6, STM32WBA52CEU6TR, STM32WBA52CEU7, STM32WBA52CEU7TR, STM32WBA52CGU6, STM32WBA52CGU6TR, STM32WBA52CGU6U, STM32WBA52CGU7, STM32WBA52CGU7TR, STM32WBA52KEU6, STM32WBA52KEU6TR, STM32WBA52KGU6, STM32WBA52KGU6TR, STM32WBA54CEU6, STM32WBA54CEU6TR, STM32WBA54CEU7, STM32WBA54CEU7TR, STM32WBA54CGU6, STM32WBA54CGU6TR, STM32WBA54CGU7, STM32WBA54CGU7TR, STM32WBA54KEU6, STM32WBA54KEU6TR, STM32WBA54KEU7, STM32WBA54KEU7TR, STM32WBA54KGU6, STM32WBA54KGU6TR, STM32WBA54KGU7, STM32WBA54KGU7TR, STM32WBA55CEU6, STM32WBA55CEU6TR, STM32WBA55CEU7, STM32WBA55CEU7TR, STM32WBA55CGU6, STM32WBA55CGU6TR, STM32WBA55CGU6U, STM32WBA55CGU7, STM32WBA55CGU7TR, STM32WBA55G-DK1, STM32WBA55HEF6, STM32WBA55HEF7, STM32WBA55HGF6, STM32WBA55HGF7, STM32WBA55UEI6, STM32WBA55UEI6TR, STM32WBA55UEI7, STM32WBA55UEI7TR, STM32WBA55UGI6, STM32WBA55UGI6TR, STM32WBA55UGI7, STM32WBA55UGI7TR, STM32WBA5MMGH6TR, STM32WBA62MGF6, STM32WBA62MIF6, STM32WBA65MGF7, STM32WBA65MIF6, STM32WBA65MIF7, STM32WL30K8V6, STM32WL30KBV6, STM32WL31C8V6, STM32WL31CBV6, STM32WL31K8V6, STM32WL31KBV6, STM32WL33C8V6, STM32WL33C8V6X, STM32WL33CBV6, STM32WL33CBV6X, STM32WL33CCV6, STM32WL33CCV6A, STM32WL33CCV6X, STM32WL33K8V7, STM32WL33K8V7X, STM32WL33KBV7 , STM32WL33KBV7X, STM32WL33KCV7, STM32WL33KCV7X, STM32WL5MOCH6, STM32WL5MOCH6TR]
2025-09-06 11:25:44,076 [INFO] BoardInfo:889 - No configuration file found for board P-NUCLEO-WB55
2025-09-06 11:25:44,078 [INFO] DbBoards:161 - Kit is not supported: P-NUCLEO-WB55
2025-09-06 11:25:44,089 [INFO] BoardInfo:889 - No configuration file found for board STEVAL-BFA001V1B
2025-09-06 11:25:44,090 [INFO] DbBoards:161 - Kit is not supported: STEVAL-BFA001V1B
2025-09-06 11:25:44,093 [INFO] BoardInfo:889 - No configuration file found for board STEVAL-BFA001V2B
2025-09-06 11:25:44,094 [INFO] DbBoards:161 - Kit is not supported: STEVAL-BFA001V2B
2025-09-06 11:25:44,488 [INFO] DbBoards:168 - Found 212 boards, 209 are supported
2025-09-06 11:25:44,489 [INFO] DbBoards:169 - Found 212 boards, 43 of them is supported for  Bsp
2025-09-06 11:25:44,576 [INFO] ApiDb:423 - Load user favorites file C:\Users\aksha/.stm32cubeide/favorites.boards.txt: 1 item(s)
2025-09-06 11:25:44,577 [INFO] ApiDb:427 - User favorites Boards=[NUCLEO-F401RE]
2025-09-06 11:25:44,577 [INFO] DbBoards:198 - Set 1 / 1 favorites Boards
2025-09-06 11:25:44,579 [INFO] McuFinderGlobals:76 - Set McuFinderConnectedMode to true
2025-09-06 11:25:44,659 [INFO] MultiScanPanel:200 - Auto-refresh data requested => check proxy status ongoing
2025-09-06 11:25:44,678 [INFO] FinderPluginLoader:96 - Searching for filters in installed packs
2025-09-06 11:25:51,959 [INFO] LoadUrlFilesThread:185 - End of LoadServerUrlFiles without Thread
2025-09-06 11:25:53,174 [INFO] DetailPanel:341 - Set advertising image to C:/Users/aksha/STM32Cube/Repository/\en.2400x1350px.jpeg
2025-09-06 11:26:28,771 [INFO] MultiScanPanel:200 - Auto-refresh data requested => check proxy status ongoing
2025-09-06 11:26:29,029 [INFO] LoadUrlFilesThread:185 - End of LoadServerUrlFiles without Thread
2025-09-06 11:26:29,030 [INFO] DetailPanel:341 - Set advertising image to C:/Users/aksha/STM32Cube/Repository/\en.2400x1350px.jpeg
2025-09-06 11:26:29,054 [INFO] DbBoards:642 - Loading board mini-images...
2025-09-06 11:26:34,849 [ERROR] DbBoards:659 - Image file not found for board STM32MP215F-DK: C:\Users\aksha\.stmcufinder\plugins\mcufinder//mcu//boards_images/STM32MP215F-DK.jpg
2025-09-06 11:26:35,195 [INFO] DbBoards:665 - Loaded 211 board mini-images
2025-09-06 11:27:07,275 [INFO] McuFinderGlobals:76 - Set McuFinderConnectedMode to true
2025-09-06 11:27:08,000 [INFO] ApiDb:448 - Save user favorites file C:\Users\aksha/.stm32cubeide/favorites.mcus.txt: 0 item(s)
2025-09-06 11:27:08,001 [INFO] ApiDb:452 - User favorites MCUs=[]
2025-09-06 11:27:08,003 [INFO] ApiDb:448 - Save user favorites file C:\Users\aksha/.stm32cubeide/favorites.boards.txt: 1 item(s)
2025-09-06 11:27:08,003 [INFO] ApiDb:452 - User favorites Boards=[NUCLEO-F401RE]
2025-09-06 11:27:08,968 [ERROR] LogOutputStream:75 - [STDERR_REDIRECT] Exception in thread "AWT-EventQueue-0" java.lang.NullPointerException: Cannot invoke "com.st.stm32cube.common.mx.targetselector.IdeMcuFinder.cleanUp(boolean)" because "this.this$0.mcuFinder" is null
2025-09-06 11:27:08,999 [ERROR] LogOutputStream:75 - [STDERR_REDIRECT] 	at com.st.stm32cube.common.mx.targetselector.TargetSelectorAdapter$7.run(TargetSelectorAdapter.java:353)
2025-09-06 11:27:09,001 [ERROR] LogOutputStream:75 - [STDERR_REDIRECT] 	at com.st.stm32cube.common.mx.oss.core.awtswtbridge.AwtEnvironment$2.run(AwtEnvironment.java:166)
2025-09-06 11:27:09,003 [ERROR] LogOutputStream:75 - [STDERR_REDIRECT] 	at java.desktop/java.awt.event.InvocationEvent.dispatch(InvocationEvent.java:318)
2025-09-06 11:27:09,005 [ERROR] LogOutputStream:75 - [STDERR_REDIRECT] 	at java.desktop/java.awt.EventQueue.dispatchEventImpl(EventQueue.java:773)
2025-09-06 11:27:09,007 [ERROR] LogOutputStream:75 - [STDERR_REDIRECT] 	at java.desktop/java.awt.EventQueue$4.run(EventQueue.java:720)
2025-09-06 11:27:09,010 [ERROR] LogOutputStream:75 - [STDERR_REDIRECT] 	at java.desktop/java.awt.EventQueue$4.run(EventQueue.java:714)
2025-09-06 11:27:09,014 [ERROR] LogOutputStream:75 - [STDERR_REDIRECT] 	at java.base/java.security.AccessController.doPrivileged(AccessController.java:400)
2025-09-06 11:27:09,016 [ERROR] LogOutputStream:75 - [STDERR_REDIRECT] 	at java.base/java.security.ProtectionDomain$JavaSecurityAccessImpl.doIntersectionPrivilege(ProtectionDomain.java:87)
2025-09-06 11:27:09,018 [ERROR] LogOutputStream:75 - [STDERR_REDIRECT] 	at java.desktop/java.awt.EventQueue.dispatchEvent(EventQueue.java:742)
2025-09-06 11:27:09,020 [ERROR] LogOutputStream:75 - [STDERR_REDIRECT] 	at java.desktop/java.awt.EventDispatchThread.pumpOneEventForFilters(EventDispatchThread.java:203)
2025-09-06 11:27:09,022 [ERROR] LogOutputStream:75 - [STDERR_REDIRECT] 	at java.desktop/java.awt.EventDispatchThread.pumpEventsForFilter(EventDispatchThread.java:124)
2025-09-06 11:27:09,025 [ERROR] LogOutputStream:75 - [STDERR_REDIRECT] 	at java.desktop/java.awt.EventDispatchThread.pumpEventsForHierarchy(EventDispatchThread.java:113)
2025-09-06 11:27:09,029 [ERROR] LogOutputStream:75 - [STDERR_REDIRECT] 	at java.desktop/java.awt.EventDispatchThread.pumpEvents(EventDispatchThread.java:109)
2025-09-06 11:27:09,031 [ERROR] LogOutputStream:75 - [STDERR_REDIRECT] 	at java.desktop/java.awt.EventDispatchThread.pumpEvents(EventDispatchThread.java:101)
2025-09-06 11:27:09,033 [ERROR] LogOutputStream:75 - [STDERR_REDIRECT] 	at java.desktop/java.awt.EventDispatchThread.run(EventDispatchThread.java:90)
2025-09-06 11:49:48,480 [ERROR] LogOutputStream:75 - [STDERR_REDIRECT] 
2025-09-06 11:49:48,505 [ERROR] LogOutputStream:75 - [STDERR_REDIRECT] 
2025-09-06 11:57:55,149 [INFO] Activator:176 - 


2025-09-06 11:57:55,155 [INFO] Activator:177 - !SESSION log4j initialized
2025-09-06 11:58:07,659 [INFO] LogOutputStream:77 - [STDOUT_REDIRECT] 
2025-09-06 11:58:11,989 [INFO] ApplicationProperties:184 - Using Application install path: C:\ST\STM32CubeIDE_1.19.0\STM32CubeIDE\plugins\com.st.stm32cube.common.mx_6.15.0.202507011659
2025-09-06 11:58:12,020 [INFO] DbMcusXml:78 - Set database path to: C:\ST\STM32CubeIDE_1.19.0\STM32CubeIDE\plugins\com.st.stm32cube.common.mx_6.15.0.202507011659\\db\/mcu/
2025-09-06 11:58:12,021 [INFO] ApiDb:274 - Set plugin database path to: C:\ST\STM32CubeIDE_1.19.0\STM32CubeIDE\plugins\com.st.stm32cube.common.mx_6.15.0.202507011659\\db\/plugins/boardmanager/
2025-09-06 11:58:12,021 [WARN] ApiDb:259 - Overriding images path with different value:  => C:\ST\STM32CubeIDE_1.19.0\STM32CubeIDE\plugins\com.st.stm32cube.common.mx_6.15.0.202507011659\\db\/plugins/mcufinder/images/
2025-09-06 11:58:12,032 [INFO] ApiDb:250 - Set database path to: C:\Users\aksha\.stmcufinder\plugins\mcufinder//mcu/
2025-09-06 11:58:12,034 [INFO] DbMcusAds:125 - Set database path to: C:\Users\aksha\.stmcufinder\plugins\mcufinder//mcu/
2025-09-06 11:58:12,039 [INFO] CrossReferenceDbSqlite:203 - Set database path to: C:\Users\aksha\.stmcufinder\plugins\mcufinder//mcu/cs/
2025-09-06 11:58:12,251 [INFO] RulesReader:64 - Compatibility file has been processed (317 Rules)
2025-09-06 11:58:12,424 [INFO] DbMcusXml:78 - Set database path to: C:\ST\STM32CubeIDE_1.19.0\STM32CubeIDE\plugins\com.st.stm32cube.common.mx_6.15.0.202507011659\\db\/mcu/
2025-09-06 11:58:12,425 [INFO] ApiDb:274 - Set plugin database path to: C:\ST\STM32CubeIDE_1.19.0\STM32CubeIDE\plugins\com.st.stm32cube.common.mx_6.15.0.202507011659\\db\/plugins/boardmanager/
2025-09-06 11:58:12,425 [INFO] ApiDb:261 - Set plugin images path to: C:\ST\STM32CubeIDE_1.19.0\STM32CubeIDE\plugins\com.st.stm32cube.common.mx_6.15.0.202507011659\\db\/plugins/mcufinder/images/
2025-09-06 11:58:12,426 [WARN] DbFile:41 - Overriding database path with different value: C:\Users\aksha\.stmcufinder\plugins\mcufinder/ => C:\Users\aksha\.stmcufinder\plugins\mcufinder
2025-09-06 11:58:12,426 [INFO] ApiDb:250 - Set database path to: C:\Users\aksha\.stmcufinder\plugins\mcufinder//mcu/
2025-09-06 11:58:12,426 [WARN] DbFile:41 - Overriding database path with different value: C:\Users\aksha\.stmcufinder\plugins\mcufinder/ => C:\Users\aksha\.stmcufinder\plugins\mcufinder
2025-09-06 11:58:12,426 [INFO] DbMcusAds:125 - Set database path to: C:\Users\aksha\.stmcufinder\plugins\mcufinder//mcu/
2025-09-06 11:58:12,426 [WARN] DbFile:41 - Overriding database path with different value: C:\Users\aksha\.stmcufinder\plugins\mcufinder/ => C:\Users\aksha\.stmcufinder\plugins\mcufinder
2025-09-06 11:58:12,427 [WARN] DbFile:41 - Overriding database path with different value: C:\Users\aksha\.stmcufinder\plugins\mcufinder/ => C:\Users\aksha\.stmcufinder\plugins\mcufinder
2025-09-06 11:58:12,427 [INFO] CrossReferenceDbSqlite:203 - Set database path to: C:\Users\aksha\.stmcufinder\plugins\mcufinder//mcu/cs/
2025-09-06 11:58:12,562 [INFO] MainPanel:274 - HeapMemory: 268435456
2025-09-06 11:58:12,746 [INFO] DbMcusXml:78 - Set database path to: C:\ST\STM32CubeIDE_1.19.0\STM32CubeIDE\plugins\com.st.stm32cube.common.mx_6.15.0.202507011659\\db\/mcu/
2025-09-06 11:58:12,746 [INFO] ApiDb:274 - Set plugin database path to: C:\ST\STM32CubeIDE_1.19.0\STM32CubeIDE\plugins\com.st.stm32cube.common.mx_6.15.0.202507011659\\db\/plugins/boardmanager/
2025-09-06 11:58:12,746 [INFO] ApiDb:261 - Set plugin images path to: C:\ST\STM32CubeIDE_1.19.0\STM32CubeIDE\plugins\com.st.stm32cube.common.mx_6.15.0.202507011659\\db\/plugins/mcufinder/images/
2025-09-06 11:58:12,748 [WARN] DbFile:41 - Overriding database path with different value: C:\Users\aksha\.stmcufinder\plugins\mcufinder/ => C:\Users\aksha\.stmcufinder\plugins\mcufinder
2025-09-06 11:58:12,748 [INFO] ApiDb:250 - Set database path to: C:\Users\aksha\.stmcufinder\plugins\mcufinder//mcu/
2025-09-06 11:58:12,749 [WARN] DbFile:41 - Overriding database path with different value: C:\Users\aksha\.stmcufinder\plugins\mcufinder/ => C:\Users\aksha\.stmcufinder\plugins\mcufinder
2025-09-06 11:58:12,749 [INFO] DbMcusAds:125 - Set database path to: C:\Users\aksha\.stmcufinder\plugins\mcufinder//mcu/
2025-09-06 11:58:12,749 [WARN] DbFile:41 - Overriding database path with different value: C:\Users\aksha\.stmcufinder\plugins\mcufinder/ => C:\Users\aksha\.stmcufinder\plugins\mcufinder
2025-09-06 11:58:12,749 [WARN] DbFile:41 - Overriding database path with different value: C:\Users\aksha\.stmcufinder\plugins\mcufinder/ => C:\Users\aksha\.stmcufinder\plugins\mcufinder
2025-09-06 11:58:12,750 [INFO] CrossReferenceDbSqlite:203 - Set database path to: C:\Users\aksha\.stmcufinder\plugins\mcufinder//mcu/cs/
2025-09-06 11:58:12,796 [INFO] ApplicationProperties:184 - Using Application install path: C:\ST\STM32CubeIDE_1.19.0\STM32CubeIDE\plugins\com.st.stm32cube.common.mx_6.15.0.202507011659
2025-09-06 11:58:12,799 [INFO] PluginManage:196 - Search for loadable plugins [exclusion list=, ]
2025-09-06 11:58:12,804 [INFO] PluginManage:310 - Check plugin analytics
2025-09-06 11:58:13,161 [INFO] AnalyticsPlugin:253 - Accepted Software Licenses: 
2025-09-06 11:58:13,161 [INFO] AnalyticsPlugin:255 - Accepted CMSIS Pack Licenses: 
2025-09-06 11:58:13,161 [INFO] AnalyticsPlugin:257 - Accepted Firmware Licenses: 
2025-09-06 11:58:13,162 [INFO] PluginManage:359 - Loaded plugin analytics (category:tool,tabindex:-1)
2025-09-06 11:58:13,163 [INFO] PluginManage:310 - Check plugin cadmodel
2025-09-06 11:58:13,172 [INFO] CADModel:105 - Init CAD model plugin
2025-09-06 11:58:13,172 [INFO] PluginManage:359 - Loaded plugin cadmodel (category:power,tabindex:5)
2025-09-06 11:58:13,173 [INFO] PluginManage:310 - Check plugin clock
2025-09-06 11:58:13,190 [INFO] PluginManage:359 - Loaded plugin clock (category:base,tabindex:2)
2025-09-06 11:58:13,191 [INFO] PluginManage:310 - Check plugin ddr
2025-09-06 11:58:13,197 [INFO] PluginManage:359 - Loaded plugin ddr (category:tool,tabindex:6)
2025-09-06 11:58:13,198 [INFO] PluginManage:310 - Check plugin filemanager
2025-09-06 11:58:13,446 [INFO] PluginManage:359 - Loaded plugin filemanager (category:base,tabindex:10)
2025-09-06 11:58:13,446 [INFO] PluginManage:310 - Check plugin ipmanager
2025-09-06 11:58:13,460 [INFO] PluginManage:359 - Loaded plugin ipmanager (category:base,tabindex:5)
2025-09-06 11:58:13,461 [INFO] PluginManage:310 - Check plugin lpbam
2025-09-06 11:58:13,477 [INFO] PluginManage:359 - Loaded plugin lpbam (category:base,tabindex:0)
2025-09-06 11:58:13,477 [INFO] PluginManage:310 - Check plugin memorymap
2025-09-06 11:58:13,509 [INFO] PluginManage:359 - Loaded plugin memorymap (category:base,tabindex:4)
2025-09-06 11:58:13,509 [INFO] PluginManage:310 - Check plugin pinoutandconfiguration
2025-09-06 11:58:13,529 [INFO] PluginManage:359 - Loaded plugin pinoutandconfiguration (category:base,tabindex:1)
2025-09-06 11:58:13,529 [INFO] PluginManage:310 - Check plugin pinoutconfig
2025-09-06 11:58:13,751 [WARN] SupportedApi:132 - Cannot load RTOS API schema: s4s-elt-must-match.1: The content of 'definitions' must match (annotation?, (simpleType | complexType)?, (unique | key | keyref)*)). A problem was found starting at: attribute.
2025-09-06 11:58:14,013 [INFO] PluginManage:359 - Loaded plugin pinoutconfig (category:base,tabindex:0)
2025-09-06 11:58:14,014 [INFO] PluginManage:310 - Check plugin power
2025-09-06 11:58:14,029 [INFO] PluginManage:359 - Loaded plugin power (category:power,tabindex:4)
2025-09-06 11:58:14,030 [INFO] PluginManage:310 - Check plugin projectmanager
2025-09-06 11:58:14,057 [INFO] PluginManage:359 - Loaded plugin projectmanager (category:projectmanager,tabindex:4)
2025-09-06 11:58:14,057 [INFO] PluginManage:310 - Check plugin rif
2025-09-06 11:58:14,074 [INFO] PluginManage:359 - Loaded plugin rif (category:base,tabindex:3)
2025-09-06 11:58:14,075 [INFO] PluginManage:310 - Check plugin thirdparty
2025-09-06 11:58:14,302 [WARN] IntegrityCheckThread:84 - waiting for thirdparty lock release [integrity check]
2025-09-06 11:58:14,303 [INFO] PluginManage:359 - Loaded plugin thirdparty (category:base,tabindex:-1)
2025-09-06 11:58:14,303 [INFO] IntegrityCheckThread:86 - entering critical section [integrity check]
2025-09-06 11:58:14,303 [INFO] PluginManage:310 - Check plugin tools
2025-09-06 11:58:14,304 [INFO] ThirdPartyUpdaterWithRetryManager:70 - Updater plugin not ready yet. [1/15]
2025-09-06 11:58:14,307 [INFO] PluginManage:359 - Loaded plugin tools (category:base,tabindex:7)
2025-09-06 11:58:14,307 [INFO] PluginManage:310 - Check plugin tutovideos
2025-09-06 11:58:15,401 [INFO] PluginManage:359 - Loaded plugin tutovideos (category:base,tabindex:-1)
2025-09-06 11:58:15,401 [INFO] PluginManage:310 - Check plugin updater
2025-09-06 11:58:15,519 [INFO] PluginManage:359 - Loaded plugin updater (category:base,tabindex:12)
2025-09-06 11:58:15,520 [INFO] PluginManage:310 - Check plugin userauth
2025-09-06 11:58:15,526 [INFO] UserAuth:118 - Init User Auth plugin
2025-09-06 11:58:15,527 [INFO] PluginManage:359 - Loaded plugin userauth (category:base,tabindex:14)
2025-09-06 11:58:15,529 [INFO] PluginManage:283 - PluginManage : Loaded plugins [18]
2025-09-06 11:58:16,015 [INFO] PinOutPanel:1589 - setPackage(No Configuration,No Configuration)
2025-09-06 11:58:16,211 [INFO] CADModel:165 - CPN selected for project level
2025-09-06 11:58:16,211 [INFO] CADModel:114 - Register for checkConnection events
2025-09-06 11:58:16,242 [INFO] IPUIPlugin:80 - create IPUIPlugin
2025-09-06 11:58:16,243 [INFO] PluginManager:220 - loadIPPluginJar : add adc
2025-09-06 11:58:16,248 [INFO] IPUIPlugin:80 - create IPUIPlugin
2025-09-06 11:58:16,248 [INFO] PluginManager:220 - loadIPPluginJar : add aes
2025-09-06 11:58:16,253 [INFO] IPUIPlugin:80 - create IPUIPlugin
2025-09-06 11:58:16,254 [INFO] PluginManager:220 - loadIPPluginJar : add can
2025-09-06 11:58:16,257 [INFO] IPUIPlugin:80 - create IPUIPlugin
2025-09-06 11:58:16,257 [INFO] PluginManager:220 - loadIPPluginJar : add comp
2025-09-06 11:58:16,275 [INFO] IPUIPlugin:80 - create IPUIPlugin
2025-09-06 11:58:16,276 [INFO] PluginManager:220 - loadIPPluginJar : add cryp
2025-09-06 11:58:16,319 [INFO] IPUIPlugin:80 - create IPUIPlugin
2025-09-06 11:58:16,319 [INFO] PluginManager:220 - loadIPPluginJar : add ddr_ctrl_phy
2025-09-06 11:58:16,323 [INFO] IPUIPlugin:80 - create IPUIPlugin
2025-09-06 11:58:16,323 [INFO] PluginManager:220 - loadIPPluginJar : add dfsdm
2025-09-06 11:58:16,334 [INFO] IPUIPlugin:80 - create IPUIPlugin
2025-09-06 11:58:16,336 [INFO] PluginManager:220 - loadIPPluginJar : add dma
2025-09-06 11:58:16,341 [INFO] IPUIPlugin:80 - create IPUIPlugin
2025-09-06 11:58:16,342 [INFO] PluginManager:220 - loadIPPluginJar : add dma3
2025-09-06 11:58:16,349 [INFO] IPUIPlugin:80 - create IPUIPlugin
2025-09-06 11:58:16,350 [INFO] PluginManager:220 - loadIPPluginJar : add extmemmanager
2025-09-06 11:58:16,353 [INFO] IPUIPlugin:80 - create IPUIPlugin
2025-09-06 11:58:16,354 [INFO] PluginManager:220 - loadIPPluginJar : add fatfs
2025-09-06 11:58:16,365 [INFO] IPUIPlugin:80 - create IPUIPlugin
2025-09-06 11:58:16,365 [INFO] PluginManager:220 - loadIPPluginJar : add fmc
2025-09-06 11:58:16,378 [INFO] IPUIPlugin:80 - create IPUIPlugin
2025-09-06 11:58:16,379 [INFO] PluginManager:220 - loadIPPluginJar : add freertos
2025-09-06 11:58:16,382 [INFO] IPUIPlugin:80 - create IPUIPlugin
2025-09-06 11:58:16,383 [INFO] PluginManager:220 - loadIPPluginJar : add genericplugin
2025-09-06 11:58:16,388 [INFO] IPUIPlugin:80 - create IPUIPlugin
2025-09-06 11:58:16,389 [INFO] PluginManager:220 - loadIPPluginJar : add gfxmmu
2025-09-06 11:58:16,397 [INFO] IPUIPlugin:80 - create IPUIPlugin
2025-09-06 11:58:16,398 [INFO] PluginManager:220 - loadIPPluginJar : add gic
2025-09-06 11:58:16,404 [INFO] IPUIPlugin:80 - create IPUIPlugin
2025-09-06 11:58:16,404 [INFO] PluginManager:220 - loadIPPluginJar : add gpio
2025-09-06 11:58:16,410 [INFO] IPUIPlugin:80 - create IPUIPlugin
2025-09-06 11:58:16,411 [INFO] PluginManager:220 - loadIPPluginJar : add gtzc
2025-09-06 11:58:16,415 [INFO] IPUIPlugin:80 - create IPUIPlugin
2025-09-06 11:58:16,415 [INFO] PluginManager:220 - loadIPPluginJar : add hash
2025-09-06 11:58:16,420 [INFO] IPUIPlugin:80 - create IPUIPlugin
2025-09-06 11:58:16,420 [INFO] PluginManager:220 - loadIPPluginJar : add i2c
2025-09-06 11:58:16,425 [INFO] IPUIPlugin:80 - create IPUIPlugin
2025-09-06 11:58:16,425 [INFO] PluginManager:220 - loadIPPluginJar : add i2s
2025-09-06 11:58:16,430 [INFO] IPUIPlugin:80 - create IPUIPlugin
2025-09-06 11:58:16,430 [INFO] PluginManager:220 - loadIPPluginJar : add i3c
2025-09-06 11:58:16,436 [INFO] IPUIPlugin:80 - create IPUIPlugin
2025-09-06 11:58:16,436 [INFO] PluginManager:220 - loadIPPluginJar : add ipddr
2025-09-06 11:58:16,450 [INFO] IPUIPlugin:80 - create IPUIPlugin
2025-09-06 11:58:16,450 [INFO] PluginManager:220 - loadIPPluginJar : add linkedlist
2025-09-06 11:58:16,455 [INFO] IPUIPlugin:80 - create IPUIPlugin
2025-09-06 11:58:16,455 [INFO] PluginManager:220 - loadIPPluginJar : add lorawan
2025-09-06 11:58:16,458 [INFO] IPUIPlugin:80 - create IPUIPlugin
2025-09-06 11:58:16,458 [INFO] PluginManager:220 - loadIPPluginJar : add ltdc
2025-09-06 11:58:16,470 [INFO] IPUIPlugin:80 - create IPUIPlugin
2025-09-06 11:58:16,470 [INFO] PluginManager:220 - loadIPPluginJar : add mdma
2025-09-06 11:58:16,476 [INFO] IPUIPlugin:80 - create IPUIPlugin
2025-09-06 11:58:16,477 [INFO] PluginManager:220 - loadIPPluginJar : add nvic
2025-09-06 11:58:16,482 [INFO] IPUIPlugin:80 - create IPUIPlugin
2025-09-06 11:58:16,482 [INFO] PluginManager:220 - loadIPPluginJar : add opamp
2025-09-06 11:58:16,487 [INFO] IPUIPlugin:80 - create IPUIPlugin
2025-09-06 11:58:16,487 [INFO] PluginManager:220 - loadIPPluginJar : add openamp
2025-09-06 11:58:16,492 [INFO] IPUIPlugin:80 - create IPUIPlugin
2025-09-06 11:58:16,493 [INFO] PluginManager:220 - loadIPPluginJar : add pdm2pcm
2025-09-06 11:58:16,502 [INFO] IPUIPlugin:80 - create IPUIPlugin
2025-09-06 11:58:16,507 [INFO] PluginManager:220 - loadIPPluginJar : add plateformsettings
2025-09-06 11:58:16,510 [INFO] IPUIPlugin:80 - create IPUIPlugin
2025-09-06 11:58:16,511 [INFO] PluginManager:220 - loadIPPluginJar : add quadspi
2025-09-06 11:58:16,514 [INFO] IPUIPlugin:80 - create IPUIPlugin
2025-09-06 11:58:16,515 [INFO] PluginManager:220 - loadIPPluginJar : add radio
2025-09-06 11:58:16,522 [INFO] IPUIPlugin:80 - create IPUIPlugin
2025-09-06 11:58:16,522 [INFO] PluginManager:220 - loadIPPluginJar : add resmgrutility
2025-09-06 11:58:16,528 [INFO] IPUIPlugin:80 - create IPUIPlugin
2025-09-06 11:58:16,528 [INFO] PluginManager:220 - loadIPPluginJar : add sai
2025-09-06 11:58:16,532 [INFO] IPUIPlugin:80 - create IPUIPlugin
2025-09-06 11:58:16,532 [INFO] PluginManager:220 - loadIPPluginJar : add spi
2025-09-06 11:58:16,542 [INFO] IPUIPlugin:80 - create IPUIPlugin
2025-09-06 11:58:16,543 [INFO] PluginManager:220 - loadIPPluginJar : add stm32_wpan
2025-09-06 11:58:16,546 [INFO] IPUIPlugin:80 - create IPUIPlugin
2025-09-06 11:58:16,546 [INFO] PluginManager:220 - loadIPPluginJar : add tim
2025-09-06 11:58:16,551 [INFO] IPUIPlugin:80 - create IPUIPlugin
2025-09-06 11:58:16,552 [INFO] PluginManager:220 - loadIPPluginJar : add touchsensing
2025-09-06 11:58:16,555 [INFO] IPUIPlugin:80 - create IPUIPlugin
2025-09-06 11:58:16,556 [INFO] PluginManager:220 - loadIPPluginJar : add tracer_emb
2025-09-06 11:58:16,559 [INFO] IPUIPlugin:80 - create IPUIPlugin
2025-09-06 11:58:16,559 [INFO] PluginManager:220 - loadIPPluginJar : add ts
2025-09-06 11:58:16,562 [INFO] IPUIPlugin:80 - create IPUIPlugin
2025-09-06 11:58:16,562 [INFO] PluginManager:220 - loadIPPluginJar : add tsc
2025-09-06 11:58:16,565 [INFO] IPUIPlugin:80 - create IPUIPlugin
2025-09-06 11:58:16,567 [INFO] PluginManager:220 - loadIPPluginJar : add ucpd
2025-09-06 11:58:16,571 [INFO] IPUIPlugin:80 - create IPUIPlugin
2025-09-06 11:58:16,572 [INFO] PluginManager:220 - loadIPPluginJar : add usart
2025-09-06 11:58:16,577 [INFO] IPUIPlugin:80 - create IPUIPlugin
2025-09-06 11:58:16,577 [INFO] PluginManager:220 - loadIPPluginJar : add usbx
2025-09-06 11:58:16,756 [FATAL] Updater:351 - Updater called before beeing initialized
2025-09-06 11:58:16,867 [INFO] RulesReader:64 - Compatibility file has been processed (317 Rules)
2025-09-06 11:58:16,895 [INFO] RulesReader:64 - Compatibility file has been processed (317 Rules)
2025-09-06 11:58:16,912 [INFO] CADModel:165 - CPN selected for project level
2025-09-06 11:58:16,912 [INFO] CADModel:114 - Register for checkConnection events
2025-09-06 11:58:16,912 [FATAL] Updater:351 - Updater called before beeing initialized
2025-09-06 11:58:16,912 [ERROR] CADModel:125 - Updater not yet initialized, retry later 
2025-09-06 11:58:16,939 [INFO] McuFinderGlobals:63 - Set McuFinder mode to 2 (CubeIDE integrated)
2025-09-06 11:58:17,304 [INFO] ThirdPartyUpdaterWithRetryManager:70 - Updater plugin not ready yet. [2/15]
2025-09-06 11:58:17,312 [FATAL] Updater:351 - Updater called before beeing initialized
2025-09-06 11:58:17,317 [INFO] CADModel:165 - CPN selected for project level
2025-09-06 11:58:17,317 [INFO] CADModel:114 - Register for checkConnection events
2025-09-06 11:58:17,318 [FATAL] Updater:351 - Updater called before beeing initialized
2025-09-06 11:58:17,318 [ERROR] CADModel:125 - Updater not yet initialized, retry later 
2025-09-06 11:58:17,326 [FATAL] Updater:351 - Updater called before beeing initialized
2025-09-06 11:58:17,495 [FATAL] Updater:351 - Updater called before beeing initialized
2025-09-06 11:58:17,503 [INFO] DbMcusAds:53 - JSON generation date=Tue Jul 08 13:44:23 IST 2025 (1751962463582)
2025-09-06 11:58:17,504 [FATAL] Updater:351 - Updater called before beeing initialized
2025-09-06 11:58:17,576 [WARN] DetailPanel:346 - Failed to get advertising image, set to default
2025-09-06 11:58:17,734 [FATAL] Updater:351 - Updater called before beeing initialized
2025-09-06 11:58:17,737 [FATAL] Updater:351 - Updater called before beeing initialized
2025-09-06 11:58:17,737 [FATAL] Updater:351 - Updater called before beeing initialized
2025-09-06 11:58:17,738 [WARN] DetailPanel:346 - Failed to get advertising image, set to default
2025-09-06 11:58:17,739 [FATAL] Updater:351 - Updater called before beeing initialized
2025-09-06 11:58:17,820 [ERROR] Updater:1198 - MainUpdater not yet initialized. External WinMGr cannot be set.
2025-09-06 11:58:17,822 [INFO] Updater:1134 - Updater Version found : 6.15.0
2025-09-06 11:58:17,856 [INFO] ApplicationProperties:184 - Using Application install path: C:\ST\STM32CubeIDE_1.19.0\STM32CubeIDE\plugins\com.st.stm32cube.common.mx_6.15.0.202507011659
2025-09-06 11:58:19,446 [ERROR] LogOutputStream:75 - [STDERR_REDIRECT] Sep 06, 2025 11:58:19 AM java.util.prefs.WindowsPreferences <init>
2025-09-06 11:58:19,450 [ERROR] LogOutputStream:75 - [STDERR_REDIRECT] WARNING: Could not open/create prefs root node Software\JavaSoft\Prefs at root 0xffffffff80000002. Windows RegCreateKeyEx(...) returned error code 5.
2025-09-06 11:58:19,451 [ERROR] LogOutputStream:75 - [STDERR_REDIRECT] 
2025-09-06 11:58:19,999 [INFO] MainUpdater:2872 - connection check result : 10
2025-09-06 11:58:20,001 [INFO] MainUpdater:289 - Updater Check For Update Now.
2025-09-06 11:58:20,001 [INFO] MicroXplorer:498 - Change Database Version : DB.6.0.150
2025-09-06 11:58:20,021 [INFO] McuFinderGlobals:63 - Set McuFinder mode to 2 (CubeIDE integrated)
2025-09-06 11:58:20,021 [INFO] UserAuth:171 - activating auth plugin
2025-09-06 11:58:20,031 [INFO] UserAuth:487 - Internet connection configuration mode: 1
2025-09-06 11:58:20,081 [INFO] JxBrowserEngine:152 - Initiate JxBrowser Engine with user profile folder
2025-09-06 11:58:20,252 [INFO] CheckServerUpdateThread:120 - End of CheckServer Thread
2025-09-06 11:58:20,630 [INFO] MainUpdater:2872 - connection check result : 10
2025-09-06 11:58:20,838 [WARN] PackLoader:240 - Cannot read IP mode file for STMicroelectronics.FP-SNS-MOTENVWB1.1.4.0
2025-09-06 11:58:20,856 [WARN] PackLoader:240 - Cannot read IP mode file for STMicroelectronics.FP-ATR-ASTRA1.2.0.2
2025-09-06 11:58:20,872 [WARN] PackLoader:240 - Cannot read IP mode file for STMicroelectronics.X-CUBE-SMBUS.2.1.0
2025-09-06 11:58:20,880 [WARN] PackLoader:240 - Cannot read IP mode file for STMicroelectronics.X-CUBE-ST60.1.0.0
2025-09-06 11:58:20,979 [WARN] PackLoader:240 - Cannot read IP mode file for STMicroelectronics.X-CUBE-AZRTOS-F7.1.1.0
2025-09-06 11:58:21,015 [WARN] PackLoader:240 - Cannot read IP mode file for WES.I-CUBE-Cesium.1.4.0
2025-09-06 11:58:21,148 [WARN] PackLoader:240 - Cannot read IP mode file for Infineon.AIROC-Wi-Fi-Bluetooth-STM32.1.7.1
2025-09-06 11:58:21,254 [WARN] PackLoader:240 - Cannot read IP mode file for STMicroelectronics.X-CUBE-AZRTOS-H7.3.4.0
2025-09-06 11:58:21,312 [WARN] PackLoader:240 - Cannot read IP mode file for STMicroelectronics.X-CUBE-DISPLAY.3.0.0
2025-09-06 11:58:21,339 [WARN] PackLoader:240 - Cannot read IP mode file for STMicroelectronics.X-CUBE-NFC10.1.0.0
2025-09-06 11:58:21,349 [WARN] PackLoader:240 - Cannot read IP mode file for emotas.I-CUBE-CANOPEN.1.3.0
2025-09-06 11:58:21,362 [WARN] PackLoader:240 - Cannot read IP mode file for STMicroelectronics.FP-SNS-STBOX1.2.1.0
2025-09-06 11:58:21,375 [WARN] PackLoader:240 - Cannot read IP mode file for STMicroelectronics.FP-SNS-SMARTAG2.1.2.0
2025-09-06 11:58:21,383 [WARN] PackLoader:240 - Cannot read IP mode file for STMicroelectronics.FP-SNS-FLIGHT1.5.1.0
2025-09-06 11:58:21,403 [INFO] LogOutputStream:77 - [STDOUT_REDIRECT] 1 : Invalid condition id : UX_CORESTACK_Condition cause : null
2025-09-06 11:58:21,404 [INFO] LogOutputStream:77 - [STDOUT_REDIRECT] 1 : Invalid condition id : UX_CORESTACK_Condition cause : null
2025-09-06 11:58:21,407 [INFO] LogOutputStream:77 - [STDOUT_REDIRECT] 1 : Invalid condition id : UX_CORESTACK_Condition cause : null
2025-09-06 11:58:21,410 [INFO] LogOutputStream:77 - [STDOUT_REDIRECT] 1 : Invalid condition id : UX_CORESTACK_Condition cause : null
2025-09-06 11:58:21,412 [INFO] LogOutputStream:77 - [STDOUT_REDIRECT] 1 : Invalid condition id : UX_CORESTACK_Condition cause : null
2025-09-06 11:58:21,419 [WARN] PackLoader:240 - Cannot read IP mode file for STMicroelectronics.X-CUBE-AZRTOS-WL.2.0.0
2025-09-06 11:58:21,432 [WARN] PackLoader:240 - Cannot read IP mode file for STMicroelectronics.FP-SNS-MOTENV1.5.0.0
2025-09-06 11:58:21,449 [WARN] PackLoader:240 - Cannot read IP mode file for STMicroelectronics.X-CUBE-BLE2.3.3.0
2025-09-06 11:58:21,470 [WARN] PackLoader:240 - Cannot read IP mode file for STMicroelectronics.X-CUBE-NFC9.1.0.0
2025-09-06 11:58:21,563 [WARN] PackLoader:240 - Cannot read IP mode file for wolfSSL.I-CUBE-wolfSSL.5.8.2
2025-09-06 11:58:21,588 [WARN] PackLoader:240 - Cannot read IP mode file for STMicroelectronics.X-CUBE-BLE1.7.1.0
2025-09-06 11:58:21,598 [WARN] PackLoader:240 - Cannot read IP mode file for wolfSSL.I-CUBE-wolfMQTT.1.19.2
2025-09-06 11:58:21,616 [WARN] PackLoader:240 - Cannot read IP mode file for STMicroelectronics.X-CUBE-EEPRMA1.5.2.0
2025-09-06 11:58:21,657 [WARN] PackLoader:240 - Cannot read IP mode file for STMicroelectronics.X-CUBE-AZRTOS-G0.1.1.0
2025-09-06 11:58:21,669 [WARN] PackLoader:240 - Cannot read IP mode file for STMicroelectronics.X-CUBE-SAFEA1.1.2.2
2025-09-06 11:58:21,678 [WARN] PackLoader:240 - Cannot read IP mode file for STMicroelectronics.X-CUBE-NFC4.3.0.0
2025-09-06 11:58:21,694 [WARN] PackLoader:240 - Cannot read IP mode file for EmbeddedOffice.I-CUBE-FS-RTOS.1.0.1
2025-09-06 11:58:21,703 [WARN] PackLoader:240 - Cannot read IP mode file for STMicroelectronics.X-CUBE-WB05N.2.0.0
2025-09-06 11:58:21,710 [WARN] PackLoader:240 - Cannot read IP mode file for wolfSSL.I-CUBE-wolfTPM.3.8.0
2025-09-06 11:58:21,718 [WARN] PackLoader:240 - Cannot read IP mode file for STMicroelectronics.X-CUBE-TCPP.4.2.0
2025-09-06 11:58:21,729 [WARN] PackLoader:240 - Cannot read IP mode file for RealThread.X-CUBE-RT-Thread_Nano.4.1.1
2025-09-06 11:58:21,735 [WARN] PackLoader:240 - Cannot read IP mode file for STMicroelectronics.FP-ATR-SIGFOX1.3.2.0
2025-09-06 11:58:21,748 [WARN] PackLoader:240 - Cannot read IP mode file for ITTIA_DB.I-CUBE-ITTIADB.8.9.0
2025-09-06 11:58:21,760 [WARN] PackLoader:240 - Cannot read IP mode file for STMicroelectronics.X-CUBE-ST67W61.1.0.0
2025-09-06 11:58:21,768 [WARN] PackLoader:240 - Cannot read IP mode file for STMicroelectronics.X-CUBE-AI.10.2.0
2025-09-06 11:58:21,835 [WARN] PackLoader:240 - Cannot read IP mode file for SEGGER.I-CUBE-embOS.1.3.1
2025-09-06 11:58:21,965 [WARN] PackLoader:240 - Cannot read IP mode file for STMicroelectronics.X-CUBE-ALGOBUILD.1.4.0
2025-09-06 11:58:22,083 [WARN] PackLoader:240 - Cannot read IP mode file for STMicroelectronics.X-CUBE-MEMS1.11.3.0
2025-09-06 11:58:22,171 [INFO] ApiDb:581 - Connected to CubeFinder SQLite database (C:\Users\aksha\.stmcufinder\plugins\mcufinder\mcu\cube-finder-db.db)
2025-09-06 11:58:22,364 [WARN] PackLoader:240 - Cannot read IP mode file for STMicroelectronics.X-CUBE-PM33A1.1.0.0
2025-09-06 11:58:22,394 [WARN] PackLoader:240 - Cannot read IP mode file for STMicroelectronics.X-CUBE-AZRTOS-F4.1.1.0
2025-09-06 11:58:22,406 [WARN] PackLoader:240 - Cannot read IP mode file for Avnet-IotConnect.X-CUBE-IoTC-DA16k-PMOD.1.0.0
2025-09-06 11:58:22,409 [INFO] ApiDb:668 - CubeFinder database Data Model version=2.1
2025-09-06 11:58:22,409 [INFO] ApiDb:669 - CubeFinder database Configuration version=3.0.39
2025-09-06 11:58:22,410 [INFO] ApiDb:670 - CubeFinder database generation date=2025-07-24 (1753349077)
2025-09-06 11:58:22,410 [INFO] ApiDb:671 - CubeFinder database FW Pack versions=[FP-ATR-ASTRA1_V2.0.0, FP-SNS-FLIGHT1_V5.1.0, FP-SNS-MOTENV1_V5.0.0, FP-SNS-MOTENVWB1_V1.4.0, FP-SNS-SMARTAG2_V1.2.0, FP-SNS-STBOX1_V2.0.0, STM32Cube_FW_C0_V1.4.0, STM32Cube_FW_F4_V1.28.2, STM32Cube_FW_F7_V1.17.3, STM32Cube_FW_G0_V1.6.2, STM32Cube_FW_G4_V1.6.1, STM32Cube_FW_H5_V1.5.0, STM32Cube_FW_H7RS_V1.2.0, STM32Cube_FW_H7_V1.12.1, STM32Cube_FW_L0_V1.12.2, STM32Cube_FW_L4_V1.18.1, STM32Cube_FW_L5_V1.5.1, STM32Cube_FW_N6_V1.2.0, STM32Cube_FW_U0_V1.3.0, STM32Cube_FW_U3_V1.2.0, STM32Cube_FW_U5_V1.8.0, STM32Cube_FW_WB0_V1.3.0, STM32Cube_FW_WBA_V1.7.0, STM32Cube_FW_WB_V1.23.0, STM32Cube_FW_WL3_V1.2.0, STM32Cube_FW_WL_V1.3.1, X-CUBE-ALGOBUILD_V1.4.0, X-CUBE-ALS_V1.0.2, X-CUBE-AZRTOS-F4_V1.1.0, X-CUBE-AZRTOS-F7_V1.1.0, X-CUBE-AZRTOS-G0_V1.1.0, X-CUBE-AZRTOS-G4_V2.0.0, X-CUBE-AZRTOS-H7RS_V1.1.0, X-CUBE-AZRTOS-H7_V3.4.0, X-CUBE-AZRTOS-L4_V2.0.0, X-CUBE-AZRTOS-L5_V2.0.0, X-CUBE-AZRTOS-WB_V2.0.0, X-CUBE-AZRTOS-WL_V2.0.0, X-CUBE-BLE1_V7.1.0, X-CUBE-BLE2_V3.3.0, X-CUBE-BLEMGR_V4.1.0, X-CUBE-EEPRMA1_V5.2.0, X-CUBE-FREERTOS_V1.3.1, X-CUBE-GNSS1_V6.0.0, X-CUBE-MEMS1_V11.3.0, X-CUBE-NFC4_V3.0.0, X-CUBE-NFC7_V2.0.0, X-CUBE-SFXS2LP1_V4.0.0, X-CUBE-ST67W61_V1.0.0, X-CUBE-SUBG2_V5.0.0, X-CUBE-TOF1_V3.4.3]
2025-09-06 11:58:22,412 [WARN] PackLoader:240 - Cannot read IP mode file for STMicroelectronics.X-CUBE-ISPU.2.1.0
2025-09-06 11:58:22,423 [WARN] PackLoader:240 - Cannot read IP mode file for STMicroelectronics.X-CUBE-NFC12.1.0.0
2025-09-06 11:58:22,459 [WARN] PackLoader:240 - Cannot read IP mode file for STMicroelectronics.X-CUBE-AZRTOS-L5.2.0.0
2025-09-06 11:58:22,476 [WARN] PackLoader:240 - Cannot read IP mode file for STMicroelectronics.X-CUBE-NFC6.3.1.0
2025-09-06 11:58:22,488 [WARN] PackLoader:240 - Cannot read IP mode file for STMicroelectronics.X-CUBE-FREERTOS.1.3.1
2025-09-06 11:58:22,498 [WARN] PackLoader:240 - Cannot read IP mode file for STMicroelectronics.FP-SNS-STAIOTCFT.1.0.0
2025-09-06 11:58:22,507 [WARN] PackLoader:240 - Cannot read IP mode file for STMicroelectronics.X-CUBE-DPower.1.3.0
2025-09-06 11:58:22,536 [WARN] ConditionMgr:438 - getConditionDescription Invalid condition id : LAN8742 Phy interface Condition cause : null
2025-09-06 11:58:22,540 [WARN] PackLoader:240 - Cannot read IP mode file for STMicroelectronics.X-CUBE-AZRTOS-L4.2.0.0
2025-09-06 11:58:22,542 [WARN] ConditionMgr:1044 - genDependencies : Invalid condition id : LAN8742 Phy interface Condition cause : null
2025-09-06 11:58:22,542 [WARN] ConditionMgr:1044 - genDependencies : Invalid condition id : LAN8742 Phy interface Condition cause : null
2025-09-06 11:58:22,543 [WARN] ConditionMgr:1044 - genDependencies : Invalid condition id : LAN8742 Phy interface Condition cause : null
2025-09-06 11:58:22,555 [WARN] PackLoader:240 - Cannot read IP mode file for STMicroelectronics.X-CUBE-SFXS2LP1.4.0.0
2025-09-06 11:58:22,573 [WARN] PackLoader:240 - Cannot read IP mode file for STMicroelectronics.X-CUBE-BLEMGR.4.1.0
2025-09-06 11:58:22,601 [WARN] ConditionMgr:438 - getConditionDescription Invalid condition id : UX DEVICE CLASS RTOS Condition cause : null
2025-09-06 11:58:22,601 [WARN] ConditionMgr:438 - getConditionDescription Invalid condition id : UX DEVICE CLASS RTOS Condition cause : null
2025-09-06 11:58:22,604 [WARN] PackLoader:240 - Cannot read IP mode file for STMicroelectronics.X-CUBE-AZRTOS-WB.2.0.0
2025-09-06 11:58:22,605 [WARN] ConditionMgr:1044 - genDependencies : Invalid condition id : UX DEVICE CLASS RTOS Condition cause : null
2025-09-06 11:58:22,606 [WARN] ConditionMgr:1044 - genDependencies : Invalid condition id : UX DEVICE CLASS RTOS Condition cause : null
2025-09-06 11:58:22,606 [WARN] ConditionMgr:1044 - genDependencies : Invalid condition id : UX DEVICE CLASS RTOS Condition cause : null
2025-09-06 11:58:22,607 [WARN] ConditionMgr:1044 - genDependencies : Invalid condition id : UX DEVICE CLASS RTOS Condition cause : null
2025-09-06 11:58:22,607 [WARN] ConditionMgr:1044 - genDependencies : Invalid condition id : UX DEVICE CLASS RTOS Condition cause : null
2025-09-06 11:58:22,617 [WARN] PackLoader:240 - Cannot read IP mode file for STMicroelectronics.X-CUBE-GNSS1.7.0.1
2025-09-06 11:58:22,625 [WARN] PackLoader:240 - Cannot read IP mode file for STMicroelectronics.X-CUBE-TOUCHGFX.4.25.0
2025-09-06 11:58:22,630 [WARN] ConditionMgr:438 - getConditionDescription Invalid condition id : Cortex-A Device cause : null
2025-09-06 11:58:22,689 [WARN] ConditionMgr:1044 - genDependencies : Invalid condition id : Cortex-A Device cause : null
2025-09-06 11:58:22,689 [WARN] ConditionMgr:1044 - genDependencies : Invalid condition id : Cortex-A Device cause : null
2025-09-06 11:58:22,689 [WARN] ConditionMgr:1044 - genDependencies : Invalid condition id : Cortex-A Device cause : null
2025-09-06 11:58:22,734 [WARN] PackLoader:240 - Cannot read IP mode file for STMicroelectronics.X-CUBE-SUBG2.5.0.0
2025-09-06 11:58:22,798 [WARN] PackLoader:240 - Cannot read IP mode file for STMicroelectronics.X-CUBE-AZRTOS-H7RS.1.1.0
2025-09-06 11:58:22,810 [WARN] PackLoader:240 - Cannot read IP mode file for Cesanta.I-CUBE-Mongoose.7.13.0
2025-09-06 11:58:22,840 [WARN] PackLoader:240 - Cannot read IP mode file for STMicroelectronics.X-CUBE-AZRTOS-G4.2.0.0
2025-09-06 11:58:22,854 [WARN] PackLoader:240 - Cannot read IP mode file for wolfSSL.I-CUBE-wolfSSH.1.4.20
2025-09-06 11:58:22,864 [WARN] PackLoader:240 - Cannot read IP mode file for STMicroelectronics.X-CUBE-NFC7.2.0.0
2025-09-06 11:58:22,898 [WARN] PackLoader:240 - Cannot read IP mode file for STMicroelectronics.X-CUBE-IPS.3.1.0
2025-09-06 11:58:22,931 [WARN] PackLoader:240 - Cannot read IP mode file for STMicroelectronics.X-CUBE-ALS.1.0.2
2025-09-06 11:58:22,955 [WARN] PackLoader:240 - Cannot read IP mode file for STMicroelectronics.X-CUBE-STSE01.1.0.0
2025-09-06 11:58:23,103 [WARN] PackLoader:240 - Cannot read IP mode file for STMicroelectronics.X-CUBE-TOF1.3.4.3
2025-09-06 11:58:23,130 [INFO] ThirdParty:978 - Integrity check success = true
2025-09-06 11:58:23,130 [INFO] IntegrityCheckThread:100 - exiting critical section [integrity check]
2025-09-06 11:58:23,130 [INFO] IntegrityCheckThread:103 - End integrity checks thread
2025-09-06 11:58:24,525 [INFO] WebApp:169 - Instantiating new browser for Auth
2025-09-06 11:58:27,634 [INFO] WebApp:463 - Apply proxy settings
2025-09-06 11:58:27,635 [INFO] WebApp:548 - Chromium requires no authentication
2025-09-06 11:58:27,654 [INFO] WebApp:491 - Direct internet connection detected
2025-09-06 11:58:27,698 [INFO] WebApp:900 - Register for checkConnection events
2025-09-06 11:58:27,698 [INFO] WebApp:463 - Apply proxy settings
2025-09-06 11:58:27,698 [INFO] WebApp:548 - Chromium requires no authentication
2025-09-06 11:58:27,699 [INFO] WebApp:491 - Direct internet connection detected
2025-09-06 11:58:28,073 [INFO] WebApp:225 - Starting web application
2025-09-06 11:58:28,073 [INFO] WebApp:593 - Web application path used C:\ST\STM32CubeIDE_1.19.0\STM32CubeIDE\plugins\com.st.stm32cube.common.mx_6.15.0.202507011659\db\plugins\mcufinder\reactClient1\index.html
2025-09-06 11:58:29,893 [INFO] WebApp:191 - Connection restablished
2025-09-06 11:58:29,968 [INFO] ApiDb:240 - Found 880 in-development CPN: [B-G473E-ZEST1S, B-WB1M-WPAN1, B-WBA5M-WPAN, B-WL5M-SUBG1, NUCLEO-C031C6, NUCLEO-C051C8, NUCLEO-C071RB, NUCLEO-C092RC, NUCLEO-H503RB, NUCLEO-H533RE, NUCLEO-H563ZI, NUCLEO-H7S3L8, NUCLEO-N657X0-Q, NUCLEO-U031R8, NUCLEO-U083RC, NUCLEO-U385RG-Q, NUCLEO-U545RE-Q, NUCLEO-U5A5ZJ-Q, NUCLEO-WB05KZ, NUCLEO-WB07CC, NUCLEO-WB09KE, NUCLEO-WBA52CG, NUCLEO-WBA55CG, NUCLEO-WL33CC1, NUCLEO-WL33CC2, STEVAL-PROTEUS1, STEVAL-SMARTAG2, STEVAL-STWINBX1, STM320518-EVAL, STM32C0116-DK, STM32C011D6Y3TR, STM32C011D6Y6TR, STM32C011F4P3, STM32C011F4P6, STM32C011F4U3, STM32C011F4U6TR, STM32C011F6P3, STM32C011F6P6, STM32C011F6U3, STM32C011F6U6TR, STM32C011J4M3, STM32C011J4M6, STM32C011J6M3, STM32C011J6M6, STM32C0316-DK, STM32C031C4T3, STM32C031C4T6, STM32C031C4U3, STM32C031C4U6, STM32C031C6T3, STM32C031C6T6, STM32C031C6U3, STM32C031C6U6, STM32C031F4P3, STM32C031F4P6, STM32C031F6P3, STM32C031F6P6, STM32C031G4U3, STM32C031G4U6, STM32C031G6U3, STM32C031G6U6, STM32C031K4T3, STM32C031K4T6, STM32C031K4U3, STM32C031K4U6, STM32C031K6T3, STM32C031K6T6, STM32C031K6U3, STM32C031K6U6, STM32C051C6T6, STM32C051C6U6, STM32C051C8T6, STM32C051C8U6, STM32C051D8Y6TR, STM32C051F6P6, STM32C051F8P6, STM32C051G6U6, STM32C051G8U6, STM32C051K6T6, STM32C051K6U6, STM32C051K8T6, STM32C071C8T6, STM32C071C8T6N, STM32C071C8U6, STM32C071C8U6N, STM32C071CBT6, STM32C071CBT6N, STM32C071CBU6, STM32C071CBU6N, STM32C071F8P6, STM32C071F8P6N, STM32C071FBP6, STM32C071FBP6N, STM32C071FBY6TR, STM32C071G8U6, STM32C071G8U6N, STM32C071GBU6, STM32C071GBU6N, STM32C071K8T6, STM32C071K8T6N, STM32C071K8U6, STM32C071K8U6N, STM32C071KBT6, STM32C071KBT6N, STM32C071KBU6, STM32C071KBU6N, STM32C071R8T6, STM32C071R8T6N, STM32C071RBI6N, STM32C071RBT6, STM32C071RBT6N, STM32C091CBT6, STM32C091CBU6, STM32C091CCT6, STM32C091CCU6, STM32C091ECY6TR, STM32C091FBP6, STM32C091FCP6, STM32C091GBU6, STM32C091GCU6, STM32C091KBT6, STM32C091KBU6, STM32C091KCT6, STM32C091KCU6, STM32C091RBT6, STM32C091RCI6, STM32C091RCT6, STM32C092CBT6, STM32C092CBU6, STM32C092CCT6, STM32C092CCU6, STM32C092ECY6TR, STM32C092FBP6, STM32C092FCP6, STM32C092GBU6, STM32C092GCU6, STM32C092KBT6, STM32C092KBU6, STM32C092KCT6, STM32C092KCU6, STM32C092RBT6, STM32C092RCI6, STM32C092RCT6, STM32G071K8TXN, STM32G071K8UXN, STM32G081GBU6N, STM32G081KBT6N, STM32G081KBUXN, STM32G0B1CCT6N, STM32G0B1KCT6, STM32G0B1NEY6TR, STM32G0B1RCT6N, STM32G0C1CCT6, STM32G0C1CCT6N, STM32G0C1CCU6N, STM32G0C1CET6N, STM32G0C1CEU6N, STM32G0C1KCT6, STM32G0C1NEY6TR, STM32G0C1RCI6N, STM32G0C1RCT6N, STM32G0C1REI6N, STM32G0C1RET6N, STM32G0C1VCI6, STM32G0C1VEI6, STM32G411C6T3, STM32G411C6T6, STM32G411C6U3, STM32G411C6U6, STM32G411C8T3, STM32G411C8T6, STM32G411C8U3, STM32G411C8U6, STM32G411CBT3, STM32G411CBT6, STM32G411CBU3, STM32G411CBU6, STM32G411K6T3, STM32G411K6T6, STM32G411K6U3, STM32G411K6U6, STM32G411K8T3, STM32G411K8T6, STM32G411K8U3, STM32G411K8U6, STM32G411KBT3, STM32G411KBT6, STM32G411KBU3, STM32G411KBU6, STM32G411M6T3, STM32G411M6T6, STM32G411M8T3, STM32G411M8T6, STM32G411MBT3, STM32G411MBT6, STM32G411R6T3, STM32G411R6T6, STM32G411R8T3, STM32G411R8T6, STM32G411RBT3, STM32G411RBT6, STM32G414CBT3, STM32G414CBT6, STM32G414CBU3, STM32G414CBU6, STM32G414CCT3, STM32G414CCT6, STM32G414CCU3, STM32G414CCU6, STM32G414MBT3, STM32G414MBT6, STM32G414MCT3, STM32G414MCT6, STM32G414RBT3, STM32G414RBT6, STM32G414RCT3, STM32G414RCT6, STM32G414VBT3, STM32G414VBT6, STM32G414VCT3, STM32G414VCT6, STM32G431CBT3Z, STM32G431RBT3Z, STM32G471CCT6, STM32G471CCU6, STM32G471CET3, STM32G471CET6, STM32G471CEU3, STM32G471CEU6, STM32G471MCT6, STM32G471MET3, STM32G471MET6, STM32G471MEY6TR, STM32G471QCT6, STM32G471QET3, STM32G471RCT6, STM32G471RET3, STM32G471RET6, STM32G471VCH6, STM32G471VCI6, STM32G471VCT6, STM32G471VEH3, STM32G471VEH6, STM32G471VEI3, STM32G471VEI6, STM32G471VET3, STM32G471VET6, STM32G473QET3Z, STM32G473RET3Z, STM32G474CCT6, STM32G491RET3Z, STM32H503CBT6, STM32H503CBU6, STM32H503EBY6TR, STM32H503KBU6, STM32H503RBT6, STM32H523CCT6, STM32H523CCU6, STM32H523CET6, STM32H523CEU6, STM32H523HEY6TR, STM32H523RCT6, STM32H523RET6, STM32H523VCI6, STM32H523VCT6, STM32H523VEI6, STM32H523VET6, STM32H523ZCJ6, STM32H523ZCT6, STM32H523ZEJ6, STM32H523ZET6, STM32H533CET6, STM32H533CEU6, STM32H533HEY6TR, STM32H533RET6, STM32H533VEI6, STM32H533VET6, STM32H533ZEJ6, STM32H533ZET6, STM32H562AGI6, STM32H562AII6, STM32H562IGK6, STM32H562IGT6, STM32H562IIK6, STM32H562IIT6, STM32H562RGT6, STM32H562RGV6, STM32H562RIT6, STM32H562RIV6, STM32H562VGT6, STM32H562VIT6, STM32H562ZGT6, STM32H562ZIT6, STM32H563AGI6, STM32H563AII3Q, STM32H563AII6, STM32H563IGK6, STM32H563IGT6, STM32H563IIK3Q, STM32H563IIK6, STM32H563IIT3Q, STM32H563IIT6, STM32H563MIY3QTR, STM32H563RGT6, STM32H563RGV6, STM32H563RIT6, STM32H563RIV6, STM32H563VGT6, STM32H563VIT3Q, STM32H563VIT6, STM32H563ZGT6, STM32H563ZIT3Q, STM32H563ZIT6, STM32H573AII3Q, STM32H573AII6, STM32H573I-DK, STM32H573IIK3Q, STM32H573IIK6, STM32H573IIT3Q, STM32H573IIT6, STM32H573MIY3QTR, STM32H573RIT6, STM32H573RIV6, STM32H573VIT3Q, STM32H573VIT6, STM32H573ZIT3Q, STM32H573ZIT6, STM32H7R3A8I6, STM32H7R3I8K6, STM32H7R3I8T6, STM32H7R3L8H6, STM32H7R3L8H6H, STM32H7R3R8V6, STM32H7R3V8H6, STM32H7R3V8T6, STM32H7R3V8Y6TR, STM32H7R3Z8J6, STM32H7R3Z8T6, STM32H7R7A8I6, STM32H7R7I8K6, STM32H7R7I8T6, STM32H7R7L8H6, STM32H7R7L8H6H, STM32H7R7Z8J6, STM32H7S3A8I6, STM32H7S3I8K6, STM32H7S3I8T6, STM32H7S3L8H6, STM32H7S3L8H6H, STM32H7S3R8V6, STM32H7S3V8H6, STM32H7S3V8T6, STM32H7S3V8Y6TR, STM32H7S3Z8J6, STM32H7S3Z8T6, STM32H7S78-DK, STM32H7S7A8I6, STM32H7S7I8K6, STM32H7S7I8T6, STM32H7S7L8H6, STM32H7S7L8H6H, STM32H7S7Z8J6, STM32L4R5QGI6STR, STM32MP131AAE3, STM32MP131AAF3, STM32MP131AAG3, STM32MP131CAE3, STM32MP131CAF3, STM32MP131CAG3, STM32MP131DAE7, STM32MP131DAF7, STM32MP131DAG7, STM32MP131FAE7, STM32MP131FAF7, STM32MP131FAG7, STM32MP133AAE3, STM32MP133AAF3, STM32MP133AAG3, STM32MP133CAE3, STM32MP133CAF3, STM32MP133CAG3, STM32MP133DAE7, STM32MP133DAF7, STM32MP133DAG7, STM32MP133FAE7, STM32MP133FAF7, STM32MP133FAG7, STM32MP135AAE3, STM32MP135AAF3, STM32MP135AAG3, STM32MP135CAE3, STM32MP135CAF3, STM32MP135CAG3, STM32MP135DAE7, STM32MP135DAF7, STM32MP135DAG7, STM32MP135F-DK, STM32MP135FAE7, STM32MP135FAF7, STM32MP135FAF7T, STM32MP135FAF7U, STM32MP135FAG7, STM32MP211AAL3, STM32MP211AAM3, STM32MP211AAN3, STM32MP211AAO3, STM32MP211CAL3, STM32MP211CAM3, STM32MP211CAN3, STM32MP211CAO3, STM32MP211DAL3, STM32MP211DAM3, STM32MP211DAN3, STM32MP211DAO3, STM32MP211FAL3, STM32MP211FAM3, STM32MP211FAN3, STM32MP211FAO3, STM32MP213AAL3, STM32MP213AAM3, STM32MP213AAN3, STM32MP213AAO3, STM32MP213CAL3, STM32MP213CAM3, STM32MP213CAN3, STM32MP213CAO3, STM32MP213DAL3, STM32MP213DAM3, STM32MP213DAN3, STM32MP213DAO3, STM32MP213FAL3, STM32MP213FAM3, STM32MP213FAN3, STM32MP213FAO3, STM32MP215AAL3, STM32MP215AAM3, STM32MP215AAN3, STM32MP215AAO3, STM32MP215CAL3, STM32MP215CAM3, STM32MP215CAN3, STM32MP215CAO3, STM32MP215DAL3, STM32MP215DAM3, STM32MP215DAN3, STM32MP215DAO3, STM32MP215F-DK, STM32MP215FAL3, STM32MP215FAM3, STM32MP215FAN3, STM32MP215FAO3, STM32MP231AAJ3, STM32MP231AAK3, STM32MP231AAL3, STM32MP231CAJ3, STM32MP231CAK3, STM32MP231CAL3, STM32MP231DAJ3, STM32MP231DAK3, STM32MP231DAL3, STM32MP231FAJ3, STM32MP231FAK3, STM32MP231FAL3, STM32MP233AAJ3, STM32MP233AAK3, STM32MP233AAL3, STM32MP233CAJ3, STM32MP233CAK3, STM32MP233CAL3, STM32MP233DAJ3, STM32MP233DAK3, STM32MP233DAL3, STM32MP233FAJ3, STM32MP233FAK3, STM32MP233FAL3, STM32MP235AAJ3, STM32MP235AAK3, STM32MP235AAL3, STM32MP235CAJ3, STM32MP235CAK3, STM32MP235CAL3, STM32MP235DAJ3, STM32MP235DAK3, STM32MP235DAL3, STM32MP235FAJ3, STM32MP235FAK3, STM32MP235FAL3, STM32MP251AAI3, STM32MP251AAK3, STM32MP251AAL3, STM32MP251CAI3, STM32MP251CAK3, STM32MP251CAL3, STM32MP251DAI3, STM32MP251DAK3, STM32MP251DAL3, STM32MP251FAI3, STM32MP251FAK3, STM32MP251FAL3, STM32MP253AAI3, STM32MP253AAK3, STM32MP253AAL3, STM32MP253CAI3, STM32MP253CAK3, STM32MP253CAL3, STM32MP253DAI3, STM32MP253DAK3, STM32MP253DAL3, STM32MP253FAI3, STM32MP253FAK3, STM32MP253FAL3, STM32MP255AAI3, STM32MP255AAK3, STM32MP255AAL3, STM32MP255CAI3, STM32MP255CAK3, STM32MP255CAL3, STM32MP255DAI3, STM32MP255DAK3, STM32MP255DAL3, STM32MP255FAI3, STM32MP255FAK3, STM32MP255FAL3, STM32MP257AAI3, STM32MP257AAK3, STM32MP257AAL3, STM32MP257CAI3, STM32MP257CAK3, STM32MP257CAL3, STM32MP257DAI3, STM32MP257DAK3, STM32MP257DAL3, STM32MP257F-DK, STM32MP257F-EV1, STM32MP257FAI3, STM32MP257FAK3, STM32MP257FAL3, STM32N645A0H3Q, STM32N645B0H3Q, STM32N645I0H3Q, STM32N645L0H3Q, STM32N645X0H3Q, STM32N645Z0H3Q, STM32N647A0H3Q, STM32N647B0H3Q, STM32N647I0H3Q, STM32N647L0H3Q, STM32N647X0H3Q, STM32N647Z0H3Q, STM32N655A0H3Q, STM32N655B0H3Q, STM32N655I0H3Q, STM32N655L0H3Q, STM32N655X0H3Q, STM32N655Z0H3Q, STM32N6570-DK, STM32N657A0H3Q, STM32N657B0H3Q, STM32N657I0H3Q, STM32N657L0H3Q, STM32N657X0H3Q, STM32N657Z0H3Q, STM32U031C6T6, STM32U031C6U6, STM32U031C8T6, STM32U031C8U6, STM32U031F4P6, STM32U031F6P6, STM32U031F8P6, STM32U031G6Y6TR, STM32U031G8Y6TR, STM32U031K4U6, STM32U031K6U6, STM32U031K8U6, STM32U031R6I6, STM32U031R6T6, STM32U031R8I6, STM32U031R8T6, STM32U073C8T6, STM32U073C8U6, STM32U073CBT6, STM32U073CBU6, STM32U073CCT6, STM32U073CCU6, STM32U073H8Y6TR, STM32U073HBY6TR, STM32U073HCY6TR, STM32U073K8U6, STM32U073KBU6, STM32U073KCU6, STM32U073M8I6, STM32U073M8T6, STM32U073MBI6, STM32U073MBT6, STM32U073MCI6, STM32U073MCT6, STM32U073R8I6, STM32U073R8T6, STM32U073RBI6, STM32U073RBT6, STM32U073RCI6, STM32U073RCT6, STM32U083C-DK, STM32U083CCT6, STM32U083CCU6, STM32U083HCY6TR, STM32U083KCU6, STM32U083MCI6, STM32U083MCT6, STM32U083RCI6, STM32U083RCT6, STM32U375CET6, STM32U375CET6Q, STM32U375CEU6, STM32U375CEU6Q, STM32U375CEY6QTR, STM32U375CGT6, STM32U375CGT6Q, STM32U375CGU6, STM32U375CGU6Q, STM32U375CGY6QTR, STM32U375KEU6, STM32U375KGU6, STM32U375REI6, STM32U375REI6Q, STM32U375RET6, STM32U375RET6Q, STM32U375REY6GTR, STM32U375REY6QTR, STM32U375RGI6, STM32U375RGI6Q, STM32U375RGT6, STM32U375RGT6Q, STM32U375RGY6GTR, STM32U375RGY6QTR, STM32U375VEI6, STM32U375VEI6Q, STM32U375VET6, STM32U375VET6Q, STM32U375VGI6, STM32U375VGI6Q, STM32U375VGT6, STM32U375VGT6Q, STM32U385CGT6, STM32U385CGT6Q, STM32U385CGU6, STM32U385CGU6Q, STM32U385CGY6QTR, STM32U385KGU6, STM32U385RGI6, STM32U385RGI6Q, STM32U385RGT6, STM32U385RGT6Q, STM32U385RGY6GTR, STM32U385RGY6QTR, STM32U385VGI6, STM32U385VGI6Q, STM32U385VGT6, STM32U385VGT6Q, STM32U535CBT6, STM32U535CBT6Q, STM32U535CBU6, STM32U535CBU6Q, STM32U535CCT6, STM32U535CCT6Q, STM32U535CCU6, STM32U535CCU6Q, STM32U535CET6, STM32U535CET6Q, STM32U535CEU6, STM32U535CEU6Q, STM32U535JEY6QTR, STM32U535NCY6QTR, STM32U535NEY6QTR, STM32U535RBI6, STM32U535RBI6Q, STM32U535RBT6, STM32U535RBT6Q, STM32U535RCI6, STM32U535RCI6Q, STM32U535RCT6, STM32U535RCT6Q, STM32U535REI6, STM32U535REI6Q, STM32U535RET6, STM32U535RET6Q, STM32U535VCI6, STM32U535VCI6Q, STM32U535VCT6, STM32U535VCT6Q, STM32U535VEI6, STM32U535VEI6Q, STM32U535VET6, STM32U535VET6Q, STM32U545CET6, STM32U545CET6Q, STM32U545CEU6, STM32U545CEU6Q, STM32U545JEY6QTR, STM32U545NEY6QTR, STM32U545REI6, STM32U545REI6Q, STM32U545RET6, STM32U545RET6Q, STM32U545VEI6, STM32U545VEI6Q, STM32U545VET6, STM32U545VET6Q, STM32U595AIH6, STM32U595AIH6Q, STM32U595AJH6, STM32U595AJH6Q, STM32U595QII6, STM32U595QII6Q, STM32U595QJI6, STM32U595QJI6Q, STM32U595RIT6, STM32U595RIT6Q, STM32U595RJT6, STM32U595RJT6Q, STM32U595VIT6, STM32U595VIT6Q, STM32U595VJT6, STM32U595VJT6Q, STM32U595ZIT6, STM32U595ZIT6Q, STM32U595ZIY6QTR, STM32U595ZJT6, STM32U595ZJT6Q, STM32U595ZJY6QTR, STM32U599BJY6QTR, STM32U599NIH6Q, STM32U599NJH6Q, STM32U599VIT6Q, STM32U599VJT6, STM32U599VJT6Q, STM32U599ZIT6Q, STM32U599ZIY6QTR, STM32U599ZJT6Q, STM32U599ZJY6QTR, STM32U5A5AJH6, STM32U5A5AJH6Q, STM32U5A5QII3Q , STM32U5A5QJI6, STM32U5A5QJI6Q, STM32U5A5RJT6, STM32U5A5RJT6Q, STM32U5A5VJT6, STM32U5A5VJT6Q, STM32U5A5ZJT6, STM32U5A5ZJT6Q, STM32U5A5ZJY6QTR, STM32U5A9BJY6QTR, STM32U5A9J-DK, STM32U5A9NJH6Q, STM32U5A9VJT6Q, STM32U5A9ZJT6Q, STM32U5A9ZJY6QTR, STM32U5F7VIT6, STM32U5F7VIT6Q, STM32U5F7VJT6, STM32U5F7VJT6Q, STM32U5F9BJY6QTR, STM32U5F9NJH6Q, STM32U5F9VIT6Q, STM32U5F9VJT6Q, STM32U5F9ZIJ6QTR, STM32U5F9ZIT6Q, STM32U5F9ZJJ6QTR, STM32U5F9ZJT6Q, STM32U5G7VJT6, STM32U5G7VJT6Q, STM32U5G9BJY6QTR, STM32U5G9J-DK1, STM32U5G9J-DK2, STM32U5G9NJH6Q, STM32U5G9VJT6Q, STM32U5G9ZJJ6QTR, STM32U5G9ZJT6Q, STM32WB05KZV6TR, STM32WB05KZV7TR, STM32WB05TZF6TR, STM32WB05TZF7TR, STM32WB06CCF6TR, STM32WB06CCF7TR, STM32WB06CCV6TR, STM32WB06CCV7TR, STM32WB06KCV6TR, STM32WB06KCV7TR, STM32WB07CCF6TR, STM32WB07CCF7TR, STM32WB07CCV6TR, STM32WB07CCV7TR, STM32WB07KCV6TR, STM32WB07KCV7TR, STM32WB09KEV6TR, STM32WB09KEV7TR, STM32WB09TEF6TR, STM32WB09TEF7TR, STM32WB1MMCH6, STM32WBA50KGU6, STM32WBA50KGU6TR, STM32WBA52CEU6, STM32WBA52CEU6TR, STM32WBA52CEU7, STM32WBA52CEU7TR, STM32WBA52CGU6, STM32WBA52CGU6TR, STM32WBA52CGU6U, STM32WBA52CGU7, STM32WBA52CGU7TR, STM32WBA52KEU6, STM32WBA52KEU6TR, STM32WBA52KGU6, STM32WBA52KGU6TR, STM32WBA54CEU6, STM32WBA54CEU6TR, STM32WBA54CEU7, STM32WBA54CEU7TR, STM32WBA54CGU6, STM32WBA54CGU6TR, STM32WBA54CGU7, STM32WBA54CGU7TR, STM32WBA54KEU6, STM32WBA54KEU6TR, STM32WBA54KEU7, STM32WBA54KEU7TR, STM32WBA54KGU6, STM32WBA54KGU6TR, STM32WBA54KGU7, STM32WBA54KGU7TR, STM32WBA55CEU6, STM32WBA55CEU6TR, STM32WBA55CEU7, STM32WBA55CEU7TR, STM32WBA55CGU6, STM32WBA55CGU6TR, STM32WBA55CGU6U, STM32WBA55CGU7, STM32WBA55CGU7TR, STM32WBA55G-DK1, STM32WBA55HEF6, STM32WBA55HEF7, STM32WBA55HGF6, STM32WBA55HGF7, STM32WBA55UEI6, STM32WBA55UEI6TR, STM32WBA55UEI7, STM32WBA55UEI7TR, STM32WBA55UGI6, STM32WBA55UGI6TR, STM32WBA55UGI7, STM32WBA55UGI7TR, STM32WBA5MMGH6TR, STM32WBA62MGF6, STM32WBA62MIF6, STM32WBA65MGF7, STM32WBA65MIF6, STM32WBA65MIF7, STM32WL30K8V6, STM32WL30KBV6, STM32WL31C8V6, STM32WL31CBV6, STM32WL31K8V6, STM32WL31KBV6, STM32WL33C8V6, STM32WL33C8V6X, STM32WL33CBV6, STM32WL33CBV6X, STM32WL33CCV6, STM32WL33CCV6A, STM32WL33CCV6X, STM32WL33K8V7, STM32WL33K8V7X, STM32WL33KBV7 , STM32WL33KBV7X, STM32WL33KCV7, STM32WL33KCV7X, STM32WL5MOCH6, STM32WL5MOCH6TR]
2025-09-06 11:58:29,989 [INFO] DbMcus:218 - Found 4801 MCUs, 4801 are supported
2025-09-06 11:58:29,991 [INFO] ApiDb:423 - Load user favorites file C:\Users\aksha/.stm32cubeide/favorites.mcus.txt: 0 item(s)
2025-09-06 11:58:29,991 [INFO] ApiDb:427 - User favorites MCUs=[]
2025-09-06 11:58:29,992 [INFO] DbMcus:224 - Set 0 / 0 favorites MCUs
2025-09-06 11:58:31,919 [INFO] ApiDb:668 - CubeFinder database Data Model version=2.1
2025-09-06 11:58:31,919 [INFO] ApiDb:669 - CubeFinder database Configuration version=3.0.39
2025-09-06 11:58:31,919 [INFO] ApiDb:670 - CubeFinder database generation date=2025-07-24 (1753349077)
2025-09-06 11:58:31,919 [INFO] ApiDb:671 - CubeFinder database FW Pack versions=[FP-ATR-ASTRA1_V2.0.0, FP-SNS-FLIGHT1_V5.1.0, FP-SNS-MOTENV1_V5.0.0, FP-SNS-MOTENVWB1_V1.4.0, FP-SNS-SMARTAG2_V1.2.0, FP-SNS-STBOX1_V2.0.0, STM32Cube_FW_C0_V1.4.0, STM32Cube_FW_F4_V1.28.2, STM32Cube_FW_F7_V1.17.3, STM32Cube_FW_G0_V1.6.2, STM32Cube_FW_G4_V1.6.1, STM32Cube_FW_H5_V1.5.0, STM32Cube_FW_H7RS_V1.2.0, STM32Cube_FW_H7_V1.12.1, STM32Cube_FW_L0_V1.12.2, STM32Cube_FW_L4_V1.18.1, STM32Cube_FW_L5_V1.5.1, STM32Cube_FW_N6_V1.2.0, STM32Cube_FW_U0_V1.3.0, STM32Cube_FW_U3_V1.2.0, STM32Cube_FW_U5_V1.8.0, STM32Cube_FW_WB0_V1.3.0, STM32Cube_FW_WBA_V1.7.0, STM32Cube_FW_WB_V1.23.0, STM32Cube_FW_WL3_V1.2.0, STM32Cube_FW_WL_V1.3.1, X-CUBE-ALGOBUILD_V1.4.0, X-CUBE-ALS_V1.0.2, X-CUBE-AZRTOS-F4_V1.1.0, X-CUBE-AZRTOS-F7_V1.1.0, X-CUBE-AZRTOS-G0_V1.1.0, X-CUBE-AZRTOS-G4_V2.0.0, X-CUBE-AZRTOS-H7RS_V1.1.0, X-CUBE-AZRTOS-H7_V3.4.0, X-CUBE-AZRTOS-L4_V2.0.0, X-CUBE-AZRTOS-L5_V2.0.0, X-CUBE-AZRTOS-WB_V2.0.0, X-CUBE-AZRTOS-WL_V2.0.0, X-CUBE-BLE1_V7.1.0, X-CUBE-BLE2_V3.3.0, X-CUBE-BLEMGR_V4.1.0, X-CUBE-EEPRMA1_V5.2.0, X-CUBE-FREERTOS_V1.3.1, X-CUBE-GNSS1_V6.0.0, X-CUBE-MEMS1_V11.3.0, X-CUBE-NFC4_V3.0.0, X-CUBE-NFC7_V2.0.0, X-CUBE-SFXS2LP1_V4.0.0, X-CUBE-ST67W61_V1.0.0, X-CUBE-SUBG2_V5.0.0, X-CUBE-TOF1_V3.4.3]
2025-09-06 11:58:32,299 [INFO] DbBoardsSqlite:226 - include board P-NUCLEO-WB55-NUCLEO as a kit item of type 'Nucleo-64'
2025-09-06 11:58:32,300 [INFO] DbBoardsSqlite:226 - include board P-NUCLEO-WB55-USBDONGLE as a kit item of type 'Nucleo USB Dongle'
2025-09-06 11:58:32,301 [INFO] DbBoardsSqlite:226 - include board STEVAL-IDP005V1 as a kit item of type 'Evaluation Board'
2025-09-06 11:58:32,302 [INFO] DbBoardsSqlite:226 - include board STEVAL-IDP005V2 as a kit item of type 'Evaluation Board'
2025-09-06 11:58:32,927 [INFO] ApiDb:240 - Found 880 in-development CPN: [B-G473E-ZEST1S, B-WB1M-WPAN1, B-WBA5M-WPAN, B-WL5M-SUBG1, NUCLEO-C031C6, NUCLEO-C051C8, NUCLEO-C071RB, NUCLEO-C092RC, NUCLEO-H503RB, NUCLEO-H533RE, NUCLEO-H563ZI, NUCLEO-H7S3L8, NUCLEO-N657X0-Q, NUCLEO-U031R8, NUCLEO-U083RC, NUCLEO-U385RG-Q, NUCLEO-U545RE-Q, NUCLEO-U5A5ZJ-Q, NUCLEO-WB05KZ, NUCLEO-WB07CC, NUCLEO-WB09KE, NUCLEO-WBA52CG, NUCLEO-WBA55CG, NUCLEO-WL33CC1, NUCLEO-WL33CC2, STEVAL-PROTEUS1, STEVAL-SMARTAG2, STEVAL-STWINBX1, STM320518-EVAL, STM32C0116-DK, STM32C011D6Y3TR, STM32C011D6Y6TR, STM32C011F4P3, STM32C011F4P6, STM32C011F4U3, STM32C011F4U6TR, STM32C011F6P3, STM32C011F6P6, STM32C011F6U3, STM32C011F6U6TR, STM32C011J4M3, STM32C011J4M6, STM32C011J6M3, STM32C011J6M6, STM32C0316-DK, STM32C031C4T3, STM32C031C4T6, STM32C031C4U3, STM32C031C4U6, STM32C031C6T3, STM32C031C6T6, STM32C031C6U3, STM32C031C6U6, STM32C031F4P3, STM32C031F4P6, STM32C031F6P3, STM32C031F6P6, STM32C031G4U3, STM32C031G4U6, STM32C031G6U3, STM32C031G6U6, STM32C031K4T3, STM32C031K4T6, STM32C031K4U3, STM32C031K4U6, STM32C031K6T3, STM32C031K6T6, STM32C031K6U3, STM32C031K6U6, STM32C051C6T6, STM32C051C6U6, STM32C051C8T6, STM32C051C8U6, STM32C051D8Y6TR, STM32C051F6P6, STM32C051F8P6, STM32C051G6U6, STM32C051G8U6, STM32C051K6T6, STM32C051K6U6, STM32C051K8T6, STM32C071C8T6, STM32C071C8T6N, STM32C071C8U6, STM32C071C8U6N, STM32C071CBT6, STM32C071CBT6N, STM32C071CBU6, STM32C071CBU6N, STM32C071F8P6, STM32C071F8P6N, STM32C071FBP6, STM32C071FBP6N, STM32C071FBY6TR, STM32C071G8U6, STM32C071G8U6N, STM32C071GBU6, STM32C071GBU6N, STM32C071K8T6, STM32C071K8T6N, STM32C071K8U6, STM32C071K8U6N, STM32C071KBT6, STM32C071KBT6N, STM32C071KBU6, STM32C071KBU6N, STM32C071R8T6, STM32C071R8T6N, STM32C071RBI6N, STM32C071RBT6, STM32C071RBT6N, STM32C091CBT6, STM32C091CBU6, STM32C091CCT6, STM32C091CCU6, STM32C091ECY6TR, STM32C091FBP6, STM32C091FCP6, STM32C091GBU6, STM32C091GCU6, STM32C091KBT6, STM32C091KBU6, STM32C091KCT6, STM32C091KCU6, STM32C091RBT6, STM32C091RCI6, STM32C091RCT6, STM32C092CBT6, STM32C092CBU6, STM32C092CCT6, STM32C092CCU6, STM32C092ECY6TR, STM32C092FBP6, STM32C092FCP6, STM32C092GBU6, STM32C092GCU6, STM32C092KBT6, STM32C092KBU6, STM32C092KCT6, STM32C092KCU6, STM32C092RBT6, STM32C092RCI6, STM32C092RCT6, STM32G071K8TXN, STM32G071K8UXN, STM32G081GBU6N, STM32G081KBT6N, STM32G081KBUXN, STM32G0B1CCT6N, STM32G0B1KCT6, STM32G0B1NEY6TR, STM32G0B1RCT6N, STM32G0C1CCT6, STM32G0C1CCT6N, STM32G0C1CCU6N, STM32G0C1CET6N, STM32G0C1CEU6N, STM32G0C1KCT6, STM32G0C1NEY6TR, STM32G0C1RCI6N, STM32G0C1RCT6N, STM32G0C1REI6N, STM32G0C1RET6N, STM32G0C1VCI6, STM32G0C1VEI6, STM32G411C6T3, STM32G411C6T6, STM32G411C6U3, STM32G411C6U6, STM32G411C8T3, STM32G411C8T6, STM32G411C8U3, STM32G411C8U6, STM32G411CBT3, STM32G411CBT6, STM32G411CBU3, STM32G411CBU6, STM32G411K6T3, STM32G411K6T6, STM32G411K6U3, STM32G411K6U6, STM32G411K8T3, STM32G411K8T6, STM32G411K8U3, STM32G411K8U6, STM32G411KBT3, STM32G411KBT6, STM32G411KBU3, STM32G411KBU6, STM32G411M6T3, STM32G411M6T6, STM32G411M8T3, STM32G411M8T6, STM32G411MBT3, STM32G411MBT6, STM32G411R6T3, STM32G411R6T6, STM32G411R8T3, STM32G411R8T6, STM32G411RBT3, STM32G411RBT6, STM32G414CBT3, STM32G414CBT6, STM32G414CBU3, STM32G414CBU6, STM32G414CCT3, STM32G414CCT6, STM32G414CCU3, STM32G414CCU6, STM32G414MBT3, STM32G414MBT6, STM32G414MCT3, STM32G414MCT6, STM32G414RBT3, STM32G414RBT6, STM32G414RCT3, STM32G414RCT6, STM32G414VBT3, STM32G414VBT6, STM32G414VCT3, STM32G414VCT6, STM32G431CBT3Z, STM32G431RBT3Z, STM32G471CCT6, STM32G471CCU6, STM32G471CET3, STM32G471CET6, STM32G471CEU3, STM32G471CEU6, STM32G471MCT6, STM32G471MET3, STM32G471MET6, STM32G471MEY6TR, STM32G471QCT6, STM32G471QET3, STM32G471RCT6, STM32G471RET3, STM32G471RET6, STM32G471VCH6, STM32G471VCI6, STM32G471VCT6, STM32G471VEH3, STM32G471VEH6, STM32G471VEI3, STM32G471VEI6, STM32G471VET3, STM32G471VET6, STM32G473QET3Z, STM32G473RET3Z, STM32G474CCT6, STM32G491RET3Z, STM32H503CBT6, STM32H503CBU6, STM32H503EBY6TR, STM32H503KBU6, STM32H503RBT6, STM32H523CCT6, STM32H523CCU6, STM32H523CET6, STM32H523CEU6, STM32H523HEY6TR, STM32H523RCT6, STM32H523RET6, STM32H523VCI6, STM32H523VCT6, STM32H523VEI6, STM32H523VET6, STM32H523ZCJ6, STM32H523ZCT6, STM32H523ZEJ6, STM32H523ZET6, STM32H533CET6, STM32H533CEU6, STM32H533HEY6TR, STM32H533RET6, STM32H533VEI6, STM32H533VET6, STM32H533ZEJ6, STM32H533ZET6, STM32H562AGI6, STM32H562AII6, STM32H562IGK6, STM32H562IGT6, STM32H562IIK6, STM32H562IIT6, STM32H562RGT6, STM32H562RGV6, STM32H562RIT6, STM32H562RIV6, STM32H562VGT6, STM32H562VIT6, STM32H562ZGT6, STM32H562ZIT6, STM32H563AGI6, STM32H563AII3Q, STM32H563AII6, STM32H563IGK6, STM32H563IGT6, STM32H563IIK3Q, STM32H563IIK6, STM32H563IIT3Q, STM32H563IIT6, STM32H563MIY3QTR, STM32H563RGT6, STM32H563RGV6, STM32H563RIT6, STM32H563RIV6, STM32H563VGT6, STM32H563VIT3Q, STM32H563VIT6, STM32H563ZGT6, STM32H563ZIT3Q, STM32H563ZIT6, STM32H573AII3Q, STM32H573AII6, STM32H573I-DK, STM32H573IIK3Q, STM32H573IIK6, STM32H573IIT3Q, STM32H573IIT6, STM32H573MIY3QTR, STM32H573RIT6, STM32H573RIV6, STM32H573VIT3Q, STM32H573VIT6, STM32H573ZIT3Q, STM32H573ZIT6, STM32H7R3A8I6, STM32H7R3I8K6, STM32H7R3I8T6, STM32H7R3L8H6, STM32H7R3L8H6H, STM32H7R3R8V6, STM32H7R3V8H6, STM32H7R3V8T6, STM32H7R3V8Y6TR, STM32H7R3Z8J6, STM32H7R3Z8T6, STM32H7R7A8I6, STM32H7R7I8K6, STM32H7R7I8T6, STM32H7R7L8H6, STM32H7R7L8H6H, STM32H7R7Z8J6, STM32H7S3A8I6, STM32H7S3I8K6, STM32H7S3I8T6, STM32H7S3L8H6, STM32H7S3L8H6H, STM32H7S3R8V6, STM32H7S3V8H6, STM32H7S3V8T6, STM32H7S3V8Y6TR, STM32H7S3Z8J6, STM32H7S3Z8T6, STM32H7S78-DK, STM32H7S7A8I6, STM32H7S7I8K6, STM32H7S7I8T6, STM32H7S7L8H6, STM32H7S7L8H6H, STM32H7S7Z8J6, STM32L4R5QGI6STR, STM32MP131AAE3, STM32MP131AAF3, STM32MP131AAG3, STM32MP131CAE3, STM32MP131CAF3, STM32MP131CAG3, STM32MP131DAE7, STM32MP131DAF7, STM32MP131DAG7, STM32MP131FAE7, STM32MP131FAF7, STM32MP131FAG7, STM32MP133AAE3, STM32MP133AAF3, STM32MP133AAG3, STM32MP133CAE3, STM32MP133CAF3, STM32MP133CAG3, STM32MP133DAE7, STM32MP133DAF7, STM32MP133DAG7, STM32MP133FAE7, STM32MP133FAF7, STM32MP133FAG7, STM32MP135AAE3, STM32MP135AAF3, STM32MP135AAG3, STM32MP135CAE3, STM32MP135CAF3, STM32MP135CAG3, STM32MP135DAE7, STM32MP135DAF7, STM32MP135DAG7, STM32MP135F-DK, STM32MP135FAE7, STM32MP135FAF7, STM32MP135FAF7T, STM32MP135FAF7U, STM32MP135FAG7, STM32MP211AAL3, STM32MP211AAM3, STM32MP211AAN3, STM32MP211AAO3, STM32MP211CAL3, STM32MP211CAM3, STM32MP211CAN3, STM32MP211CAO3, STM32MP211DAL3, STM32MP211DAM3, STM32MP211DAN3, STM32MP211DAO3, STM32MP211FAL3, STM32MP211FAM3, STM32MP211FAN3, STM32MP211FAO3, STM32MP213AAL3, STM32MP213AAM3, STM32MP213AAN3, STM32MP213AAO3, STM32MP213CAL3, STM32MP213CAM3, STM32MP213CAN3, STM32MP213CAO3, STM32MP213DAL3, STM32MP213DAM3, STM32MP213DAN3, STM32MP213DAO3, STM32MP213FAL3, STM32MP213FAM3, STM32MP213FAN3, STM32MP213FAO3, STM32MP215AAL3, STM32MP215AAM3, STM32MP215AAN3, STM32MP215AAO3, STM32MP215CAL3, STM32MP215CAM3, STM32MP215CAN3, STM32MP215CAO3, STM32MP215DAL3, STM32MP215DAM3, STM32MP215DAN3, STM32MP215DAO3, STM32MP215F-DK, STM32MP215FAL3, STM32MP215FAM3, STM32MP215FAN3, STM32MP215FAO3, STM32MP231AAJ3, STM32MP231AAK3, STM32MP231AAL3, STM32MP231CAJ3, STM32MP231CAK3, STM32MP231CAL3, STM32MP231DAJ3, STM32MP231DAK3, STM32MP231DAL3, STM32MP231FAJ3, STM32MP231FAK3, STM32MP231FAL3, STM32MP233AAJ3, STM32MP233AAK3, STM32MP233AAL3, STM32MP233CAJ3, STM32MP233CAK3, STM32MP233CAL3, STM32MP233DAJ3, STM32MP233DAK3, STM32MP233DAL3, STM32MP233FAJ3, STM32MP233FAK3, STM32MP233FAL3, STM32MP235AAJ3, STM32MP235AAK3, STM32MP235AAL3, STM32MP235CAJ3, STM32MP235CAK3, STM32MP235CAL3, STM32MP235DAJ3, STM32MP235DAK3, STM32MP235DAL3, STM32MP235FAJ3, STM32MP235FAK3, STM32MP235FAL3, STM32MP251AAI3, STM32MP251AAK3, STM32MP251AAL3, STM32MP251CAI3, STM32MP251CAK3, STM32MP251CAL3, STM32MP251DAI3, STM32MP251DAK3, STM32MP251DAL3, STM32MP251FAI3, STM32MP251FAK3, STM32MP251FAL3, STM32MP253AAI3, STM32MP253AAK3, STM32MP253AAL3, STM32MP253CAI3, STM32MP253CAK3, STM32MP253CAL3, STM32MP253DAI3, STM32MP253DAK3, STM32MP253DAL3, STM32MP253FAI3, STM32MP253FAK3, STM32MP253FAL3, STM32MP255AAI3, STM32MP255AAK3, STM32MP255AAL3, STM32MP255CAI3, STM32MP255CAK3, STM32MP255CAL3, STM32MP255DAI3, STM32MP255DAK3, STM32MP255DAL3, STM32MP255FAI3, STM32MP255FAK3, STM32MP255FAL3, STM32MP257AAI3, STM32MP257AAK3, STM32MP257AAL3, STM32MP257CAI3, STM32MP257CAK3, STM32MP257CAL3, STM32MP257DAI3, STM32MP257DAK3, STM32MP257DAL3, STM32MP257F-DK, STM32MP257F-EV1, STM32MP257FAI3, STM32MP257FAK3, STM32MP257FAL3, STM32N645A0H3Q, STM32N645B0H3Q, STM32N645I0H3Q, STM32N645L0H3Q, STM32N645X0H3Q, STM32N645Z0H3Q, STM32N647A0H3Q, STM32N647B0H3Q, STM32N647I0H3Q, STM32N647L0H3Q, STM32N647X0H3Q, STM32N647Z0H3Q, STM32N655A0H3Q, STM32N655B0H3Q, STM32N655I0H3Q, STM32N655L0H3Q, STM32N655X0H3Q, STM32N655Z0H3Q, STM32N6570-DK, STM32N657A0H3Q, STM32N657B0H3Q, STM32N657I0H3Q, STM32N657L0H3Q, STM32N657X0H3Q, STM32N657Z0H3Q, STM32U031C6T6, STM32U031C6U6, STM32U031C8T6, STM32U031C8U6, STM32U031F4P6, STM32U031F6P6, STM32U031F8P6, STM32U031G6Y6TR, STM32U031G8Y6TR, STM32U031K4U6, STM32U031K6U6, STM32U031K8U6, STM32U031R6I6, STM32U031R6T6, STM32U031R8I6, STM32U031R8T6, STM32U073C8T6, STM32U073C8U6, STM32U073CBT6, STM32U073CBU6, STM32U073CCT6, STM32U073CCU6, STM32U073H8Y6TR, STM32U073HBY6TR, STM32U073HCY6TR, STM32U073K8U6, STM32U073KBU6, STM32U073KCU6, STM32U073M8I6, STM32U073M8T6, STM32U073MBI6, STM32U073MBT6, STM32U073MCI6, STM32U073MCT6, STM32U073R8I6, STM32U073R8T6, STM32U073RBI6, STM32U073RBT6, STM32U073RCI6, STM32U073RCT6, STM32U083C-DK, STM32U083CCT6, STM32U083CCU6, STM32U083HCY6TR, STM32U083KCU6, STM32U083MCI6, STM32U083MCT6, STM32U083RCI6, STM32U083RCT6, STM32U375CET6, STM32U375CET6Q, STM32U375CEU6, STM32U375CEU6Q, STM32U375CEY6QTR, STM32U375CGT6, STM32U375CGT6Q, STM32U375CGU6, STM32U375CGU6Q, STM32U375CGY6QTR, STM32U375KEU6, STM32U375KGU6, STM32U375REI6, STM32U375REI6Q, STM32U375RET6, STM32U375RET6Q, STM32U375REY6GTR, STM32U375REY6QTR, STM32U375RGI6, STM32U375RGI6Q, STM32U375RGT6, STM32U375RGT6Q, STM32U375RGY6GTR, STM32U375RGY6QTR, STM32U375VEI6, STM32U375VEI6Q, STM32U375VET6, STM32U375VET6Q, STM32U375VGI6, STM32U375VGI6Q, STM32U375VGT6, STM32U375VGT6Q, STM32U385CGT6, STM32U385CGT6Q, STM32U385CGU6, STM32U385CGU6Q, STM32U385CGY6QTR, STM32U385KGU6, STM32U385RGI6, STM32U385RGI6Q, STM32U385RGT6, STM32U385RGT6Q, STM32U385RGY6GTR, STM32U385RGY6QTR, STM32U385VGI6, STM32U385VGI6Q, STM32U385VGT6, STM32U385VGT6Q, STM32U535CBT6, STM32U535CBT6Q, STM32U535CBU6, STM32U535CBU6Q, STM32U535CCT6, STM32U535CCT6Q, STM32U535CCU6, STM32U535CCU6Q, STM32U535CET6, STM32U535CET6Q, STM32U535CEU6, STM32U535CEU6Q, STM32U535JEY6QTR, STM32U535NCY6QTR, STM32U535NEY6QTR, STM32U535RBI6, STM32U535RBI6Q, STM32U535RBT6, STM32U535RBT6Q, STM32U535RCI6, STM32U535RCI6Q, STM32U535RCT6, STM32U535RCT6Q, STM32U535REI6, STM32U535REI6Q, STM32U535RET6, STM32U535RET6Q, STM32U535VCI6, STM32U535VCI6Q, STM32U535VCT6, STM32U535VCT6Q, STM32U535VEI6, STM32U535VEI6Q, STM32U535VET6, STM32U535VET6Q, STM32U545CET6, STM32U545CET6Q, STM32U545CEU6, STM32U545CEU6Q, STM32U545JEY6QTR, STM32U545NEY6QTR, STM32U545REI6, STM32U545REI6Q, STM32U545RET6, STM32U545RET6Q, STM32U545VEI6, STM32U545VEI6Q, STM32U545VET6, STM32U545VET6Q, STM32U595AIH6, STM32U595AIH6Q, STM32U595AJH6, STM32U595AJH6Q, STM32U595QII6, STM32U595QII6Q, STM32U595QJI6, STM32U595QJI6Q, STM32U595RIT6, STM32U595RIT6Q, STM32U595RJT6, STM32U595RJT6Q, STM32U595VIT6, STM32U595VIT6Q, STM32U595VJT6, STM32U595VJT6Q, STM32U595ZIT6, STM32U595ZIT6Q, STM32U595ZIY6QTR, STM32U595ZJT6, STM32U595ZJT6Q, STM32U595ZJY6QTR, STM32U599BJY6QTR, STM32U599NIH6Q, STM32U599NJH6Q, STM32U599VIT6Q, STM32U599VJT6, STM32U599VJT6Q, STM32U599ZIT6Q, STM32U599ZIY6QTR, STM32U599ZJT6Q, STM32U599ZJY6QTR, STM32U5A5AJH6, STM32U5A5AJH6Q, STM32U5A5QII3Q , STM32U5A5QJI6, STM32U5A5QJI6Q, STM32U5A5RJT6, STM32U5A5RJT6Q, STM32U5A5VJT6, STM32U5A5VJT6Q, STM32U5A5ZJT6, STM32U5A5ZJT6Q, STM32U5A5ZJY6QTR, STM32U5A9BJY6QTR, STM32U5A9J-DK, STM32U5A9NJH6Q, STM32U5A9VJT6Q, STM32U5A9ZJT6Q, STM32U5A9ZJY6QTR, STM32U5F7VIT6, STM32U5F7VIT6Q, STM32U5F7VJT6, STM32U5F7VJT6Q, STM32U5F9BJY6QTR, STM32U5F9NJH6Q, STM32U5F9VIT6Q, STM32U5F9VJT6Q, STM32U5F9ZIJ6QTR, STM32U5F9ZIT6Q, STM32U5F9ZJJ6QTR, STM32U5F9ZJT6Q, STM32U5G7VJT6, STM32U5G7VJT6Q, STM32U5G9BJY6QTR, STM32U5G9J-DK1, STM32U5G9J-DK2, STM32U5G9NJH6Q, STM32U5G9VJT6Q, STM32U5G9ZJJ6QTR, STM32U5G9ZJT6Q, STM32WB05KZV6TR, STM32WB05KZV7TR, STM32WB05TZF6TR, STM32WB05TZF7TR, STM32WB06CCF6TR, STM32WB06CCF7TR, STM32WB06CCV6TR, STM32WB06CCV7TR, STM32WB06KCV6TR, STM32WB06KCV7TR, STM32WB07CCF6TR, STM32WB07CCF7TR, STM32WB07CCV6TR, STM32WB07CCV7TR, STM32WB07KCV6TR, STM32WB07KCV7TR, STM32WB09KEV6TR, STM32WB09KEV7TR, STM32WB09TEF6TR, STM32WB09TEF7TR, STM32WB1MMCH6, STM32WBA50KGU6, STM32WBA50KGU6TR, STM32WBA52CEU6, STM32WBA52CEU6TR, STM32WBA52CEU7, STM32WBA52CEU7TR, STM32WBA52CGU6, STM32WBA52CGU6TR, STM32WBA52CGU6U, STM32WBA52CGU7, STM32WBA52CGU7TR, STM32WBA52KEU6, STM32WBA52KEU6TR, STM32WBA52KGU6, STM32WBA52KGU6TR, STM32WBA54CEU6, STM32WBA54CEU6TR, STM32WBA54CEU7, STM32WBA54CEU7TR, STM32WBA54CGU6, STM32WBA54CGU6TR, STM32WBA54CGU7, STM32WBA54CGU7TR, STM32WBA54KEU6, STM32WBA54KEU6TR, STM32WBA54KEU7, STM32WBA54KEU7TR, STM32WBA54KGU6, STM32WBA54KGU6TR, STM32WBA54KGU7, STM32WBA54KGU7TR, STM32WBA55CEU6, STM32WBA55CEU6TR, STM32WBA55CEU7, STM32WBA55CEU7TR, STM32WBA55CGU6, STM32WBA55CGU6TR, STM32WBA55CGU6U, STM32WBA55CGU7, STM32WBA55CGU7TR, STM32WBA55G-DK1, STM32WBA55HEF6, STM32WBA55HEF7, STM32WBA55HGF6, STM32WBA55HGF7, STM32WBA55UEI6, STM32WBA55UEI6TR, STM32WBA55UEI7, STM32WBA55UEI7TR, STM32WBA55UGI6, STM32WBA55UGI6TR, STM32WBA55UGI7, STM32WBA55UGI7TR, STM32WBA5MMGH6TR, STM32WBA62MGF6, STM32WBA62MIF6, STM32WBA65MGF7, STM32WBA65MIF6, STM32WBA65MIF7, STM32WL30K8V6, STM32WL30KBV6, STM32WL31C8V6, STM32WL31CBV6, STM32WL31K8V6, STM32WL31KBV6, STM32WL33C8V6, STM32WL33C8V6X, STM32WL33CBV6, STM32WL33CBV6X, STM32WL33CCV6, STM32WL33CCV6A, STM32WL33CCV6X, STM32WL33K8V7, STM32WL33K8V7X, STM32WL33KBV7 , STM32WL33KBV7X, STM32WL33KCV7, STM32WL33KCV7X, STM32WL5MOCH6, STM32WL5MOCH6TR]
2025-09-06 11:58:33,277 [INFO] BoardInfo:889 - No configuration file found for board P-NUCLEO-WB55
2025-09-06 11:58:33,278 [INFO] DbBoards:161 - Kit is not supported: P-NUCLEO-WB55
2025-09-06 11:58:33,289 [INFO] BoardInfo:889 - No configuration file found for board STEVAL-BFA001V1B
2025-09-06 11:58:33,289 [INFO] DbBoards:161 - Kit is not supported: STEVAL-BFA001V1B
2025-09-06 11:58:33,291 [INFO] BoardInfo:889 - No configuration file found for board STEVAL-BFA001V2B
2025-09-06 11:58:33,292 [INFO] DbBoards:161 - Kit is not supported: STEVAL-BFA001V2B
2025-09-06 11:58:33,613 [INFO] DbBoards:168 - Found 212 boards, 209 are supported
2025-09-06 11:58:33,614 [INFO] DbBoards:169 - Found 212 boards, 43 of them is supported for  Bsp
2025-09-06 11:58:33,629 [INFO] ApiDb:423 - Load user favorites file C:\Users\aksha/.stm32cubeide/favorites.boards.txt: 1 item(s)
2025-09-06 11:58:33,629 [INFO] ApiDb:427 - User favorites Boards=[NUCLEO-F401RE]
2025-09-06 11:58:33,630 [INFO] DbBoards:198 - Set 1 / 1 favorites Boards
2025-09-06 11:58:33,631 [INFO] McuFinderGlobals:76 - Set McuFinderConnectedMode to true
2025-09-06 11:58:33,646 [INFO] MultiScanPanel:200 - Auto-refresh data requested => check proxy status ongoing
2025-09-06 11:58:33,654 [INFO] FinderPluginLoader:96 - Searching for filters in installed packs
2025-09-06 11:58:37,833 [INFO] LoadUrlFilesThread:185 - End of LoadServerUrlFiles without Thread
2025-09-06 11:58:38,053 [INFO] DetailPanel:341 - Set advertising image to C:/Users/aksha/STM32Cube/Repository/\en.2400x1350px.jpeg
2025-09-06 11:58:45,906 [INFO] MultiScanPanel:200 - Auto-refresh data requested => check proxy status ongoing
2025-09-06 11:58:46,159 [INFO] LoadUrlFilesThread:185 - End of LoadServerUrlFiles without Thread
2025-09-06 11:58:46,159 [INFO] DetailPanel:341 - Set advertising image to C:/Users/aksha/STM32Cube/Repository/\en.2400x1350px.jpeg
2025-09-06 11:58:46,182 [INFO] DbBoards:642 - Loading board mini-images...
2025-09-06 11:58:51,632 [ERROR] DbBoards:659 - Image file not found for board STM32MP215F-DK: C:\Users\aksha\.stmcufinder\plugins\mcufinder//mcu//boards_images/STM32MP215F-DK.jpg
2025-09-06 11:58:52,064 [INFO] DbBoards:665 - Loaded 211 board mini-images
2025-09-06 11:59:08,399 [INFO] BoardResultTable:719 - Unmark Board NUCLEO-F401RE as favorite
2025-09-06 12:00:18,583 [INFO] McuFinderGlobals:76 - Set McuFinderConnectedMode to true
2025-09-06 12:00:19,141 [INFO] ApiDb:448 - Save user favorites file C:\Users\aksha/.stm32cubeide/favorites.mcus.txt: 0 item(s)
2025-09-06 12:00:19,141 [INFO] ApiDb:452 - User favorites MCUs=[]
2025-09-06 12:00:19,185 [INFO] ApiDb:448 - Save user favorites file C:\Users\aksha/.stm32cubeide/favorites.boards.txt: 0 item(s)
2025-09-06 12:00:19,189 [INFO] ApiDb:452 - User favorites Boards=[]
2025-09-06 15:21:11,665 [INFO] WebApp:194 - Connection lost
2025-09-06 15:21:46,459 [INFO] WebApp:191 - Connection restablished
2025-09-06 15:28:43,809 [INFO] WebApp:194 - Connection lost
2025-09-06 15:30:10,147 [INFO] WebApp:191 - Connection restablished
2025-09-06 17:16:55,189 [INFO] WebApp:194 - Connection lost
2025-09-06 20:06:23,479 [INFO] WebApp:191 - Connection restablished
2025-09-06 20:08:18,578 [ERROR] ConfigurationRetriever:142 - IOException on connection: Read timed out
2025-09-06 20:08:20,700 [ERROR] ConfigurationRetriever:142 - IOException on connection: Read timed out
2025-09-06 20:29:27,248 [INFO] WebApp:194 - Connection lost
2025-09-06 20:29:31,888 [INFO] WebApp:191 - Connection restablished
2025-09-06 20:30:18,812 [INFO] WebApp:194 - Connection lost
2025-09-06 22:33:38,943 [ERROR] ConfigurationRetriever:142 - IOException on connection: sw-center.st.com
2025-09-06 22:33:38,963 [ERROR] ConfigurationRetriever:142 - IOException on connection: sw-center.st.com
2025-09-06 22:33:38,965 [ERROR] ConfigurationRetriever:142 - IOException on connection: sw-center.st.com
2025-09-06 22:34:04,305 [INFO] WebApp:191 - Connection restablished
2025-09-06 23:11:08,480 [ERROR] LogOutputStream:75 - [STDERR_REDIRECT] 
2025-09-06 23:11:08,481 [ERROR] LogOutputStream:75 - [STDERR_REDIRECT] 
