2025-09-07 12:33:25,752 [INFO] Activator:176 - 


2025-09-07 12:33:25,765 [INFO] Activator:177 - !SESSION log4j initialized
2025-09-07 12:33:42,394 [INFO] LogOutputStream:77 - [STDOUT_REDIRECT] 
2025-09-07 12:33:48,993 [INFO] ApplicationProperties:184 - Using Application install path: C:\ST\STM32CubeIDE_1.19.0\STM32CubeIDE\plugins\com.st.stm32cube.common.mx_6.15.0.202507011659
2025-09-07 12:33:49,044 [INFO] DbMcusXml:78 - Set database path to: C:\ST\STM32CubeIDE_1.19.0\STM32CubeIDE\plugins\com.st.stm32cube.common.mx_6.15.0.202507011659\\db\/mcu/
2025-09-07 12:33:49,044 [INFO] ApiDb:274 - Set plugin database path to: C:\ST\STM32CubeIDE_1.19.0\STM32CubeIDE\plugins\com.st.stm32cube.common.mx_6.15.0.202507011659\\db\/plugins/boardmanager/
2025-09-07 12:33:49,052 [WARN] ApiDb:259 - Overriding images path with different value:  => C:\ST\STM32CubeIDE_1.19.0\STM32CubeIDE\plugins\com.st.stm32cube.common.mx_6.15.0.202507011659\\db\/plugins/mcufinder/images/
2025-09-07 12:33:49,071 [INFO] ApiDb:250 - Set database path to: C:\Users\aksha\.stmcufinder\plugins\mcufinder//mcu/
2025-09-07 12:33:49,073 [INFO] DbMcusAds:125 - Set database path to: C:\Users\aksha\.stmcufinder\plugins\mcufinder//mcu/
2025-09-07 12:33:49,079 [INFO] CrossReferenceDbSqlite:203 - Set database path to: C:\Users\aksha\.stmcufinder\plugins\mcufinder//mcu/cs/
2025-09-07 12:33:50,460 [INFO] RulesReader:64 - Compatibility file has been processed (317 Rules)
2025-09-07 12:33:50,813 [INFO] DbMcusXml:78 - Set database path to: C:\ST\STM32CubeIDE_1.19.0\STM32CubeIDE\plugins\com.st.stm32cube.common.mx_6.15.0.202507011659\\db\/mcu/
2025-09-07 12:33:50,813 [INFO] ApiDb:274 - Set plugin database path to: C:\ST\STM32CubeIDE_1.19.0\STM32CubeIDE\plugins\com.st.stm32cube.common.mx_6.15.0.202507011659\\db\/plugins/boardmanager/
2025-09-07 12:33:50,815 [INFO] ApiDb:261 - Set plugin images path to: C:\ST\STM32CubeIDE_1.19.0\STM32CubeIDE\plugins\com.st.stm32cube.common.mx_6.15.0.202507011659\\db\/plugins/mcufinder/images/
2025-09-07 12:33:50,815 [WARN] DbFile:41 - Overriding database path with different value: C:\Users\aksha\.stmcufinder\plugins\mcufinder/ => C:\Users\aksha\.stmcufinder\plugins\mcufinder
2025-09-07 12:33:50,815 [INFO] ApiDb:250 - Set database path to: C:\Users\aksha\.stmcufinder\plugins\mcufinder//mcu/
2025-09-07 12:33:50,816 [WARN] DbFile:41 - Overriding database path with different value: C:\Users\aksha\.stmcufinder\plugins\mcufinder/ => C:\Users\aksha\.stmcufinder\plugins\mcufinder
2025-09-07 12:33:50,816 [INFO] DbMcusAds:125 - Set database path to: C:\Users\aksha\.stmcufinder\plugins\mcufinder//mcu/
2025-09-07 12:33:50,816 [WARN] DbFile:41 - Overriding database path with different value: C:\Users\aksha\.stmcufinder\plugins\mcufinder/ => C:\Users\aksha\.stmcufinder\plugins\mcufinder
2025-09-07 12:33:50,816 [WARN] DbFile:41 - Overriding database path with different value: C:\Users\aksha\.stmcufinder\plugins\mcufinder/ => C:\Users\aksha\.stmcufinder\plugins\mcufinder
2025-09-07 12:33:50,816 [INFO] CrossReferenceDbSqlite:203 - Set database path to: C:\Users\aksha\.stmcufinder\plugins\mcufinder//mcu/cs/
2025-09-07 12:33:53,164 [INFO] MainPanel:274 - HeapMemory: 268435456
2025-09-07 12:33:55,704 [INFO] DbMcusXml:78 - Set database path to: C:\ST\STM32CubeIDE_1.19.0\STM32CubeIDE\plugins\com.st.stm32cube.common.mx_6.15.0.202507011659\\db\/mcu/
2025-09-07 12:33:55,704 [INFO] ApiDb:274 - Set plugin database path to: C:\ST\STM32CubeIDE_1.19.0\STM32CubeIDE\plugins\com.st.stm32cube.common.mx_6.15.0.202507011659\\db\/plugins/boardmanager/
2025-09-07 12:33:55,705 [INFO] ApiDb:261 - Set plugin images path to: C:\ST\STM32CubeIDE_1.19.0\STM32CubeIDE\plugins\com.st.stm32cube.common.mx_6.15.0.202507011659\\db\/plugins/mcufinder/images/
2025-09-07 12:33:55,707 [WARN] DbFile:41 - Overriding database path with different value: C:\Users\aksha\.stmcufinder\plugins\mcufinder/ => C:\Users\aksha\.stmcufinder\plugins\mcufinder
2025-09-07 12:33:55,707 [INFO] ApiDb:250 - Set database path to: C:\Users\aksha\.stmcufinder\plugins\mcufinder//mcu/
2025-09-07 12:33:55,709 [WARN] DbFile:41 - Overriding database path with different value: C:\Users\aksha\.stmcufinder\plugins\mcufinder/ => C:\Users\aksha\.stmcufinder\plugins\mcufinder
2025-09-07 12:33:55,709 [INFO] DbMcusAds:125 - Set database path to: C:\Users\aksha\.stmcufinder\plugins\mcufinder//mcu/
2025-09-07 12:33:55,709 [WARN] DbFile:41 - Overriding database path with different value: C:\Users\aksha\.stmcufinder\plugins\mcufinder/ => C:\Users\aksha\.stmcufinder\plugins\mcufinder
2025-09-07 12:33:55,709 [WARN] DbFile:41 - Overriding database path with different value: C:\Users\aksha\.stmcufinder\plugins\mcufinder/ => C:\Users\aksha\.stmcufinder\plugins\mcufinder
2025-09-07 12:33:55,756 [INFO] CrossReferenceDbSqlite:203 - Set database path to: C:\Users\aksha\.stmcufinder\plugins\mcufinder//mcu/cs/
2025-09-07 12:33:55,963 [INFO] ApplicationProperties:184 - Using Application install path: C:\ST\STM32CubeIDE_1.19.0\STM32CubeIDE\plugins\com.st.stm32cube.common.mx_6.15.0.202507011659
2025-09-07 12:33:55,967 [INFO] PluginManage:196 - Search for loadable plugins [exclusion list=, ]
2025-09-07 12:33:55,984 [INFO] PluginManage:310 - Check plugin analytics
2025-09-07 12:33:58,720 [INFO] AnalyticsPlugin:253 - Accepted Software Licenses: 
2025-09-07 12:33:58,720 [INFO] AnalyticsPlugin:255 - Accepted CMSIS Pack Licenses: 
2025-09-07 12:33:58,720 [INFO] AnalyticsPlugin:257 - Accepted Firmware Licenses: 
2025-09-07 12:33:58,766 [INFO] PluginManage:359 - Loaded plugin analytics (category:tool,tabindex:-1)
2025-09-07 12:33:58,773 [INFO] PluginManage:310 - Check plugin cadmodel
2025-09-07 12:33:58,851 [INFO] CADModel:105 - Init CAD model plugin
2025-09-07 12:33:58,853 [INFO] PluginManage:359 - Loaded plugin cadmodel (category:power,tabindex:5)
2025-09-07 12:33:58,853 [INFO] PluginManage:310 - Check plugin clock
2025-09-07 12:33:59,088 [INFO] PluginManage:359 - Loaded plugin clock (category:base,tabindex:2)
2025-09-07 12:33:59,088 [INFO] PluginManage:310 - Check plugin ddr
2025-09-07 12:33:59,097 [INFO] PluginManage:359 - Loaded plugin ddr (category:tool,tabindex:6)
2025-09-07 12:33:59,098 [INFO] PluginManage:310 - Check plugin filemanager
2025-09-07 12:33:59,972 [INFO] PluginManage:359 - Loaded plugin filemanager (category:base,tabindex:10)
2025-09-07 12:33:59,974 [INFO] PluginManage:310 - Check plugin ipmanager
2025-09-07 12:34:00,009 [INFO] PluginManage:359 - Loaded plugin ipmanager (category:base,tabindex:5)
2025-09-07 12:34:00,009 [INFO] PluginManage:310 - Check plugin lpbam
2025-09-07 12:34:00,115 [INFO] PluginManage:359 - Loaded plugin lpbam (category:base,tabindex:0)
2025-09-07 12:34:00,115 [INFO] PluginManage:310 - Check plugin memorymap
2025-09-07 12:34:00,197 [INFO] PluginManage:359 - Loaded plugin memorymap (category:base,tabindex:4)
2025-09-07 12:34:00,198 [INFO] PluginManage:310 - Check plugin pinoutandconfiguration
2025-09-07 12:34:00,281 [INFO] PluginManage:359 - Loaded plugin pinoutandconfiguration (category:base,tabindex:1)
2025-09-07 12:34:00,286 [INFO] PluginManage:310 - Check plugin pinoutconfig
2025-09-07 12:34:00,785 [WARN] SupportedApi:132 - Cannot load RTOS API schema: s4s-elt-must-match.1: The content of 'definitions' must match (annotation?, (simpleType | complexType)?, (unique | key | keyref)*)). A problem was found starting at: attribute.
2025-09-07 12:34:01,271 [INFO] PluginManage:359 - Loaded plugin pinoutconfig (category:base,tabindex:0)
2025-09-07 12:34:01,277 [INFO] PluginManage:310 - Check plugin power
2025-09-07 12:34:01,422 [INFO] PluginManage:359 - Loaded plugin power (category:power,tabindex:4)
2025-09-07 12:34:01,422 [INFO] PluginManage:310 - Check plugin projectmanager
2025-09-07 12:34:01,474 [INFO] PluginManage:359 - Loaded plugin projectmanager (category:projectmanager,tabindex:4)
2025-09-07 12:34:01,474 [INFO] PluginManage:310 - Check plugin rif
2025-09-07 12:34:01,522 [INFO] PluginManage:359 - Loaded plugin rif (category:base,tabindex:3)
2025-09-07 12:34:01,522 [INFO] PluginManage:310 - Check plugin thirdparty
2025-09-07 12:34:02,290 [WARN] IntegrityCheckThread:84 - waiting for thirdparty lock release [integrity check]
2025-09-07 12:34:02,293 [INFO] IntegrityCheckThread:86 - entering critical section [integrity check]
2025-09-07 12:34:02,293 [INFO] PluginManage:359 - Loaded plugin thirdparty (category:base,tabindex:-1)
2025-09-07 12:34:02,295 [INFO] ThirdPartyUpdaterWithRetryManager:70 - Updater plugin not ready yet. [1/15]
2025-09-07 12:34:02,295 [INFO] PluginManage:310 - Check plugin tools
2025-09-07 12:34:02,402 [INFO] PluginManage:359 - Loaded plugin tools (category:base,tabindex:7)
2025-09-07 12:34:02,402 [INFO] PluginManage:310 - Check plugin tutovideos
2025-09-07 12:34:03,125 [INFO] PluginManage:359 - Loaded plugin tutovideos (category:base,tabindex:-1)
2025-09-07 12:34:03,127 [INFO] PluginManage:310 - Check plugin updater
2025-09-07 12:34:03,189 [INFO] PluginManage:359 - Loaded plugin updater (category:base,tabindex:12)
2025-09-07 12:34:03,189 [INFO] PluginManage:310 - Check plugin userauth
2025-09-07 12:34:03,204 [INFO] UserAuth:118 - Init User Auth plugin
2025-09-07 12:34:03,206 [INFO] PluginManage:359 - Loaded plugin userauth (category:base,tabindex:14)
2025-09-07 12:34:03,208 [INFO] PluginManage:283 - PluginManage : Loaded plugins [18]
2025-09-07 12:34:03,743 [INFO] PinOutPanel:1589 - setPackage(No Configuration,No Configuration)
2025-09-07 12:34:03,909 [INFO] CADModel:165 - CPN selected for project level
2025-09-07 12:34:03,909 [INFO] CADModel:114 - Register for checkConnection events
2025-09-07 12:34:03,969 [INFO] IPUIPlugin:80 - create IPUIPlugin
2025-09-07 12:34:03,969 [INFO] PluginManager:220 - loadIPPluginJar : add adc
2025-09-07 12:34:04,102 [INFO] IPUIPlugin:80 - create IPUIPlugin
2025-09-07 12:34:04,102 [INFO] PluginManager:220 - loadIPPluginJar : add aes
2025-09-07 12:34:04,543 [INFO] IPUIPlugin:80 - create IPUIPlugin
2025-09-07 12:34:04,566 [INFO] PluginManager:220 - loadIPPluginJar : add can
2025-09-07 12:34:04,626 [INFO] IPUIPlugin:80 - create IPUIPlugin
2025-09-07 12:34:04,626 [INFO] PluginManager:220 - loadIPPluginJar : add comp
2025-09-07 12:34:04,784 [INFO] IPUIPlugin:80 - create IPUIPlugin
2025-09-07 12:34:04,786 [INFO] PluginManager:220 - loadIPPluginJar : add cryp
2025-09-07 12:34:04,830 [INFO] IPUIPlugin:80 - create IPUIPlugin
2025-09-07 12:34:04,830 [INFO] PluginManager:220 - loadIPPluginJar : add ddr_ctrl_phy
2025-09-07 12:34:04,925 [INFO] IPUIPlugin:80 - create IPUIPlugin
2025-09-07 12:34:04,925 [INFO] PluginManager:220 - loadIPPluginJar : add dfsdm
2025-09-07 12:34:04,956 [INFO] IPUIPlugin:80 - create IPUIPlugin
2025-09-07 12:34:04,956 [INFO] PluginManager:220 - loadIPPluginJar : add dma
2025-09-07 12:34:05,065 [INFO] IPUIPlugin:80 - create IPUIPlugin
2025-09-07 12:34:05,065 [INFO] PluginManager:220 - loadIPPluginJar : add dma3
2025-09-07 12:34:05,194 [INFO] IPUIPlugin:80 - create IPUIPlugin
2025-09-07 12:34:05,194 [INFO] PluginManager:220 - loadIPPluginJar : add extmemmanager
2025-09-07 12:34:05,245 [INFO] IPUIPlugin:80 - create IPUIPlugin
2025-09-07 12:34:05,245 [INFO] PluginManager:220 - loadIPPluginJar : add fatfs
2025-09-07 12:34:05,301 [INFO] ThirdPartyUpdaterWithRetryManager:70 - Updater plugin not ready yet. [2/15]
2025-09-07 12:34:05,384 [INFO] IPUIPlugin:80 - create IPUIPlugin
2025-09-07 12:34:05,384 [INFO] PluginManager:220 - loadIPPluginJar : add fmc
2025-09-07 12:34:05,427 [INFO] IPUIPlugin:80 - create IPUIPlugin
2025-09-07 12:34:05,427 [INFO] PluginManager:220 - loadIPPluginJar : add freertos
2025-09-07 12:34:05,493 [INFO] IPUIPlugin:80 - create IPUIPlugin
2025-09-07 12:34:05,495 [INFO] PluginManager:220 - loadIPPluginJar : add genericplugin
2025-09-07 12:34:05,744 [INFO] IPUIPlugin:80 - create IPUIPlugin
2025-09-07 12:34:05,744 [INFO] PluginManager:220 - loadIPPluginJar : add gfxmmu
2025-09-07 12:34:06,156 [INFO] IPUIPlugin:80 - create IPUIPlugin
2025-09-07 12:34:06,156 [INFO] PluginManager:220 - loadIPPluginJar : add gic
2025-09-07 12:34:06,188 [INFO] IPUIPlugin:80 - create IPUIPlugin
2025-09-07 12:34:06,193 [INFO] PluginManager:220 - loadIPPluginJar : add gpio
2025-09-07 12:34:06,457 [INFO] IPUIPlugin:80 - create IPUIPlugin
2025-09-07 12:34:06,457 [INFO] PluginManager:220 - loadIPPluginJar : add gtzc
2025-09-07 12:34:06,557 [INFO] IPUIPlugin:80 - create IPUIPlugin
2025-09-07 12:34:06,563 [INFO] PluginManager:220 - loadIPPluginJar : add hash
2025-09-07 12:34:06,706 [INFO] IPUIPlugin:80 - create IPUIPlugin
2025-09-07 12:34:06,706 [INFO] PluginManager:220 - loadIPPluginJar : add i2c
2025-09-07 12:34:06,824 [INFO] IPUIPlugin:80 - create IPUIPlugin
2025-09-07 12:34:06,824 [INFO] PluginManager:220 - loadIPPluginJar : add i2s
2025-09-07 12:34:06,953 [INFO] IPUIPlugin:80 - create IPUIPlugin
2025-09-07 12:34:06,953 [INFO] PluginManager:220 - loadIPPluginJar : add i3c
2025-09-07 12:34:07,264 [INFO] IPUIPlugin:80 - create IPUIPlugin
2025-09-07 12:34:07,264 [INFO] PluginManager:220 - loadIPPluginJar : add ipddr
2025-09-07 12:34:07,550 [INFO] IPUIPlugin:80 - create IPUIPlugin
2025-09-07 12:34:07,552 [INFO] PluginManager:220 - loadIPPluginJar : add linkedlist
2025-09-07 12:34:07,651 [INFO] IPUIPlugin:80 - create IPUIPlugin
2025-09-07 12:34:07,651 [INFO] PluginManager:220 - loadIPPluginJar : add lorawan
2025-09-07 12:34:07,764 [INFO] IPUIPlugin:80 - create IPUIPlugin
2025-09-07 12:34:07,764 [INFO] PluginManager:220 - loadIPPluginJar : add ltdc
2025-09-07 12:34:07,802 [INFO] IPUIPlugin:80 - create IPUIPlugin
2025-09-07 12:34:07,802 [INFO] PluginManager:220 - loadIPPluginJar : add mdma
2025-09-07 12:34:07,846 [INFO] IPUIPlugin:80 - create IPUIPlugin
2025-09-07 12:34:07,846 [INFO] PluginManager:220 - loadIPPluginJar : add nvic
2025-09-07 12:34:07,961 [INFO] IPUIPlugin:80 - create IPUIPlugin
2025-09-07 12:34:07,961 [INFO] PluginManager:220 - loadIPPluginJar : add opamp
2025-09-07 12:34:08,150 [INFO] IPUIPlugin:80 - create IPUIPlugin
2025-09-07 12:34:08,150 [INFO] PluginManager:220 - loadIPPluginJar : add openamp
2025-09-07 12:34:08,278 [INFO] IPUIPlugin:80 - create IPUIPlugin
2025-09-07 12:34:08,280 [INFO] PluginManager:220 - loadIPPluginJar : add pdm2pcm
2025-09-07 12:34:08,308 [INFO] ThirdPartyUpdaterWithRetryManager:70 - Updater plugin not ready yet. [3/15]
2025-09-07 12:34:08,308 [INFO] IPUIPlugin:80 - create IPUIPlugin
2025-09-07 12:34:08,308 [INFO] PluginManager:220 - loadIPPluginJar : add plateformsettings
2025-09-07 12:34:08,387 [INFO] IPUIPlugin:80 - create IPUIPlugin
2025-09-07 12:34:08,387 [INFO] PluginManager:220 - loadIPPluginJar : add quadspi
2025-09-07 12:34:08,466 [INFO] IPUIPlugin:80 - create IPUIPlugin
2025-09-07 12:34:08,466 [INFO] PluginManager:220 - loadIPPluginJar : add radio
2025-09-07 12:34:08,506 [INFO] IPUIPlugin:80 - create IPUIPlugin
2025-09-07 12:34:08,506 [INFO] PluginManager:220 - loadIPPluginJar : add resmgrutility
2025-09-07 12:34:08,641 [INFO] IPUIPlugin:80 - create IPUIPlugin
2025-09-07 12:34:08,641 [INFO] PluginManager:220 - loadIPPluginJar : add sai
2025-09-07 12:34:08,752 [INFO] IPUIPlugin:80 - create IPUIPlugin
2025-09-07 12:34:08,752 [INFO] PluginManager:220 - loadIPPluginJar : add spi
2025-09-07 12:34:08,977 [INFO] IPUIPlugin:80 - create IPUIPlugin
2025-09-07 12:34:08,977 [INFO] PluginManager:220 - loadIPPluginJar : add stm32_wpan
2025-09-07 12:34:09,053 [INFO] IPUIPlugin:80 - create IPUIPlugin
2025-09-07 12:34:09,053 [INFO] PluginManager:220 - loadIPPluginJar : add tim
2025-09-07 12:34:09,236 [INFO] IPUIPlugin:80 - create IPUIPlugin
2025-09-07 12:34:09,236 [INFO] PluginManager:220 - loadIPPluginJar : add touchsensing
2025-09-07 12:34:09,306 [INFO] IPUIPlugin:80 - create IPUIPlugin
2025-09-07 12:34:09,306 [INFO] PluginManager:220 - loadIPPluginJar : add tracer_emb
2025-09-07 12:34:09,370 [INFO] IPUIPlugin:80 - create IPUIPlugin
2025-09-07 12:34:09,370 [INFO] PluginManager:220 - loadIPPluginJar : add ts
2025-09-07 12:34:09,430 [INFO] IPUIPlugin:80 - create IPUIPlugin
2025-09-07 12:34:09,430 [INFO] PluginManager:220 - loadIPPluginJar : add tsc
2025-09-07 12:34:09,491 [INFO] IPUIPlugin:80 - create IPUIPlugin
2025-09-07 12:34:09,491 [INFO] PluginManager:220 - loadIPPluginJar : add ucpd
2025-09-07 12:34:09,624 [INFO] IPUIPlugin:80 - create IPUIPlugin
2025-09-07 12:34:09,627 [INFO] PluginManager:220 - loadIPPluginJar : add usart
2025-09-07 12:34:09,759 [INFO] IPUIPlugin:80 - create IPUIPlugin
2025-09-07 12:34:09,759 [INFO] PluginManager:220 - loadIPPluginJar : add usbx
2025-09-07 12:34:09,992 [FATAL] Updater:351 - Updater called before beeing initialized
2025-09-07 12:34:10,058 [INFO] RulesReader:64 - Compatibility file has been processed (317 Rules)
2025-09-07 12:34:10,083 [INFO] RulesReader:64 - Compatibility file has been processed (317 Rules)
2025-09-07 12:34:10,100 [INFO] CADModel:165 - CPN selected for project level
2025-09-07 12:34:10,100 [INFO] CADModel:114 - Register for checkConnection events
2025-09-07 12:34:10,100 [FATAL] Updater:351 - Updater called before beeing initialized
2025-09-07 12:34:10,100 [ERROR] CADModel:125 - Updater not yet initialized, retry later 
2025-09-07 12:34:10,516 [FATAL] Updater:351 - Updater called before beeing initialized
2025-09-07 12:34:10,516 [INFO] CADModel:165 - CPN selected for project level
2025-09-07 12:34:10,516 [INFO] CADModel:114 - Register for checkConnection events
2025-09-07 12:34:10,516 [FATAL] Updater:351 - Updater called before beeing initialized
2025-09-07 12:34:10,516 [ERROR] CADModel:125 - Updater not yet initialized, retry later 
2025-09-07 12:34:10,528 [FATAL] Updater:351 - Updater called before beeing initialized
2025-09-07 12:34:10,821 [FATAL] Updater:351 - Updater called before beeing initialized
2025-09-07 12:34:10,847 [INFO] DbMcusAds:53 - JSON generation date=Tue Jul 08 13:44:23 IST 2025 (1751962463582)
2025-09-07 12:34:10,847 [FATAL] Updater:351 - Updater called before beeing initialized
2025-09-07 12:34:10,958 [WARN] DetailPanel:346 - Failed to get advertising image, set to default
2025-09-07 12:34:11,218 [FATAL] Updater:351 - Updater called before beeing initialized
2025-09-07 12:34:11,226 [FATAL] Updater:351 - Updater called before beeing initialized
2025-09-07 12:34:11,226 [FATAL] Updater:351 - Updater called before beeing initialized
2025-09-07 12:34:11,226 [WARN] DetailPanel:346 - Failed to get advertising image, set to default
2025-09-07 12:34:11,226 [FATAL] Updater:351 - Updater called before beeing initialized
2025-09-07 12:34:11,320 [INFO] ThirdPartyUpdaterWithRetryManager:70 - Updater plugin not ready yet. [4/15]
2025-09-07 12:34:11,388 [ERROR] Updater:1198 - MainUpdater not yet initialized. External WinMGr cannot be set.
2025-09-07 12:34:11,427 [INFO] Updater:1134 - Updater Version found : 6.15.0
2025-09-07 12:34:12,116 [INFO] ApplicationProperties:184 - Using Application install path: C:\ST\STM32CubeIDE_1.19.0\STM32CubeIDE\plugins\com.st.stm32cube.common.mx_6.15.0.202507011659
2025-09-07 12:34:13,825 [ERROR] LogOutputStream:75 - [STDERR_REDIRECT] Sep 07, 2025 12:34:13 PM java.util.prefs.WindowsPreferences <init>
2025-09-07 12:34:13,831 [ERROR] LogOutputStream:75 - [STDERR_REDIRECT] WARNING: Could not open/create prefs root node Software\JavaSoft\Prefs at root 0xffffffff80000002. Windows RegCreateKeyEx(...) returned error code 5.
2025-09-07 12:34:13,831 [ERROR] LogOutputStream:75 - [STDERR_REDIRECT] 
2025-09-07 12:34:14,342 [FATAL] Updater:351 - Updater called before beeing initialized
2025-09-07 12:34:14,344 [ERROR] IntegrityCheckThread:130 - Cannot retrieve database content from updater: error 21
2025-09-07 12:34:14,344 [INFO] ThirdParty:978 - Integrity check success = false
2025-09-07 12:34:14,344 [INFO] IntegrityCheckThread:100 - exiting critical section [integrity check]
2025-09-07 12:34:14,344 [INFO] IntegrityCheckThread:103 - End integrity checks thread
2025-09-07 12:34:15,239 [INFO] MainUpdater:2872 - connection check result : 10
2025-09-07 12:34:15,242 [INFO] MainUpdater:289 - Updater Check For Update Now.
2025-09-07 12:34:15,242 [INFO] MicroXplorer:498 - Change Database Version : DB.6.0.150
2025-09-07 12:34:15,298 [INFO] McuFinderGlobals:63 - Set McuFinder mode to 2 (CubeIDE integrated)
2025-09-07 12:34:15,300 [INFO] UserAuth:171 - activating auth plugin
2025-09-07 12:34:15,373 [INFO] UserAuth:487 - Internet connection configuration mode: 1
2025-09-07 12:34:15,577 [INFO] JxBrowserEngine:152 - Initiate JxBrowser Engine with user profile folder
2025-09-07 12:34:16,267 [INFO] CheckServerUpdateThread:120 - End of CheckServer Thread
2025-09-07 12:34:18,901 [INFO] WebApp:169 - Instantiating new browser for Auth
2025-09-07 12:34:22,061 [INFO] WebApp:463 - Apply proxy settings
2025-09-07 12:34:22,066 [INFO] WebApp:548 - Chromium requires no authentication
2025-09-07 12:34:22,095 [INFO] WebApp:491 - Direct internet connection detected
2025-09-07 12:34:22,184 [INFO] WebApp:900 - Register for checkConnection events
2025-09-07 12:34:22,184 [INFO] WebApp:463 - Apply proxy settings
2025-09-07 12:34:22,184 [INFO] WebApp:548 - Chromium requires no authentication
2025-09-07 12:34:22,184 [INFO] WebApp:491 - Direct internet connection detected
2025-09-07 12:34:22,711 [INFO] WebApp:225 - Starting web application
2025-09-07 12:34:22,711 [INFO] WebApp:593 - Web application path used C:\ST\STM32CubeIDE_1.19.0\STM32CubeIDE\plugins\com.st.stm32cube.common.mx_6.15.0.202507011659\db\plugins\mcufinder\reactClient1\index.html
2025-09-07 12:34:23,422 [INFO] WebApp:191 - Connection restablished
2025-09-07 12:37:14,439 [INFO] WebApp:194 - Connection lost
2025-09-07 12:37:58,639 [INFO] WebApp:191 - Connection restablished
2025-09-07 12:43:33,363 [INFO] WebApp:194 - Connection lost
2025-09-07 12:43:39,673 [INFO] WebApp:191 - Connection restablished
2025-09-07 12:43:52,148 [INFO] WebApp:194 - Connection lost
2025-09-07 12:43:52,365 [INFO] WebApp:191 - Connection restablished
2025-09-07 12:43:57,889 [INFO] WebApp:194 - Connection lost
2025-09-07 12:43:58,508 [INFO] WebApp:191 - Connection restablished
2025-09-07 12:44:05,878 [INFO] WebApp:194 - Connection lost
2025-09-07 12:44:06,162 [INFO] WebApp:191 - Connection restablished
2025-09-07 12:44:08,163 [INFO] WebApp:194 - Connection lost
2025-09-07 12:44:08,435 [INFO] WebApp:191 - Connection restablished
2025-09-07 12:46:47,442 [INFO] WebApp:194 - Connection lost
2025-09-07 12:53:52,531 [INFO] WebApp:191 - Connection restablished
2025-09-07 12:53:57,333 [INFO] WebApp:194 - Connection lost
2025-09-07 12:53:57,568 [INFO] WebApp:191 - Connection restablished
2025-09-07 12:56:11,543 [INFO] WebApp:194 - Connection lost
2025-09-07 12:56:21,031 [INFO] WebApp:191 - Connection restablished
2025-09-07 12:56:26,175 [INFO] WebApp:194 - Connection lost
2025-09-07 12:56:26,485 [INFO] WebApp:191 - Connection restablished
2025-09-07 12:56:29,517 [INFO] WebApp:194 - Connection lost
2025-09-07 12:56:29,753 [INFO] WebApp:191 - Connection restablished
2025-09-07 13:39:22,708 [INFO] WebApp:194 - Connection lost
2025-09-07 16:31:36,201 [INFO] WebApp:191 - Connection restablished
2025-09-07 16:57:42,617 [INFO] WebApp:194 - Connection lost
2025-09-07 16:57:43,326 [INFO] WebApp:191 - Connection restablished
2025-09-07 16:58:15,536 [INFO] WebApp:194 - Connection lost
2025-09-07 16:58:15,771 [INFO] WebApp:191 - Connection restablished
2025-09-07 17:18:54,649 [INFO] WebApp:194 - Connection lost
2025-09-07 17:18:57,112 [INFO] WebApp:191 - Connection restablished
2025-09-07 17:18:58,776 [INFO] WebApp:194 - Connection lost
2025-09-07 17:18:59,024 [INFO] WebApp:191 - Connection restablished
2025-09-07 17:18:59,327 [INFO] WebApp:194 - Connection lost
2025-09-07 17:18:59,555 [INFO] WebApp:191 - Connection restablished
2025-09-07 18:24:30,854 [INFO] WebApp:194 - Connection lost
2025-09-07 18:25:48,757 [INFO] WebApp:191 - Connection restablished
2025-09-07 18:29:34,001 [INFO] WebApp:194 - Connection lost
2025-09-07 18:29:37,254 [INFO] WebApp:191 - Connection restablished
2025-09-07 18:29:37,534 [INFO] WebApp:194 - Connection lost
2025-09-07 18:29:37,775 [INFO] WebApp:191 - Connection restablished
2025-09-07 18:29:38,175 [INFO] WebApp:194 - Connection lost
2025-09-07 18:29:38,560 [INFO] WebApp:191 - Connection restablished
2025-09-07 18:43:48,436 [INFO] WebApp:194 - Connection lost
2025-09-07 18:43:51,262 [INFO] WebApp:191 - Connection restablished
2025-09-07 18:47:28,087 [INFO] McuFinderGlobals:63 - Set McuFinder mode to 2 (CubeIDE integrated)
2025-09-07 18:47:29,990 [INFO] MainUpdater:2872 - connection check result : 10
2025-09-07 18:47:33,816 [INFO] ApiDb:581 - Connected to CubeFinder SQLite database (C:\Users\aksha\.stmcufinder\plugins\mcufinder\mcu\cube-finder-db.db)
2025-09-07 18:47:34,053 [INFO] ApiDb:668 - CubeFinder database Data Model version=2.1
2025-09-07 18:47:34,057 [INFO] ApiDb:669 - CubeFinder database Configuration version=3.0.39
2025-09-07 18:47:34,064 [INFO] ApiDb:670 - CubeFinder database generation date=2025-07-24 (1753349077)
2025-09-07 18:47:34,067 [INFO] ApiDb:671 - CubeFinder database FW Pack versions=[FP-ATR-ASTRA1_V2.0.0, FP-SNS-FLIGHT1_V5.1.0, FP-SNS-MOTENV1_V5.0.0, FP-SNS-MOTENVWB1_V1.4.0, FP-SNS-SMARTAG2_V1.2.0, FP-SNS-STBOX1_V2.0.0, STM32Cube_FW_C0_V1.4.0, STM32Cube_FW_F4_V1.28.2, STM32Cube_FW_F7_V1.17.3, STM32Cube_FW_G0_V1.6.2, STM32Cube_FW_G4_V1.6.1, STM32Cube_FW_H5_V1.5.0, STM32Cube_FW_H7RS_V1.2.0, STM32Cube_FW_H7_V1.12.1, STM32Cube_FW_L0_V1.12.2, STM32Cube_FW_L4_V1.18.1, STM32Cube_FW_L5_V1.5.1, STM32Cube_FW_N6_V1.2.0, STM32Cube_FW_U0_V1.3.0, STM32Cube_FW_U3_V1.2.0, STM32Cube_FW_U5_V1.8.0, STM32Cube_FW_WB0_V1.3.0, STM32Cube_FW_WBA_V1.7.0, STM32Cube_FW_WB_V1.23.0, STM32Cube_FW_WL3_V1.2.0, STM32Cube_FW_WL_V1.3.1, X-CUBE-ALGOBUILD_V1.4.0, X-CUBE-ALS_V1.0.2, X-CUBE-AZRTOS-F4_V1.1.0, X-CUBE-AZRTOS-F7_V1.1.0, X-CUBE-AZRTOS-G0_V1.1.0, X-CUBE-AZRTOS-G4_V2.0.0, X-CUBE-AZRTOS-H7RS_V1.1.0, X-CUBE-AZRTOS-H7_V3.4.0, X-CUBE-AZRTOS-L4_V2.0.0, X-CUBE-AZRTOS-L5_V2.0.0, X-CUBE-AZRTOS-WB_V2.0.0, X-CUBE-AZRTOS-WL_V2.0.0, X-CUBE-BLE1_V7.1.0, X-CUBE-BLE2_V3.3.0, X-CUBE-BLEMGR_V4.1.0, X-CUBE-EEPRMA1_V5.2.0, X-CUBE-FREERTOS_V1.3.1, X-CUBE-GNSS1_V6.0.0, X-CUBE-MEMS1_V11.3.0, X-CUBE-NFC4_V3.0.0, X-CUBE-NFC7_V2.0.0, X-CUBE-SFXS2LP1_V4.0.0, X-CUBE-ST67W61_V1.0.0, X-CUBE-SUBG2_V5.0.0, X-CUBE-TOF1_V3.4.3]
2025-09-07 18:47:47,373 [INFO] ApiDb:240 - Found 880 in-development CPN: [B-G473E-ZEST1S, B-WB1M-WPAN1, B-WBA5M-WPAN, B-WL5M-SUBG1, NUCLEO-C031C6, NUCLEO-C051C8, NUCLEO-C071RB, NUCLEO-C092RC, NUCLEO-H503RB, NUCLEO-H533RE, NUCLEO-H563ZI, NUCLEO-H7S3L8, NUCLEO-N657X0-Q, NUCLEO-U031R8, NUCLEO-U083RC, NUCLEO-U385RG-Q, NUCLEO-U545RE-Q, NUCLEO-U5A5ZJ-Q, NUCLEO-WB05KZ, NUCLEO-WB07CC, NUCLEO-WB09KE, NUCLEO-WBA52CG, NUCLEO-WBA55CG, NUCLEO-WL33CC1, NUCLEO-WL33CC2, STEVAL-PROTEUS1, STEVAL-SMARTAG2, STEVAL-STWINBX1, STM320518-EVAL, STM32C0116-DK, STM32C011D6Y3TR, STM32C011D6Y6TR, STM32C011F4P3, STM32C011F4P6, STM32C011F4U3, STM32C011F4U6TR, STM32C011F6P3, STM32C011F6P6, STM32C011F6U3, STM32C011F6U6TR, STM32C011J4M3, STM32C011J4M6, STM32C011J6M3, STM32C011J6M6, STM32C0316-DK, STM32C031C4T3, STM32C031C4T6, STM32C031C4U3, STM32C031C4U6, STM32C031C6T3, STM32C031C6T6, STM32C031C6U3, STM32C031C6U6, STM32C031F4P3, STM32C031F4P6, STM32C031F6P3, STM32C031F6P6, STM32C031G4U3, STM32C031G4U6, STM32C031G6U3, STM32C031G6U6, STM32C031K4T3, STM32C031K4T6, STM32C031K4U3, STM32C031K4U6, STM32C031K6T3, STM32C031K6T6, STM32C031K6U3, STM32C031K6U6, STM32C051C6T6, STM32C051C6U6, STM32C051C8T6, STM32C051C8U6, STM32C051D8Y6TR, STM32C051F6P6, STM32C051F8P6, STM32C051G6U6, STM32C051G8U6, STM32C051K6T6, STM32C051K6U6, STM32C051K8T6, STM32C071C8T6, STM32C071C8T6N, STM32C071C8U6, STM32C071C8U6N, STM32C071CBT6, STM32C071CBT6N, STM32C071CBU6, STM32C071CBU6N, STM32C071F8P6, STM32C071F8P6N, STM32C071FBP6, STM32C071FBP6N, STM32C071FBY6TR, STM32C071G8U6, STM32C071G8U6N, STM32C071GBU6, STM32C071GBU6N, STM32C071K8T6, STM32C071K8T6N, STM32C071K8U6, STM32C071K8U6N, STM32C071KBT6, STM32C071KBT6N, STM32C071KBU6, STM32C071KBU6N, STM32C071R8T6, STM32C071R8T6N, STM32C071RBI6N, STM32C071RBT6, STM32C071RBT6N, STM32C091CBT6, STM32C091CBU6, STM32C091CCT6, STM32C091CCU6, STM32C091ECY6TR, STM32C091FBP6, STM32C091FCP6, STM32C091GBU6, STM32C091GCU6, STM32C091KBT6, STM32C091KBU6, STM32C091KCT6, STM32C091KCU6, STM32C091RBT6, STM32C091RCI6, STM32C091RCT6, STM32C092CBT6, STM32C092CBU6, STM32C092CCT6, STM32C092CCU6, STM32C092ECY6TR, STM32C092FBP6, STM32C092FCP6, STM32C092GBU6, STM32C092GCU6, STM32C092KBT6, STM32C092KBU6, STM32C092KCT6, STM32C092KCU6, STM32C092RBT6, STM32C092RCI6, STM32C092RCT6, STM32G071K8TXN, STM32G071K8UXN, STM32G081GBU6N, STM32G081KBT6N, STM32G081KBUXN, STM32G0B1CCT6N, STM32G0B1KCT6, STM32G0B1NEY6TR, STM32G0B1RCT6N, STM32G0C1CCT6, STM32G0C1CCT6N, STM32G0C1CCU6N, STM32G0C1CET6N, STM32G0C1CEU6N, STM32G0C1KCT6, STM32G0C1NEY6TR, STM32G0C1RCI6N, STM32G0C1RCT6N, STM32G0C1REI6N, STM32G0C1RET6N, STM32G0C1VCI6, STM32G0C1VEI6, STM32G411C6T3, STM32G411C6T6, STM32G411C6U3, STM32G411C6U6, STM32G411C8T3, STM32G411C8T6, STM32G411C8U3, STM32G411C8U6, STM32G411CBT3, STM32G411CBT6, STM32G411CBU3, STM32G411CBU6, STM32G411K6T3, STM32G411K6T6, STM32G411K6U3, STM32G411K6U6, STM32G411K8T3, STM32G411K8T6, STM32G411K8U3, STM32G411K8U6, STM32G411KBT3, STM32G411KBT6, STM32G411KBU3, STM32G411KBU6, STM32G411M6T3, STM32G411M6T6, STM32G411M8T3, STM32G411M8T6, STM32G411MBT3, STM32G411MBT6, STM32G411R6T3, STM32G411R6T6, STM32G411R8T3, STM32G411R8T6, STM32G411RBT3, STM32G411RBT6, STM32G414CBT3, STM32G414CBT6, STM32G414CBU3, STM32G414CBU6, STM32G414CCT3, STM32G414CCT6, STM32G414CCU3, STM32G414CCU6, STM32G414MBT3, STM32G414MBT6, STM32G414MCT3, STM32G414MCT6, STM32G414RBT3, STM32G414RBT6, STM32G414RCT3, STM32G414RCT6, STM32G414VBT3, STM32G414VBT6, STM32G414VCT3, STM32G414VCT6, STM32G431CBT3Z, STM32G431RBT3Z, STM32G471CCT6, STM32G471CCU6, STM32G471CET3, STM32G471CET6, STM32G471CEU3, STM32G471CEU6, STM32G471MCT6, STM32G471MET3, STM32G471MET6, STM32G471MEY6TR, STM32G471QCT6, STM32G471QET3, STM32G471RCT6, STM32G471RET3, STM32G471RET6, STM32G471VCH6, STM32G471VCI6, STM32G471VCT6, STM32G471VEH3, STM32G471VEH6, STM32G471VEI3, STM32G471VEI6, STM32G471VET3, STM32G471VET6, STM32G473QET3Z, STM32G473RET3Z, STM32G474CCT6, STM32G491RET3Z, STM32H503CBT6, STM32H503CBU6, STM32H503EBY6TR, STM32H503KBU6, STM32H503RBT6, STM32H523CCT6, STM32H523CCU6, STM32H523CET6, STM32H523CEU6, STM32H523HEY6TR, STM32H523RCT6, STM32H523RET6, STM32H523VCI6, STM32H523VCT6, STM32H523VEI6, STM32H523VET6, STM32H523ZCJ6, STM32H523ZCT6, STM32H523ZEJ6, STM32H523ZET6, STM32H533CET6, STM32H533CEU6, STM32H533HEY6TR, STM32H533RET6, STM32H533VEI6, STM32H533VET6, STM32H533ZEJ6, STM32H533ZET6, STM32H562AGI6, STM32H562AII6, STM32H562IGK6, STM32H562IGT6, STM32H562IIK6, STM32H562IIT6, STM32H562RGT6, STM32H562RGV6, STM32H562RIT6, STM32H562RIV6, STM32H562VGT6, STM32H562VIT6, STM32H562ZGT6, STM32H562ZIT6, STM32H563AGI6, STM32H563AII3Q, STM32H563AII6, STM32H563IGK6, STM32H563IGT6, STM32H563IIK3Q, STM32H563IIK6, STM32H563IIT3Q, STM32H563IIT6, STM32H563MIY3QTR, STM32H563RGT6, STM32H563RGV6, STM32H563RIT6, STM32H563RIV6, STM32H563VGT6, STM32H563VIT3Q, STM32H563VIT6, STM32H563ZGT6, STM32H563ZIT3Q, STM32H563ZIT6, STM32H573AII3Q, STM32H573AII6, STM32H573I-DK, STM32H573IIK3Q, STM32H573IIK6, STM32H573IIT3Q, STM32H573IIT6, STM32H573MIY3QTR, STM32H573RIT6, STM32H573RIV6, STM32H573VIT3Q, STM32H573VIT6, STM32H573ZIT3Q, STM32H573ZIT6, STM32H7R3A8I6, STM32H7R3I8K6, STM32H7R3I8T6, STM32H7R3L8H6, STM32H7R3L8H6H, STM32H7R3R8V6, STM32H7R3V8H6, STM32H7R3V8T6, STM32H7R3V8Y6TR, STM32H7R3Z8J6, STM32H7R3Z8T6, STM32H7R7A8I6, STM32H7R7I8K6, STM32H7R7I8T6, STM32H7R7L8H6, STM32H7R7L8H6H, STM32H7R7Z8J6, STM32H7S3A8I6, STM32H7S3I8K6, STM32H7S3I8T6, STM32H7S3L8H6, STM32H7S3L8H6H, STM32H7S3R8V6, STM32H7S3V8H6, STM32H7S3V8T6, STM32H7S3V8Y6TR, STM32H7S3Z8J6, STM32H7S3Z8T6, STM32H7S78-DK, STM32H7S7A8I6, STM32H7S7I8K6, STM32H7S7I8T6, STM32H7S7L8H6, STM32H7S7L8H6H, STM32H7S7Z8J6, STM32L4R5QGI6STR, STM32MP131AAE3, STM32MP131AAF3, STM32MP131AAG3, STM32MP131CAE3, STM32MP131CAF3, STM32MP131CAG3, STM32MP131DAE7, STM32MP131DAF7, STM32MP131DAG7, STM32MP131FAE7, STM32MP131FAF7, STM32MP131FAG7, STM32MP133AAE3, STM32MP133AAF3, STM32MP133AAG3, STM32MP133CAE3, STM32MP133CAF3, STM32MP133CAG3, STM32MP133DAE7, STM32MP133DAF7, STM32MP133DAG7, STM32MP133FAE7, STM32MP133FAF7, STM32MP133FAG7, STM32MP135AAE3, STM32MP135AAF3, STM32MP135AAG3, STM32MP135CAE3, STM32MP135CAF3, STM32MP135CAG3, STM32MP135DAE7, STM32MP135DAF7, STM32MP135DAG7, STM32MP135F-DK, STM32MP135FAE7, STM32MP135FAF7, STM32MP135FAF7T, STM32MP135FAF7U, STM32MP135FAG7, STM32MP211AAL3, STM32MP211AAM3, STM32MP211AAN3, STM32MP211AAO3, STM32MP211CAL3, STM32MP211CAM3, STM32MP211CAN3, STM32MP211CAO3, STM32MP211DAL3, STM32MP211DAM3, STM32MP211DAN3, STM32MP211DAO3, STM32MP211FAL3, STM32MP211FAM3, STM32MP211FAN3, STM32MP211FAO3, STM32MP213AAL3, STM32MP213AAM3, STM32MP213AAN3, STM32MP213AAO3, STM32MP213CAL3, STM32MP213CAM3, STM32MP213CAN3, STM32MP213CAO3, STM32MP213DAL3, STM32MP213DAM3, STM32MP213DAN3, STM32MP213DAO3, STM32MP213FAL3, STM32MP213FAM3, STM32MP213FAN3, STM32MP213FAO3, STM32MP215AAL3, STM32MP215AAM3, STM32MP215AAN3, STM32MP215AAO3, STM32MP215CAL3, STM32MP215CAM3, STM32MP215CAN3, STM32MP215CAO3, STM32MP215DAL3, STM32MP215DAM3, STM32MP215DAN3, STM32MP215DAO3, STM32MP215F-DK, STM32MP215FAL3, STM32MP215FAM3, STM32MP215FAN3, STM32MP215FAO3, STM32MP231AAJ3, STM32MP231AAK3, STM32MP231AAL3, STM32MP231CAJ3, STM32MP231CAK3, STM32MP231CAL3, STM32MP231DAJ3, STM32MP231DAK3, STM32MP231DAL3, STM32MP231FAJ3, STM32MP231FAK3, STM32MP231FAL3, STM32MP233AAJ3, STM32MP233AAK3, STM32MP233AAL3, STM32MP233CAJ3, STM32MP233CAK3, STM32MP233CAL3, STM32MP233DAJ3, STM32MP233DAK3, STM32MP233DAL3, STM32MP233FAJ3, STM32MP233FAK3, STM32MP233FAL3, STM32MP235AAJ3, STM32MP235AAK3, STM32MP235AAL3, STM32MP235CAJ3, STM32MP235CAK3, STM32MP235CAL3, STM32MP235DAJ3, STM32MP235DAK3, STM32MP235DAL3, STM32MP235FAJ3, STM32MP235FAK3, STM32MP235FAL3, STM32MP251AAI3, STM32MP251AAK3, STM32MP251AAL3, STM32MP251CAI3, STM32MP251CAK3, STM32MP251CAL3, STM32MP251DAI3, STM32MP251DAK3, STM32MP251DAL3, STM32MP251FAI3, STM32MP251FAK3, STM32MP251FAL3, STM32MP253AAI3, STM32MP253AAK3, STM32MP253AAL3, STM32MP253CAI3, STM32MP253CAK3, STM32MP253CAL3, STM32MP253DAI3, STM32MP253DAK3, STM32MP253DAL3, STM32MP253FAI3, STM32MP253FAK3, STM32MP253FAL3, STM32MP255AAI3, STM32MP255AAK3, STM32MP255AAL3, STM32MP255CAI3, STM32MP255CAK3, STM32MP255CAL3, STM32MP255DAI3, STM32MP255DAK3, STM32MP255DAL3, STM32MP255FAI3, STM32MP255FAK3, STM32MP255FAL3, STM32MP257AAI3, STM32MP257AAK3, STM32MP257AAL3, STM32MP257CAI3, STM32MP257CAK3, STM32MP257CAL3, STM32MP257DAI3, STM32MP257DAK3, STM32MP257DAL3, STM32MP257F-DK, STM32MP257F-EV1, STM32MP257FAI3, STM32MP257FAK3, STM32MP257FAL3, STM32N645A0H3Q, STM32N645B0H3Q, STM32N645I0H3Q, STM32N645L0H3Q, STM32N645X0H3Q, STM32N645Z0H3Q, STM32N647A0H3Q, STM32N647B0H3Q, STM32N647I0H3Q, STM32N647L0H3Q, STM32N647X0H3Q, STM32N647Z0H3Q, STM32N655A0H3Q, STM32N655B0H3Q, STM32N655I0H3Q, STM32N655L0H3Q, STM32N655X0H3Q, STM32N655Z0H3Q, STM32N6570-DK, STM32N657A0H3Q, STM32N657B0H3Q, STM32N657I0H3Q, STM32N657L0H3Q, STM32N657X0H3Q, STM32N657Z0H3Q, STM32U031C6T6, STM32U031C6U6, STM32U031C8T6, STM32U031C8U6, STM32U031F4P6, STM32U031F6P6, STM32U031F8P6, STM32U031G6Y6TR, STM32U031G8Y6TR, STM32U031K4U6, STM32U031K6U6, STM32U031K8U6, STM32U031R6I6, STM32U031R6T6, STM32U031R8I6, STM32U031R8T6, STM32U073C8T6, STM32U073C8U6, STM32U073CBT6, STM32U073CBU6, STM32U073CCT6, STM32U073CCU6, STM32U073H8Y6TR, STM32U073HBY6TR, STM32U073HCY6TR, STM32U073K8U6, STM32U073KBU6, STM32U073KCU6, STM32U073M8I6, STM32U073M8T6, STM32U073MBI6, STM32U073MBT6, STM32U073MCI6, STM32U073MCT6, STM32U073R8I6, STM32U073R8T6, STM32U073RBI6, STM32U073RBT6, STM32U073RCI6, STM32U073RCT6, STM32U083C-DK, STM32U083CCT6, STM32U083CCU6, STM32U083HCY6TR, STM32U083KCU6, STM32U083MCI6, STM32U083MCT6, STM32U083RCI6, STM32U083RCT6, STM32U375CET6, STM32U375CET6Q, STM32U375CEU6, STM32U375CEU6Q, STM32U375CEY6QTR, STM32U375CGT6, STM32U375CGT6Q, STM32U375CGU6, STM32U375CGU6Q, STM32U375CGY6QTR, STM32U375KEU6, STM32U375KGU6, STM32U375REI6, STM32U375REI6Q, STM32U375RET6, STM32U375RET6Q, STM32U375REY6GTR, STM32U375REY6QTR, STM32U375RGI6, STM32U375RGI6Q, STM32U375RGT6, STM32U375RGT6Q, STM32U375RGY6GTR, STM32U375RGY6QTR, STM32U375VEI6, STM32U375VEI6Q, STM32U375VET6, STM32U375VET6Q, STM32U375VGI6, STM32U375VGI6Q, STM32U375VGT6, STM32U375VGT6Q, STM32U385CGT6, STM32U385CGT6Q, STM32U385CGU6, STM32U385CGU6Q, STM32U385CGY6QTR, STM32U385KGU6, STM32U385RGI6, STM32U385RGI6Q, STM32U385RGT6, STM32U385RGT6Q, STM32U385RGY6GTR, STM32U385RGY6QTR, STM32U385VGI6, STM32U385VGI6Q, STM32U385VGT6, STM32U385VGT6Q, STM32U535CBT6, STM32U535CBT6Q, STM32U535CBU6, STM32U535CBU6Q, STM32U535CCT6, STM32U535CCT6Q, STM32U535CCU6, STM32U535CCU6Q, STM32U535CET6, STM32U535CET6Q, STM32U535CEU6, STM32U535CEU6Q, STM32U535JEY6QTR, STM32U535NCY6QTR, STM32U535NEY6QTR, STM32U535RBI6, STM32U535RBI6Q, STM32U535RBT6, STM32U535RBT6Q, STM32U535RCI6, STM32U535RCI6Q, STM32U535RCT6, STM32U535RCT6Q, STM32U535REI6, STM32U535REI6Q, STM32U535RET6, STM32U535RET6Q, STM32U535VCI6, STM32U535VCI6Q, STM32U535VCT6, STM32U535VCT6Q, STM32U535VEI6, STM32U535VEI6Q, STM32U535VET6, STM32U535VET6Q, STM32U545CET6, STM32U545CET6Q, STM32U545CEU6, STM32U545CEU6Q, STM32U545JEY6QTR, STM32U545NEY6QTR, STM32U545REI6, STM32U545REI6Q, STM32U545RET6, STM32U545RET6Q, STM32U545VEI6, STM32U545VEI6Q, STM32U545VET6, STM32U545VET6Q, STM32U595AIH6, STM32U595AIH6Q, STM32U595AJH6, STM32U595AJH6Q, STM32U595QII6, STM32U595QII6Q, STM32U595QJI6, STM32U595QJI6Q, STM32U595RIT6, STM32U595RIT6Q, STM32U595RJT6, STM32U595RJT6Q, STM32U595VIT6, STM32U595VIT6Q, STM32U595VJT6, STM32U595VJT6Q, STM32U595ZIT6, STM32U595ZIT6Q, STM32U595ZIY6QTR, STM32U595ZJT6, STM32U595ZJT6Q, STM32U595ZJY6QTR, STM32U599BJY6QTR, STM32U599NIH6Q, STM32U599NJH6Q, STM32U599VIT6Q, STM32U599VJT6, STM32U599VJT6Q, STM32U599ZIT6Q, STM32U599ZIY6QTR, STM32U599ZJT6Q, STM32U599ZJY6QTR, STM32U5A5AJH6, STM32U5A5AJH6Q, STM32U5A5QII3Q , STM32U5A5QJI6, STM32U5A5QJI6Q, STM32U5A5RJT6, STM32U5A5RJT6Q, STM32U5A5VJT6, STM32U5A5VJT6Q, STM32U5A5ZJT6, STM32U5A5ZJT6Q, STM32U5A5ZJY6QTR, STM32U5A9BJY6QTR, STM32U5A9J-DK, STM32U5A9NJH6Q, STM32U5A9VJT6Q, STM32U5A9ZJT6Q, STM32U5A9ZJY6QTR, STM32U5F7VIT6, STM32U5F7VIT6Q, STM32U5F7VJT6, STM32U5F7VJT6Q, STM32U5F9BJY6QTR, STM32U5F9NJH6Q, STM32U5F9VIT6Q, STM32U5F9VJT6Q, STM32U5F9ZIJ6QTR, STM32U5F9ZIT6Q, STM32U5F9ZJJ6QTR, STM32U5F9ZJT6Q, STM32U5G7VJT6, STM32U5G7VJT6Q, STM32U5G9BJY6QTR, STM32U5G9J-DK1, STM32U5G9J-DK2, STM32U5G9NJH6Q, STM32U5G9VJT6Q, STM32U5G9ZJJ6QTR, STM32U5G9ZJT6Q, STM32WB05KZV6TR, STM32WB05KZV7TR, STM32WB05TZF6TR, STM32WB05TZF7TR, STM32WB06CCF6TR, STM32WB06CCF7TR, STM32WB06CCV6TR, STM32WB06CCV7TR, STM32WB06KCV6TR, STM32WB06KCV7TR, STM32WB07CCF6TR, STM32WB07CCF7TR, STM32WB07CCV6TR, STM32WB07CCV7TR, STM32WB07KCV6TR, STM32WB07KCV7TR, STM32WB09KEV6TR, STM32WB09KEV7TR, STM32WB09TEF6TR, STM32WB09TEF7TR, STM32WB1MMCH6, STM32WBA50KGU6, STM32WBA50KGU6TR, STM32WBA52CEU6, STM32WBA52CEU6TR, STM32WBA52CEU7, STM32WBA52CEU7TR, STM32WBA52CGU6, STM32WBA52CGU6TR, STM32WBA52CGU6U, STM32WBA52CGU7, STM32WBA52CGU7TR, STM32WBA52KEU6, STM32WBA52KEU6TR, STM32WBA52KGU6, STM32WBA52KGU6TR, STM32WBA54CEU6, STM32WBA54CEU6TR, STM32WBA54CEU7, STM32WBA54CEU7TR, STM32WBA54CGU6, STM32WBA54CGU6TR, STM32WBA54CGU7, STM32WBA54CGU7TR, STM32WBA54KEU6, STM32WBA54KEU6TR, STM32WBA54KEU7, STM32WBA54KEU7TR, STM32WBA54KGU6, STM32WBA54KGU6TR, STM32WBA54KGU7, STM32WBA54KGU7TR, STM32WBA55CEU6, STM32WBA55CEU6TR, STM32WBA55CEU7, STM32WBA55CEU7TR, STM32WBA55CGU6, STM32WBA55CGU6TR, STM32WBA55CGU6U, STM32WBA55CGU7, STM32WBA55CGU7TR, STM32WBA55G-DK1, STM32WBA55HEF6, STM32WBA55HEF7, STM32WBA55HGF6, STM32WBA55HGF7, STM32WBA55UEI6, STM32WBA55UEI6TR, STM32WBA55UEI7, STM32WBA55UEI7TR, STM32WBA55UGI6, STM32WBA55UGI6TR, STM32WBA55UGI7, STM32WBA55UGI7TR, STM32WBA5MMGH6TR, STM32WBA62MGF6, STM32WBA62MIF6, STM32WBA65MGF7, STM32WBA65MIF6, STM32WBA65MIF7, STM32WL30K8V6, STM32WL30KBV6, STM32WL31C8V6, STM32WL31CBV6, STM32WL31K8V6, STM32WL31KBV6, STM32WL33C8V6, STM32WL33C8V6X, STM32WL33CBV6, STM32WL33CBV6X, STM32WL33CCV6, STM32WL33CCV6A, STM32WL33CCV6X, STM32WL33K8V7, STM32WL33K8V7X, STM32WL33KBV7 , STM32WL33KBV7X, STM32WL33KCV7, STM32WL33KCV7X, STM32WL5MOCH6, STM32WL5MOCH6TR]
2025-09-07 18:47:47,427 [INFO] DbMcus:218 - Found 4801 MCUs, 4801 are supported
2025-09-07 18:47:47,440 [INFO] ApiDb:423 - Load user favorites file C:\Users\aksha/.stm32cubeide/favorites.mcus.txt: 0 item(s)
2025-09-07 18:47:47,440 [INFO] ApiDb:427 - User favorites MCUs=[]
2025-09-07 18:47:47,440 [INFO] DbMcus:224 - Set 0 / 0 favorites MCUs
2025-09-07 18:47:55,252 [INFO] ApiDb:668 - CubeFinder database Data Model version=2.1
2025-09-07 18:47:55,268 [INFO] ApiDb:669 - CubeFinder database Configuration version=3.0.39
2025-09-07 18:47:55,268 [INFO] ApiDb:670 - CubeFinder database generation date=2025-07-24 (1753349077)
2025-09-07 18:47:55,268 [INFO] ApiDb:671 - CubeFinder database FW Pack versions=[FP-ATR-ASTRA1_V2.0.0, FP-SNS-FLIGHT1_V5.1.0, FP-SNS-MOTENV1_V5.0.0, FP-SNS-MOTENVWB1_V1.4.0, FP-SNS-SMARTAG2_V1.2.0, FP-SNS-STBOX1_V2.0.0, STM32Cube_FW_C0_V1.4.0, STM32Cube_FW_F4_V1.28.2, STM32Cube_FW_F7_V1.17.3, STM32Cube_FW_G0_V1.6.2, STM32Cube_FW_G4_V1.6.1, STM32Cube_FW_H5_V1.5.0, STM32Cube_FW_H7RS_V1.2.0, STM32Cube_FW_H7_V1.12.1, STM32Cube_FW_L0_V1.12.2, STM32Cube_FW_L4_V1.18.1, STM32Cube_FW_L5_V1.5.1, STM32Cube_FW_N6_V1.2.0, STM32Cube_FW_U0_V1.3.0, STM32Cube_FW_U3_V1.2.0, STM32Cube_FW_U5_V1.8.0, STM32Cube_FW_WB0_V1.3.0, STM32Cube_FW_WBA_V1.7.0, STM32Cube_FW_WB_V1.23.0, STM32Cube_FW_WL3_V1.2.0, STM32Cube_FW_WL_V1.3.1, X-CUBE-ALGOBUILD_V1.4.0, X-CUBE-ALS_V1.0.2, X-CUBE-AZRTOS-F4_V1.1.0, X-CUBE-AZRTOS-F7_V1.1.0, X-CUBE-AZRTOS-G0_V1.1.0, X-CUBE-AZRTOS-G4_V2.0.0, X-CUBE-AZRTOS-H7RS_V1.1.0, X-CUBE-AZRTOS-H7_V3.4.0, X-CUBE-AZRTOS-L4_V2.0.0, X-CUBE-AZRTOS-L5_V2.0.0, X-CUBE-AZRTOS-WB_V2.0.0, X-CUBE-AZRTOS-WL_V2.0.0, X-CUBE-BLE1_V7.1.0, X-CUBE-BLE2_V3.3.0, X-CUBE-BLEMGR_V4.1.0, X-CUBE-EEPRMA1_V5.2.0, X-CUBE-FREERTOS_V1.3.1, X-CUBE-GNSS1_V6.0.0, X-CUBE-MEMS1_V11.3.0, X-CUBE-NFC4_V3.0.0, X-CUBE-NFC7_V2.0.0, X-CUBE-SFXS2LP1_V4.0.0, X-CUBE-ST67W61_V1.0.0, X-CUBE-SUBG2_V5.0.0, X-CUBE-TOF1_V3.4.3]
2025-09-07 18:47:56,174 [INFO] DbBoardsSqlite:226 - include board P-NUCLEO-WB55-NUCLEO as a kit item of type 'Nucleo-64'
2025-09-07 18:47:56,174 [INFO] DbBoardsSqlite:226 - include board P-NUCLEO-WB55-USBDONGLE as a kit item of type 'Nucleo USB Dongle'
2025-09-07 18:47:56,182 [INFO] DbBoardsSqlite:226 - include board STEVAL-IDP005V1 as a kit item of type 'Evaluation Board'
2025-09-07 18:47:56,184 [INFO] DbBoardsSqlite:226 - include board STEVAL-IDP005V2 as a kit item of type 'Evaluation Board'
2025-09-07 18:47:57,524 [INFO] ApiDb:240 - Found 880 in-development CPN: [B-G473E-ZEST1S, B-WB1M-WPAN1, B-WBA5M-WPAN, B-WL5M-SUBG1, NUCLEO-C031C6, NUCLEO-C051C8, NUCLEO-C071RB, NUCLEO-C092RC, NUCLEO-H503RB, NUCLEO-H533RE, NUCLEO-H563ZI, NUCLEO-H7S3L8, NUCLEO-N657X0-Q, NUCLEO-U031R8, NUCLEO-U083RC, NUCLEO-U385RG-Q, NUCLEO-U545RE-Q, NUCLEO-U5A5ZJ-Q, NUCLEO-WB05KZ, NUCLEO-WB07CC, NUCLEO-WB09KE, NUCLEO-WBA52CG, NUCLEO-WBA55CG, NUCLEO-WL33CC1, NUCLEO-WL33CC2, STEVAL-PROTEUS1, STEVAL-SMARTAG2, STEVAL-STWINBX1, STM320518-EVAL, STM32C0116-DK, STM32C011D6Y3TR, STM32C011D6Y6TR, STM32C011F4P3, STM32C011F4P6, STM32C011F4U3, STM32C011F4U6TR, STM32C011F6P3, STM32C011F6P6, STM32C011F6U3, STM32C011F6U6TR, STM32C011J4M3, STM32C011J4M6, STM32C011J6M3, STM32C011J6M6, STM32C0316-DK, STM32C031C4T3, STM32C031C4T6, STM32C031C4U3, STM32C031C4U6, STM32C031C6T3, STM32C031C6T6, STM32C031C6U3, STM32C031C6U6, STM32C031F4P3, STM32C031F4P6, STM32C031F6P3, STM32C031F6P6, STM32C031G4U3, STM32C031G4U6, STM32C031G6U3, STM32C031G6U6, STM32C031K4T3, STM32C031K4T6, STM32C031K4U3, STM32C031K4U6, STM32C031K6T3, STM32C031K6T6, STM32C031K6U3, STM32C031K6U6, STM32C051C6T6, STM32C051C6U6, STM32C051C8T6, STM32C051C8U6, STM32C051D8Y6TR, STM32C051F6P6, STM32C051F8P6, STM32C051G6U6, STM32C051G8U6, STM32C051K6T6, STM32C051K6U6, STM32C051K8T6, STM32C071C8T6, STM32C071C8T6N, STM32C071C8U6, STM32C071C8U6N, STM32C071CBT6, STM32C071CBT6N, STM32C071CBU6, STM32C071CBU6N, STM32C071F8P6, STM32C071F8P6N, STM32C071FBP6, STM32C071FBP6N, STM32C071FBY6TR, STM32C071G8U6, STM32C071G8U6N, STM32C071GBU6, STM32C071GBU6N, STM32C071K8T6, STM32C071K8T6N, STM32C071K8U6, STM32C071K8U6N, STM32C071KBT6, STM32C071KBT6N, STM32C071KBU6, STM32C071KBU6N, STM32C071R8T6, STM32C071R8T6N, STM32C071RBI6N, STM32C071RBT6, STM32C071RBT6N, STM32C091CBT6, STM32C091CBU6, STM32C091CCT6, STM32C091CCU6, STM32C091ECY6TR, STM32C091FBP6, STM32C091FCP6, STM32C091GBU6, STM32C091GCU6, STM32C091KBT6, STM32C091KBU6, STM32C091KCT6, STM32C091KCU6, STM32C091RBT6, STM32C091RCI6, STM32C091RCT6, STM32C092CBT6, STM32C092CBU6, STM32C092CCT6, STM32C092CCU6, STM32C092ECY6TR, STM32C092FBP6, STM32C092FCP6, STM32C092GBU6, STM32C092GCU6, STM32C092KBT6, STM32C092KBU6, STM32C092KCT6, STM32C092KCU6, STM32C092RBT6, STM32C092RCI6, STM32C092RCT6, STM32G071K8TXN, STM32G071K8UXN, STM32G081GBU6N, STM32G081KBT6N, STM32G081KBUXN, STM32G0B1CCT6N, STM32G0B1KCT6, STM32G0B1NEY6TR, STM32G0B1RCT6N, STM32G0C1CCT6, STM32G0C1CCT6N, STM32G0C1CCU6N, STM32G0C1CET6N, STM32G0C1CEU6N, STM32G0C1KCT6, STM32G0C1NEY6TR, STM32G0C1RCI6N, STM32G0C1RCT6N, STM32G0C1REI6N, STM32G0C1RET6N, STM32G0C1VCI6, STM32G0C1VEI6, STM32G411C6T3, STM32G411C6T6, STM32G411C6U3, STM32G411C6U6, STM32G411C8T3, STM32G411C8T6, STM32G411C8U3, STM32G411C8U6, STM32G411CBT3, STM32G411CBT6, STM32G411CBU3, STM32G411CBU6, STM32G411K6T3, STM32G411K6T6, STM32G411K6U3, STM32G411K6U6, STM32G411K8T3, STM32G411K8T6, STM32G411K8U3, STM32G411K8U6, STM32G411KBT3, STM32G411KBT6, STM32G411KBU3, STM32G411KBU6, STM32G411M6T3, STM32G411M6T6, STM32G411M8T3, STM32G411M8T6, STM32G411MBT3, STM32G411MBT6, STM32G411R6T3, STM32G411R6T6, STM32G411R8T3, STM32G411R8T6, STM32G411RBT3, STM32G411RBT6, STM32G414CBT3, STM32G414CBT6, STM32G414CBU3, STM32G414CBU6, STM32G414CCT3, STM32G414CCT6, STM32G414CCU3, STM32G414CCU6, STM32G414MBT3, STM32G414MBT6, STM32G414MCT3, STM32G414MCT6, STM32G414RBT3, STM32G414RBT6, STM32G414RCT3, STM32G414RCT6, STM32G414VBT3, STM32G414VBT6, STM32G414VCT3, STM32G414VCT6, STM32G431CBT3Z, STM32G431RBT3Z, STM32G471CCT6, STM32G471CCU6, STM32G471CET3, STM32G471CET6, STM32G471CEU3, STM32G471CEU6, STM32G471MCT6, STM32G471MET3, STM32G471MET6, STM32G471MEY6TR, STM32G471QCT6, STM32G471QET3, STM32G471RCT6, STM32G471RET3, STM32G471RET6, STM32G471VCH6, STM32G471VCI6, STM32G471VCT6, STM32G471VEH3, STM32G471VEH6, STM32G471VEI3, STM32G471VEI6, STM32G471VET3, STM32G471VET6, STM32G473QET3Z, STM32G473RET3Z, STM32G474CCT6, STM32G491RET3Z, STM32H503CBT6, STM32H503CBU6, STM32H503EBY6TR, STM32H503KBU6, STM32H503RBT6, STM32H523CCT6, STM32H523CCU6, STM32H523CET6, STM32H523CEU6, STM32H523HEY6TR, STM32H523RCT6, STM32H523RET6, STM32H523VCI6, STM32H523VCT6, STM32H523VEI6, STM32H523VET6, STM32H523ZCJ6, STM32H523ZCT6, STM32H523ZEJ6, STM32H523ZET6, STM32H533CET6, STM32H533CEU6, STM32H533HEY6TR, STM32H533RET6, STM32H533VEI6, STM32H533VET6, STM32H533ZEJ6, STM32H533ZET6, STM32H562AGI6, STM32H562AII6, STM32H562IGK6, STM32H562IGT6, STM32H562IIK6, STM32H562IIT6, STM32H562RGT6, STM32H562RGV6, STM32H562RIT6, STM32H562RIV6, STM32H562VGT6, STM32H562VIT6, STM32H562ZGT6, STM32H562ZIT6, STM32H563AGI6, STM32H563AII3Q, STM32H563AII6, STM32H563IGK6, STM32H563IGT6, STM32H563IIK3Q, STM32H563IIK6, STM32H563IIT3Q, STM32H563IIT6, STM32H563MIY3QTR, STM32H563RGT6, STM32H563RGV6, STM32H563RIT6, STM32H563RIV6, STM32H563VGT6, STM32H563VIT3Q, STM32H563VIT6, STM32H563ZGT6, STM32H563ZIT3Q, STM32H563ZIT6, STM32H573AII3Q, STM32H573AII6, STM32H573I-DK, STM32H573IIK3Q, STM32H573IIK6, STM32H573IIT3Q, STM32H573IIT6, STM32H573MIY3QTR, STM32H573RIT6, STM32H573RIV6, STM32H573VIT3Q, STM32H573VIT6, STM32H573ZIT3Q, STM32H573ZIT6, STM32H7R3A8I6, STM32H7R3I8K6, STM32H7R3I8T6, STM32H7R3L8H6, STM32H7R3L8H6H, STM32H7R3R8V6, STM32H7R3V8H6, STM32H7R3V8T6, STM32H7R3V8Y6TR, STM32H7R3Z8J6, STM32H7R3Z8T6, STM32H7R7A8I6, STM32H7R7I8K6, STM32H7R7I8T6, STM32H7R7L8H6, STM32H7R7L8H6H, STM32H7R7Z8J6, STM32H7S3A8I6, STM32H7S3I8K6, STM32H7S3I8T6, STM32H7S3L8H6, STM32H7S3L8H6H, STM32H7S3R8V6, STM32H7S3V8H6, STM32H7S3V8T6, STM32H7S3V8Y6TR, STM32H7S3Z8J6, STM32H7S3Z8T6, STM32H7S78-DK, STM32H7S7A8I6, STM32H7S7I8K6, STM32H7S7I8T6, STM32H7S7L8H6, STM32H7S7L8H6H, STM32H7S7Z8J6, STM32L4R5QGI6STR, STM32MP131AAE3, STM32MP131AAF3, STM32MP131AAG3, STM32MP131CAE3, STM32MP131CAF3, STM32MP131CAG3, STM32MP131DAE7, STM32MP131DAF7, STM32MP131DAG7, STM32MP131FAE7, STM32MP131FAF7, STM32MP131FAG7, STM32MP133AAE3, STM32MP133AAF3, STM32MP133AAG3, STM32MP133CAE3, STM32MP133CAF3, STM32MP133CAG3, STM32MP133DAE7, STM32MP133DAF7, STM32MP133DAG7, STM32MP133FAE7, STM32MP133FAF7, STM32MP133FAG7, STM32MP135AAE3, STM32MP135AAF3, STM32MP135AAG3, STM32MP135CAE3, STM32MP135CAF3, STM32MP135CAG3, STM32MP135DAE7, STM32MP135DAF7, STM32MP135DAG7, STM32MP135F-DK, STM32MP135FAE7, STM32MP135FAF7, STM32MP135FAF7T, STM32MP135FAF7U, STM32MP135FAG7, STM32MP211AAL3, STM32MP211AAM3, STM32MP211AAN3, STM32MP211AAO3, STM32MP211CAL3, STM32MP211CAM3, STM32MP211CAN3, STM32MP211CAO3, STM32MP211DAL3, STM32MP211DAM3, STM32MP211DAN3, STM32MP211DAO3, STM32MP211FAL3, STM32MP211FAM3, STM32MP211FAN3, STM32MP211FAO3, STM32MP213AAL3, STM32MP213AAM3, STM32MP213AAN3, STM32MP213AAO3, STM32MP213CAL3, STM32MP213CAM3, STM32MP213CAN3, STM32MP213CAO3, STM32MP213DAL3, STM32MP213DAM3, STM32MP213DAN3, STM32MP213DAO3, STM32MP213FAL3, STM32MP213FAM3, STM32MP213FAN3, STM32MP213FAO3, STM32MP215AAL3, STM32MP215AAM3, STM32MP215AAN3, STM32MP215AAO3, STM32MP215CAL3, STM32MP215CAM3, STM32MP215CAN3, STM32MP215CAO3, STM32MP215DAL3, STM32MP215DAM3, STM32MP215DAN3, STM32MP215DAO3, STM32MP215F-DK, STM32MP215FAL3, STM32MP215FAM3, STM32MP215FAN3, STM32MP215FAO3, STM32MP231AAJ3, STM32MP231AAK3, STM32MP231AAL3, STM32MP231CAJ3, STM32MP231CAK3, STM32MP231CAL3, STM32MP231DAJ3, STM32MP231DAK3, STM32MP231DAL3, STM32MP231FAJ3, STM32MP231FAK3, STM32MP231FAL3, STM32MP233AAJ3, STM32MP233AAK3, STM32MP233AAL3, STM32MP233CAJ3, STM32MP233CAK3, STM32MP233CAL3, STM32MP233DAJ3, STM32MP233DAK3, STM32MP233DAL3, STM32MP233FAJ3, STM32MP233FAK3, STM32MP233FAL3, STM32MP235AAJ3, STM32MP235AAK3, STM32MP235AAL3, STM32MP235CAJ3, STM32MP235CAK3, STM32MP235CAL3, STM32MP235DAJ3, STM32MP235DAK3, STM32MP235DAL3, STM32MP235FAJ3, STM32MP235FAK3, STM32MP235FAL3, STM32MP251AAI3, STM32MP251AAK3, STM32MP251AAL3, STM32MP251CAI3, STM32MP251CAK3, STM32MP251CAL3, STM32MP251DAI3, STM32MP251DAK3, STM32MP251DAL3, STM32MP251FAI3, STM32MP251FAK3, STM32MP251FAL3, STM32MP253AAI3, STM32MP253AAK3, STM32MP253AAL3, STM32MP253CAI3, STM32MP253CAK3, STM32MP253CAL3, STM32MP253DAI3, STM32MP253DAK3, STM32MP253DAL3, STM32MP253FAI3, STM32MP253FAK3, STM32MP253FAL3, STM32MP255AAI3, STM32MP255AAK3, STM32MP255AAL3, STM32MP255CAI3, STM32MP255CAK3, STM32MP255CAL3, STM32MP255DAI3, STM32MP255DAK3, STM32MP255DAL3, STM32MP255FAI3, STM32MP255FAK3, STM32MP255FAL3, STM32MP257AAI3, STM32MP257AAK3, STM32MP257AAL3, STM32MP257CAI3, STM32MP257CAK3, STM32MP257CAL3, STM32MP257DAI3, STM32MP257DAK3, STM32MP257DAL3, STM32MP257F-DK, STM32MP257F-EV1, STM32MP257FAI3, STM32MP257FAK3, STM32MP257FAL3, STM32N645A0H3Q, STM32N645B0H3Q, STM32N645I0H3Q, STM32N645L0H3Q, STM32N645X0H3Q, STM32N645Z0H3Q, STM32N647A0H3Q, STM32N647B0H3Q, STM32N647I0H3Q, STM32N647L0H3Q, STM32N647X0H3Q, STM32N647Z0H3Q, STM32N655A0H3Q, STM32N655B0H3Q, STM32N655I0H3Q, STM32N655L0H3Q, STM32N655X0H3Q, STM32N655Z0H3Q, STM32N6570-DK, STM32N657A0H3Q, STM32N657B0H3Q, STM32N657I0H3Q, STM32N657L0H3Q, STM32N657X0H3Q, STM32N657Z0H3Q, STM32U031C6T6, STM32U031C6U6, STM32U031C8T6, STM32U031C8U6, STM32U031F4P6, STM32U031F6P6, STM32U031F8P6, STM32U031G6Y6TR, STM32U031G8Y6TR, STM32U031K4U6, STM32U031K6U6, STM32U031K8U6, STM32U031R6I6, STM32U031R6T6, STM32U031R8I6, STM32U031R8T6, STM32U073C8T6, STM32U073C8U6, STM32U073CBT6, STM32U073CBU6, STM32U073CCT6, STM32U073CCU6, STM32U073H8Y6TR, STM32U073HBY6TR, STM32U073HCY6TR, STM32U073K8U6, STM32U073KBU6, STM32U073KCU6, STM32U073M8I6, STM32U073M8T6, STM32U073MBI6, STM32U073MBT6, STM32U073MCI6, STM32U073MCT6, STM32U073R8I6, STM32U073R8T6, STM32U073RBI6, STM32U073RBT6, STM32U073RCI6, STM32U073RCT6, STM32U083C-DK, STM32U083CCT6, STM32U083CCU6, STM32U083HCY6TR, STM32U083KCU6, STM32U083MCI6, STM32U083MCT6, STM32U083RCI6, STM32U083RCT6, STM32U375CET6, STM32U375CET6Q, STM32U375CEU6, STM32U375CEU6Q, STM32U375CEY6QTR, STM32U375CGT6, STM32U375CGT6Q, STM32U375CGU6, STM32U375CGU6Q, STM32U375CGY6QTR, STM32U375KEU6, STM32U375KGU6, STM32U375REI6, STM32U375REI6Q, STM32U375RET6, STM32U375RET6Q, STM32U375REY6GTR, STM32U375REY6QTR, STM32U375RGI6, STM32U375RGI6Q, STM32U375RGT6, STM32U375RGT6Q, STM32U375RGY6GTR, STM32U375RGY6QTR, STM32U375VEI6, STM32U375VEI6Q, STM32U375VET6, STM32U375VET6Q, STM32U375VGI6, STM32U375VGI6Q, STM32U375VGT6, STM32U375VGT6Q, STM32U385CGT6, STM32U385CGT6Q, STM32U385CGU6, STM32U385CGU6Q, STM32U385CGY6QTR, STM32U385KGU6, STM32U385RGI6, STM32U385RGI6Q, STM32U385RGT6, STM32U385RGT6Q, STM32U385RGY6GTR, STM32U385RGY6QTR, STM32U385VGI6, STM32U385VGI6Q, STM32U385VGT6, STM32U385VGT6Q, STM32U535CBT6, STM32U535CBT6Q, STM32U535CBU6, STM32U535CBU6Q, STM32U535CCT6, STM32U535CCT6Q, STM32U535CCU6, STM32U535CCU6Q, STM32U535CET6, STM32U535CET6Q, STM32U535CEU6, STM32U535CEU6Q, STM32U535JEY6QTR, STM32U535NCY6QTR, STM32U535NEY6QTR, STM32U535RBI6, STM32U535RBI6Q, STM32U535RBT6, STM32U535RBT6Q, STM32U535RCI6, STM32U535RCI6Q, STM32U535RCT6, STM32U535RCT6Q, STM32U535REI6, STM32U535REI6Q, STM32U535RET6, STM32U535RET6Q, STM32U535VCI6, STM32U535VCI6Q, STM32U535VCT6, STM32U535VCT6Q, STM32U535VEI6, STM32U535VEI6Q, STM32U535VET6, STM32U535VET6Q, STM32U545CET6, STM32U545CET6Q, STM32U545CEU6, STM32U545CEU6Q, STM32U545JEY6QTR, STM32U545NEY6QTR, STM32U545REI6, STM32U545REI6Q, STM32U545RET6, STM32U545RET6Q, STM32U545VEI6, STM32U545VEI6Q, STM32U545VET6, STM32U545VET6Q, STM32U595AIH6, STM32U595AIH6Q, STM32U595AJH6, STM32U595AJH6Q, STM32U595QII6, STM32U595QII6Q, STM32U595QJI6, STM32U595QJI6Q, STM32U595RIT6, STM32U595RIT6Q, STM32U595RJT6, STM32U595RJT6Q, STM32U595VIT6, STM32U595VIT6Q, STM32U595VJT6, STM32U595VJT6Q, STM32U595ZIT6, STM32U595ZIT6Q, STM32U595ZIY6QTR, STM32U595ZJT6, STM32U595ZJT6Q, STM32U595ZJY6QTR, STM32U599BJY6QTR, STM32U599NIH6Q, STM32U599NJH6Q, STM32U599VIT6Q, STM32U599VJT6, STM32U599VJT6Q, STM32U599ZIT6Q, STM32U599ZIY6QTR, STM32U599ZJT6Q, STM32U599ZJY6QTR, STM32U5A5AJH6, STM32U5A5AJH6Q, STM32U5A5QII3Q , STM32U5A5QJI6, STM32U5A5QJI6Q, STM32U5A5RJT6, STM32U5A5RJT6Q, STM32U5A5VJT6, STM32U5A5VJT6Q, STM32U5A5ZJT6, STM32U5A5ZJT6Q, STM32U5A5ZJY6QTR, STM32U5A9BJY6QTR, STM32U5A9J-DK, STM32U5A9NJH6Q, STM32U5A9VJT6Q, STM32U5A9ZJT6Q, STM32U5A9ZJY6QTR, STM32U5F7VIT6, STM32U5F7VIT6Q, STM32U5F7VJT6, STM32U5F7VJT6Q, STM32U5F9BJY6QTR, STM32U5F9NJH6Q, STM32U5F9VIT6Q, STM32U5F9VJT6Q, STM32U5F9ZIJ6QTR, STM32U5F9ZIT6Q, STM32U5F9ZJJ6QTR, STM32U5F9ZJT6Q, STM32U5G7VJT6, STM32U5G7VJT6Q, STM32U5G9BJY6QTR, STM32U5G9J-DK1, STM32U5G9J-DK2, STM32U5G9NJH6Q, STM32U5G9VJT6Q, STM32U5G9ZJJ6QTR, STM32U5G9ZJT6Q, STM32WB05KZV6TR, STM32WB05KZV7TR, STM32WB05TZF6TR, STM32WB05TZF7TR, STM32WB06CCF6TR, STM32WB06CCF7TR, STM32WB06CCV6TR, STM32WB06CCV7TR, STM32WB06KCV6TR, STM32WB06KCV7TR, STM32WB07CCF6TR, STM32WB07CCF7TR, STM32WB07CCV6TR, STM32WB07CCV7TR, STM32WB07KCV6TR, STM32WB07KCV7TR, STM32WB09KEV6TR, STM32WB09KEV7TR, STM32WB09TEF6TR, STM32WB09TEF7TR, STM32WB1MMCH6, STM32WBA50KGU6, STM32WBA50KGU6TR, STM32WBA52CEU6, STM32WBA52CEU6TR, STM32WBA52CEU7, STM32WBA52CEU7TR, STM32WBA52CGU6, STM32WBA52CGU6TR, STM32WBA52CGU6U, STM32WBA52CGU7, STM32WBA52CGU7TR, STM32WBA52KEU6, STM32WBA52KEU6TR, STM32WBA52KGU6, STM32WBA52KGU6TR, STM32WBA54CEU6, STM32WBA54CEU6TR, STM32WBA54CEU7, STM32WBA54CEU7TR, STM32WBA54CGU6, STM32WBA54CGU6TR, STM32WBA54CGU7, STM32WBA54CGU7TR, STM32WBA54KEU6, STM32WBA54KEU6TR, STM32WBA54KEU7, STM32WBA54KEU7TR, STM32WBA54KGU6, STM32WBA54KGU6TR, STM32WBA54KGU7, STM32WBA54KGU7TR, STM32WBA55CEU6, STM32WBA55CEU6TR, STM32WBA55CEU7, STM32WBA55CEU7TR, STM32WBA55CGU6, STM32WBA55CGU6TR, STM32WBA55CGU6U, STM32WBA55CGU7, STM32WBA55CGU7TR, STM32WBA55G-DK1, STM32WBA55HEF6, STM32WBA55HEF7, STM32WBA55HGF6, STM32WBA55HGF7, STM32WBA55UEI6, STM32WBA55UEI6TR, STM32WBA55UEI7, STM32WBA55UEI7TR, STM32WBA55UGI6, STM32WBA55UGI6TR, STM32WBA55UGI7, STM32WBA55UGI7TR, STM32WBA5MMGH6TR, STM32WBA62MGF6, STM32WBA62MIF6, STM32WBA65MGF7, STM32WBA65MIF6, STM32WBA65MIF7, STM32WL30K8V6, STM32WL30KBV6, STM32WL31C8V6, STM32WL31CBV6, STM32WL31K8V6, STM32WL31KBV6, STM32WL33C8V6, STM32WL33C8V6X, STM32WL33CBV6, STM32WL33CBV6X, STM32WL33CCV6, STM32WL33CCV6A, STM32WL33CCV6X, STM32WL33K8V7, STM32WL33K8V7X, STM32WL33KBV7 , STM32WL33KBV7X, STM32WL33KCV7, STM32WL33KCV7X, STM32WL5MOCH6, STM32WL5MOCH6TR]
2025-09-07 18:47:59,036 [INFO] BoardInfo:889 - No configuration file found for board P-NUCLEO-WB55
2025-09-07 18:47:59,043 [INFO] DbBoards:161 - Kit is not supported: P-NUCLEO-WB55
2025-09-07 18:47:59,073 [INFO] BoardInfo:889 - No configuration file found for board STEVAL-BFA001V1B
2025-09-07 18:47:59,076 [INFO] DbBoards:161 - Kit is not supported: STEVAL-BFA001V1B
2025-09-07 18:47:59,086 [INFO] BoardInfo:889 - No configuration file found for board STEVAL-BFA001V2B
2025-09-07 18:47:59,088 [INFO] DbBoards:161 - Kit is not supported: STEVAL-BFA001V2B
2025-09-07 18:48:01,190 [INFO] DbBoards:168 - Found 212 boards, 209 are supported
2025-09-07 18:48:01,192 [INFO] DbBoards:169 - Found 212 boards, 43 of them is supported for  Bsp
2025-09-07 18:48:01,200 [INFO] ApiDb:423 - Load user favorites file C:\Users\aksha/.stm32cubeide/favorites.boards.txt: 0 item(s)
2025-09-07 18:48:01,200 [INFO] ApiDb:427 - User favorites Boards=[]
2025-09-07 18:48:01,200 [INFO] DbBoards:198 - Set 0 / 0 favorites Boards
2025-09-07 18:48:01,202 [INFO] McuFinderGlobals:76 - Set McuFinderConnectedMode to true
2025-09-07 18:48:01,488 [INFO] MultiScanPanel:200 - Auto-refresh data requested => check proxy status ongoing
2025-09-07 18:48:01,514 [INFO] FinderPluginLoader:96 - Searching for filters in installed packs
2025-09-07 18:48:09,493 [INFO] LoadUrlFilesThread:185 - End of LoadServerUrlFiles without Thread
2025-09-07 18:48:09,783 [INFO] DetailPanel:341 - Set advertising image to C:/Users/aksha/STM32Cube/Repository/\en.2400x1350px.jpeg
2025-09-07 18:48:20,998 [INFO] MultiScanPanel:200 - Auto-refresh data requested => check proxy status ongoing
2025-09-07 18:48:21,441 [INFO] LoadUrlFilesThread:185 - End of LoadServerUrlFiles without Thread
2025-09-07 18:48:21,441 [INFO] DetailPanel:341 - Set advertising image to C:/Users/aksha/STM32Cube/Repository/\en.2400x1350px.jpeg
2025-09-07 18:48:21,466 [INFO] DbBoards:642 - Loading board mini-images...
2025-09-07 18:48:26,228 [ERROR] DbBoards:659 - Image file not found for board STM32MP215F-DK: C:\Users\aksha\.stmcufinder\plugins\mcufinder//mcu//boards_images/STM32MP215F-DK.jpg
2025-09-07 18:48:26,512 [INFO] DbBoards:665 - Loaded 211 board mini-images
2025-09-07 18:49:14,263 [INFO] BoardResultTable:719 - Mark Board NUCLEO-F401RE as favorite
2025-09-07 18:50:07,715 [INFO] MainUpdater:2872 - connection check result : 10
2025-09-07 18:50:07,733 [INFO] MainUpdater:2872 - connection check result : 10
2025-09-07 18:50:08,167 [INFO] MicroXplorer:468 - Change Database Path : 
2025-09-07 18:50:08,171 [INFO] MicroXplorer:498 - Change Database Version : DB.6.0.150
2025-09-07 18:50:08,485 [WARN] ThirdParty:871 - waiting for thirdparty lock release [close project]
2025-09-07 18:50:08,486 [INFO] ThirdParty:873 - entering critical section [close project]
2025-09-07 18:50:08,527 [INFO] ThirdParty:883 - exiting critical section [close project]
2025-09-07 18:50:08,583 [INFO] PinOutPanel:1589 - setPackage(No Configuration,No Configuration)
2025-09-07 18:50:08,634 [INFO] UtilMem:75 - Begin LoadConfig() Used Memory: 566670560 Bytes (633339904)
2025-09-07 18:50:08,717 [INFO] OpenFileManager:355 - Change cursor
2025-09-07 18:50:09,366 [WARN] IntegrityCheckThread:84 - waiting for thirdparty lock release [integrity check]
2025-09-07 18:50:09,366 [INFO] IntegrityCheckThread:86 - entering critical section [integrity check]
2025-09-07 18:50:11,270 [WARN] PackLoader:240 - Cannot read IP mode file for STMicroelectronics.FP-SNS-MOTENVWB1.1.4.0
2025-09-07 18:50:11,666 [WARN] PackLoader:240 - Cannot read IP mode file for STMicroelectronics.FP-ATR-ASTRA1.2.0.2
2025-09-07 18:50:11,772 [WARN] PackLoader:240 - Cannot read IP mode file for STMicroelectronics.X-CUBE-SMBUS.2.1.0
2025-09-07 18:50:11,882 [WARN] PackLoader:240 - Cannot read IP mode file for STMicroelectronics.X-CUBE-ST60.1.0.0
2025-09-07 18:50:12,097 [WARN] PackLoader:240 - Cannot read IP mode file for STMicroelectronics.X-CUBE-AZRTOS-F7.1.1.0
2025-09-07 18:50:12,241 [WARN] PackLoader:240 - Cannot read IP mode file for WES.I-CUBE-Cesium.1.4.0
2025-09-07 18:50:13,057 [WARN] PackLoader:240 - Cannot read IP mode file for Infineon.AIROC-Wi-Fi-Bluetooth-STM32.1.7.1
2025-09-07 18:50:14,478 [WARN] PackLoader:240 - Cannot read IP mode file for STMicroelectronics.X-CUBE-AZRTOS-H7.3.4.0
2025-09-07 18:50:14,669 [WARN] PackLoader:240 - Cannot read IP mode file for STMicroelectronics.X-CUBE-DISPLAY.3.0.0
2025-09-07 18:50:14,962 [WARN] PackLoader:240 - Cannot read IP mode file for STMicroelectronics.X-CUBE-NFC10.1.0.0
2025-09-07 18:50:15,086 [WARN] PackLoader:240 - Cannot read IP mode file for emotas.I-CUBE-CANOPEN.1.3.0
2025-09-07 18:50:15,191 [WARN] PackLoader:240 - Cannot read IP mode file for STMicroelectronics.FP-SNS-STBOX1.2.1.0
2025-09-07 18:50:15,277 [WARN] PackLoader:240 - Cannot read IP mode file for STMicroelectronics.FP-SNS-SMARTAG2.1.2.0
2025-09-07 18:50:15,431 [WARN] PackLoader:240 - Cannot read IP mode file for STMicroelectronics.FP-SNS-FLIGHT1.5.1.0
2025-09-07 18:50:15,670 [INFO] LogOutputStream:77 - [STDOUT_REDIRECT] 1 : Invalid condition id : UX_CORESTACK_Condition cause : null
2025-09-07 18:50:15,720 [INFO] LogOutputStream:77 - [STDOUT_REDIRECT] 1 : Invalid condition id : UX_CORESTACK_Condition cause : null
2025-09-07 18:50:15,726 [INFO] LogOutputStream:77 - [STDOUT_REDIRECT] 1 : Invalid condition id : UX_CORESTACK_Condition cause : null
2025-09-07 18:50:15,729 [INFO] LogOutputStream:77 - [STDOUT_REDIRECT] 1 : Invalid condition id : UX_CORESTACK_Condition cause : null
2025-09-07 18:50:15,735 [INFO] LogOutputStream:77 - [STDOUT_REDIRECT] 1 : Invalid condition id : UX_CORESTACK_Condition cause : null
2025-09-07 18:50:15,757 [WARN] PackLoader:240 - Cannot read IP mode file for STMicroelectronics.X-CUBE-AZRTOS-WL.2.0.0
2025-09-07 18:50:15,810 [WARN] PackLoader:240 - Cannot read IP mode file for STMicroelectronics.FP-SNS-MOTENV1.5.0.0
2025-09-07 18:50:15,892 [WARN] PackLoader:240 - Cannot read IP mode file for STMicroelectronics.X-CUBE-BLE2.3.3.0
2025-09-07 18:50:15,991 [WARN] PackLoader:240 - Cannot read IP mode file for STMicroelectronics.X-CUBE-NFC9.1.0.0
2025-09-07 18:50:16,061 [WARN] PackLoader:240 - Cannot read IP mode file for wolfSSL.I-CUBE-wolfSSL.5.8.2
2025-09-07 18:50:16,111 [WARN] PackLoader:240 - Cannot read IP mode file for STMicroelectronics.X-CUBE-BLE1.7.1.0
2025-09-07 18:50:16,170 [WARN] PackLoader:240 - Cannot read IP mode file for wolfSSL.I-CUBE-wolfMQTT.1.19.2
2025-09-07 18:50:16,252 [WARN] PackLoader:240 - Cannot read IP mode file for STMicroelectronics.X-CUBE-EEPRMA1.5.2.0
2025-09-07 18:50:16,405 [WARN] PackLoader:240 - Cannot read IP mode file for STMicroelectronics.X-CUBE-AZRTOS-G0.1.1.0
2025-09-07 18:50:16,451 [WARN] PackLoader:240 - Cannot read IP mode file for STMicroelectronics.X-CUBE-SAFEA1.1.2.2
2025-09-07 18:50:16,504 [WARN] PackLoader:240 - Cannot read IP mode file for STMicroelectronics.X-CUBE-NFC4.3.0.0
2025-09-07 18:50:16,596 [WARN] PackLoader:240 - Cannot read IP mode file for EmbeddedOffice.I-CUBE-FS-RTOS.1.0.1
2025-09-07 18:50:16,657 [WARN] PackLoader:240 - Cannot read IP mode file for STMicroelectronics.X-CUBE-WB05N.2.0.0
2025-09-07 18:50:16,703 [WARN] PackLoader:240 - Cannot read IP mode file for wolfSSL.I-CUBE-wolfTPM.3.8.0
2025-09-07 18:50:16,771 [WARN] PackLoader:240 - Cannot read IP mode file for STMicroelectronics.X-CUBE-TCPP.4.2.0
2025-09-07 18:50:16,820 [WARN] PackLoader:240 - Cannot read IP mode file for RealThread.X-CUBE-RT-Thread_Nano.4.1.1
2025-09-07 18:50:16,856 [WARN] PackLoader:240 - Cannot read IP mode file for STMicroelectronics.FP-ATR-SIGFOX1.3.2.0
2025-09-07 18:50:16,923 [WARN] PackLoader:240 - Cannot read IP mode file for ITTIA_DB.I-CUBE-ITTIADB.8.9.0
2025-09-07 18:50:16,982 [WARN] PackLoader:240 - Cannot read IP mode file for STMicroelectronics.X-CUBE-ST67W61.1.0.0
2025-09-07 18:50:17,041 [WARN] PackLoader:240 - Cannot read IP mode file for STMicroelectronics.X-CUBE-AI.10.2.0
2025-09-07 18:50:17,380 [WARN] PackLoader:240 - Cannot read IP mode file for SEGGER.I-CUBE-embOS.1.3.1
2025-09-07 18:50:17,584 [WARN] PackLoader:240 - Cannot read IP mode file for STMicroelectronics.X-CUBE-ALGOBUILD.1.4.0
2025-09-07 18:50:17,783 [WARN] PackLoader:240 - Cannot read IP mode file for STMicroelectronics.X-CUBE-MEMS1.11.3.0
2025-09-07 18:50:18,137 [WARN] PackLoader:240 - Cannot read IP mode file for STMicroelectronics.X-CUBE-PM33A1.1.0.0
2025-09-07 18:50:18,222 [WARN] PackLoader:240 - Cannot read IP mode file for STMicroelectronics.X-CUBE-AZRTOS-F4.1.1.0
2025-09-07 18:50:18,272 [WARN] PackLoader:240 - Cannot read IP mode file for Avnet-IotConnect.X-CUBE-IoTC-DA16k-PMOD.1.0.0
2025-09-07 18:50:18,311 [WARN] PackLoader:240 - Cannot read IP mode file for STMicroelectronics.X-CUBE-ISPU.2.1.0
2025-09-07 18:50:18,359 [WARN] PackLoader:240 - Cannot read IP mode file for STMicroelectronics.X-CUBE-NFC12.1.0.0
2025-09-07 18:50:18,445 [WARN] PackLoader:240 - Cannot read IP mode file for STMicroelectronics.X-CUBE-AZRTOS-L5.2.0.0
2025-09-07 18:50:18,537 [WARN] PackLoader:240 - Cannot read IP mode file for STMicroelectronics.X-CUBE-NFC6.3.1.0
2025-09-07 18:50:18,593 [WARN] PackLoader:240 - Cannot read IP mode file for STMicroelectronics.X-CUBE-FREERTOS.1.3.1
2025-09-07 18:50:18,649 [WARN] PackLoader:240 - Cannot read IP mode file for STMicroelectronics.FP-SNS-STAIOTCFT.1.0.0
2025-09-07 18:50:18,691 [WARN] PackLoader:240 - Cannot read IP mode file for STMicroelectronics.X-CUBE-DPower.1.3.0
2025-09-07 18:50:18,764 [WARN] ConditionMgr:438 - getConditionDescription Invalid condition id : LAN8742 Phy interface Condition cause : null
2025-09-07 18:50:18,764 [WARN] PackLoader:240 - Cannot read IP mode file for STMicroelectronics.X-CUBE-AZRTOS-L4.2.0.0
2025-09-07 18:50:18,768 [WARN] ConditionMgr:1044 - genDependencies : Invalid condition id : LAN8742 Phy interface Condition cause : null
2025-09-07 18:50:18,770 [WARN] ConditionMgr:1044 - genDependencies : Invalid condition id : LAN8742 Phy interface Condition cause : null
2025-09-07 18:50:18,772 [WARN] ConditionMgr:1044 - genDependencies : Invalid condition id : LAN8742 Phy interface Condition cause : null
2025-09-07 18:50:18,809 [WARN] PackLoader:240 - Cannot read IP mode file for STMicroelectronics.X-CUBE-SFXS2LP1.4.0.0
2025-09-07 18:50:18,924 [WARN] PackLoader:240 - Cannot read IP mode file for STMicroelectronics.X-CUBE-BLEMGR.4.1.0
2025-09-07 18:50:19,007 [WARN] ConditionMgr:438 - getConditionDescription Invalid condition id : UX DEVICE CLASS RTOS Condition cause : null
2025-09-07 18:50:19,007 [WARN] ConditionMgr:438 - getConditionDescription Invalid condition id : UX DEVICE CLASS RTOS Condition cause : null
2025-09-07 18:50:19,015 [WARN] PackLoader:240 - Cannot read IP mode file for STMicroelectronics.X-CUBE-AZRTOS-WB.2.0.0
2025-09-07 18:50:19,017 [WARN] ConditionMgr:1044 - genDependencies : Invalid condition id : UX DEVICE CLASS RTOS Condition cause : null
2025-09-07 18:50:19,020 [WARN] ConditionMgr:1044 - genDependencies : Invalid condition id : UX DEVICE CLASS RTOS Condition cause : null
2025-09-07 18:50:19,024 [WARN] ConditionMgr:1044 - genDependencies : Invalid condition id : UX DEVICE CLASS RTOS Condition cause : null
2025-09-07 18:50:19,024 [WARN] ConditionMgr:1044 - genDependencies : Invalid condition id : UX DEVICE CLASS RTOS Condition cause : null
2025-09-07 18:50:19,024 [WARN] ConditionMgr:1044 - genDependencies : Invalid condition id : UX DEVICE CLASS RTOS Condition cause : null
2025-09-07 18:50:19,070 [WARN] PackLoader:240 - Cannot read IP mode file for STMicroelectronics.X-CUBE-GNSS1.7.0.1
2025-09-07 18:50:19,134 [WARN] PackLoader:240 - Cannot read IP mode file for STMicroelectronics.X-CUBE-TOUCHGFX.4.25.0
2025-09-07 18:50:19,178 [WARN] ConditionMgr:438 - getConditionDescription Invalid condition id : Cortex-A Device cause : null
2025-09-07 18:50:19,362 [WARN] ConditionMgr:1044 - genDependencies : Invalid condition id : Cortex-A Device cause : null
2025-09-07 18:50:19,364 [WARN] ConditionMgr:1044 - genDependencies : Invalid condition id : Cortex-A Device cause : null
2025-09-07 18:50:19,364 [WARN] ConditionMgr:1044 - genDependencies : Invalid condition id : Cortex-A Device cause : null
2025-09-07 18:50:19,427 [WARN] PackLoader:240 - Cannot read IP mode file for STMicroelectronics.X-CUBE-SUBG2.5.0.0
2025-09-07 18:50:19,917 [WARN] PackLoader:240 - Cannot read IP mode file for STMicroelectronics.X-CUBE-AZRTOS-H7RS.1.1.0
2025-09-07 18:50:19,999 [WARN] PackLoader:240 - Cannot read IP mode file for Cesanta.I-CUBE-Mongoose.7.13.0
2025-09-07 18:50:20,075 [WARN] PackLoader:240 - Cannot read IP mode file for STMicroelectronics.X-CUBE-AZRTOS-G4.2.0.0
2025-09-07 18:50:20,134 [WARN] PackLoader:240 - Cannot read IP mode file for wolfSSL.I-CUBE-wolfSSH.1.4.20
2025-09-07 18:50:20,166 [WARN] PackLoader:240 - Cannot read IP mode file for STMicroelectronics.X-CUBE-NFC7.2.0.0
2025-09-07 18:50:20,227 [WARN] PackLoader:240 - Cannot read IP mode file for STMicroelectronics.X-CUBE-IPS.3.1.0
2025-09-07 18:50:20,280 [WARN] PackLoader:240 - Cannot read IP mode file for STMicroelectronics.X-CUBE-ALS.1.0.2
2025-09-07 18:50:20,321 [WARN] PackLoader:240 - Cannot read IP mode file for STMicroelectronics.X-CUBE-STSE01.1.0.0
2025-09-07 18:50:20,376 [WARN] PackLoader:240 - Cannot read IP mode file for STMicroelectronics.X-CUBE-TOF1.3.4.3
2025-09-07 18:50:20,400 [INFO] ThirdParty:978 - Integrity check success = true
2025-09-07 18:50:20,402 [INFO] IntegrityCheckThread:100 - exiting critical section [integrity check]
2025-09-07 18:50:20,402 [INFO] IntegrityCheckThread:103 - End integrity checks thread
2025-09-07 18:50:20,811 [INFO] ProjectFactory:514 - No CPN specified for board NUCLEO-F401RE => set CPN to STM32F401RET6
2025-09-07 18:50:20,819 [INFO] Mcu:2029 - Initializing MCU STM32F401R(D-E)Tx STM32F401RETx STM32F401RET6
2025-09-07 18:50:25,780 [INFO] Context:786 - Trying to add GPIOservice into a context  which must be forbidden
2025-09-07 18:50:27,090 [INFO] Rule:233 - rule 117617 - U5Cobra4M][GTZC] default value MPCBB3 and MPCBB5 - Not Secured memory - MPCBB1 is applicable
2025-09-07 18:50:27,091 [INFO] Rule:233 - rule 117617 - U5Cobra4M][GTZC] default value MPCBB3 and MPCBB5 - Not Secured memory - MPCBB1 is applicable
2025-09-07 18:50:27,093 [INFO] Rule:233 - rule 117617 - U5Cobra4M][GTZC] default value MPCBB3 and MPCBB5 - Not Secured memory - MPCBB2 is applicable
2025-09-07 18:50:27,093 [INFO] Rule:233 - rule 117617 - U5Cobra4M][GTZC] default value MPCBB3 and MPCBB5 - Not Secured memory - MPCBB2 is applicable
2025-09-07 18:50:27,094 [INFO] Rule:233 - rule 117617 - U5Cobra4M][GTZC] default value MPCBB3 and MPCBB5 - Not Secured memory - MPCBB3 is applicable
2025-09-07 18:50:27,094 [INFO] Rule:233 - rule 117617 - U5Cobra4M][GTZC] default value MPCBB3 and MPCBB5 - Not Secured memory - MPCBB3 is applicable
2025-09-07 18:50:27,094 [INFO] Rule:233 - rule 117617 - U5Cobra4M][GTZC] default value MPCBB3 and MPCBB5 - Not Secured memory - MPCBB4 is applicable
2025-09-07 18:50:27,094 [INFO] Rule:233 - rule 117617 - U5Cobra4M][GTZC] default value MPCBB3 and MPCBB5 - Not Secured memory - MPCBB4 is applicable
2025-09-07 18:50:27,094 [INFO] Rule:233 - rule 117617 - U5Cobra4M][GTZC] default value MPCBB3 and MPCBB5 - Secured memory - MPCBB1 is applicable
2025-09-07 18:50:27,094 [INFO] Rule:233 - rule 117617 - U5Cobra4M][GTZC] default value MPCBB3 and MPCBB5 - Secured memory - MPCBB2 is applicable
2025-09-07 18:50:27,094 [INFO] Rule:233 - rule 117617 - U5Cobra4M][GTZC] default value MPCBB3 and MPCBB5 - Secured memory - MPCBB3 is applicable
2025-09-07 18:50:27,095 [INFO] Rule:233 - rule 117617 - U5Cobra4M][GTZC] default value MPCBB3 and MPCBB5 - Secured memory - MPCBB4 is applicable
2025-09-07 18:50:27,095 [INFO] Rule:233 - rule 117617 - U5Cobra4M][GTZC] default value MPCBB3 and MPCBB5 - Privileged memory - MPCBB1 is applicable
2025-09-07 18:50:27,095 [INFO] Rule:233 - rule 117617 - U5Cobra4M][GTZC] default value MPCBB3 and MPCBB5 - Privileged memory - MPCBB2 is applicable
2025-09-07 18:50:27,095 [INFO] Rule:233 - rule 117617 - U5Cobra4M][GTZC] default value MPCBB3 and MPCBB5 - Privileged memory - MPCBB3 is applicable
2025-09-07 18:50:27,095 [INFO] Rule:233 - rule 117617 - U5Cobra4M][GTZC] default value MPCBB3 and MPCBB5 - Privileged memory - MPCBB4 is applicable
2025-09-07 18:50:27,095 [INFO] Rule:233 - rule 117617 - U5Cobra4M][GTZC] default value MPCBB3 and MPCBB5 - Not Privileged memory - MPCBB1 is applicable
2025-09-07 18:50:27,095 [INFO] Rule:233 - rule 117617 - U5Cobra4M][GTZC] default value MPCBB3 and MPCBB5 - Not Privileged memory - MPCBB2 is applicable
2025-09-07 18:50:27,095 [INFO] Rule:233 - rule 117617 - U5Cobra4M][GTZC] default value MPCBB3 and MPCBB5 - Not Privileged memory - MPCBB3 is applicable
2025-09-07 18:50:27,095 [INFO] Rule:233 - rule 117617 - U5Cobra4M][GTZC] default value MPCBB3 and MPCBB5 - Not Privileged memory - MPCBB4 is applicable
2025-09-07 18:50:27,095 [INFO] Rule:233 - rule 117617 - U5Cobra4M][GTZC] default value MPCBB3 and MPCBB5 - Privileged memory - MPCBB1 is applicable
2025-09-07 18:50:27,096 [INFO] Rule:233 - rule 117617 - U5Cobra4M][GTZC] default value MPCBB3 and MPCBB5 - Privileged memory - MPCBB2 is applicable
2025-09-07 18:50:27,096 [INFO] Rule:233 - rule 117617 - U5Cobra4M][GTZC] default value MPCBB3 and MPCBB5 - Privileged memory - MPCBB3 is applicable
2025-09-07 18:50:27,096 [INFO] Rule:233 - rule 117617 - U5Cobra4M][GTZC] default value MPCBB3 and MPCBB5 - Privileged memory - MPCBB4 is applicable
2025-09-07 18:50:27,096 [INFO] Rule:233 - rule 117617 - U5Cobra4M][GTZC] default value MPCBB3 and MPCBB5 - Privileged memory - MPCBB1 is applicable
2025-09-07 18:50:27,096 [INFO] Rule:233 - rule 117617 - U5Cobra4M][GTZC] default value MPCBB3 and MPCBB5 - Privileged memory - MPCBB2 is applicable
2025-09-07 18:50:27,096 [INFO] Rule:233 - rule 117617 - U5Cobra4M][GTZC] default value MPCBB3 and MPCBB5 - Privileged memory - MPCBB3 is applicable
2025-09-07 18:50:27,096 [INFO] Rule:233 - rule 117617 - U5Cobra4M][GTZC] default value MPCBB3 and MPCBB5 - Privileged memory - MPCBB4 is applicable
2025-09-07 18:50:27,096 [INFO] Rule:233 - rule 117617 - U5Cobra4M][GTZC] default value MPCBB3 and MPCBB5 - Not Privileged memory - MPCBB1 is applicable
2025-09-07 18:50:27,096 [INFO] Rule:233 - rule 117617 - U5Cobra4M][GTZC] default value MPCBB3 and MPCBB5 - Not Privileged memory - MPCBB2 is applicable
2025-09-07 18:50:27,097 [INFO] Rule:233 - rule 117617 - U5Cobra4M][GTZC] default value MPCBB3 and MPCBB5 - Not Privileged memory - MPCBB3 is applicable
2025-09-07 18:50:27,097 [INFO] Rule:233 - rule 117617 - U5Cobra4M][GTZC] default value MPCBB3 and MPCBB5 - Not Privileged memory - MPCBB4 is applicable
2025-09-07 18:50:27,097 [INFO] Rule:233 - rule 117617 - U5Cobra4M][GTZC] default value MPCBB3 and MPCBB5 - Privileged memory - MPCBB1 is applicable
2025-09-07 18:50:27,097 [INFO] Rule:233 - rule 117617 - U5Cobra4M][GTZC] default value MPCBB3 and MPCBB5 - Privileged memory - MPCBB2 is applicable
2025-09-07 18:50:27,097 [INFO] Rule:233 - rule 117617 - U5Cobra4M][GTZC] default value MPCBB3 and MPCBB5 - Privileged memory - MPCBB3 is applicable
2025-09-07 18:50:27,097 [INFO] Rule:233 - rule 117617 - U5Cobra4M][GTZC] default value MPCBB3 and MPCBB5 - Privileged memory - MPCBB4 is applicable
2025-09-07 18:50:27,097 [INFO] Rule:233 - rule Rename SubGHz_Phy SUBGHZ_APPLICATION SUBGHZ_PINGPONG to SUBGHZ_ADV_APPLICATION is applicable
2025-09-07 18:50:27,097 [INFO] Rule:233 - rule Rename Enabled to IBEACON is applicable
2025-09-07 18:50:27,097 [INFO] Rule:233 - rule GTZC_S instance for project manager is applicable
2025-09-07 18:50:27,098 [INFO] Rule:233 - rule GTZC_S instance for context M33S is applicable
2025-09-07 18:50:27,098 [INFO] Rule:233 - rule GTZC_S instance value for IP GTZC is applicable
2025-09-07 18:50:27,098 [INFO] Rule:233 - rule GTZC_S instance for mcu.IP is applicable
2025-09-07 18:50:27,098 [INFO] Rule:233 - rule GTZC_S instance for VP is applicable
2025-09-07 18:50:27,098 [INFO] Rule:233 - rule GTZC_S instance for signal is applicable
2025-09-07 18:50:27,098 [INFO] Rule:233 - rule GTZC_S instance for mcu.Pin is applicable
2025-09-07 18:50:27,099 [INFO] Rule:233 - rule GTZC_S instance for VP is applicable
2025-09-07 18:50:27,099 [INFO] Rule:233 - rule GTZC_S instance for signal is applicable
2025-09-07 18:50:27,099 [INFO] Rule:233 - rule GTZC_S instance for mcu is applicable
2025-09-07 18:50:27,099 [INFO] Rule:233 - rule GTZC_S instance for mcu.Pin is applicable
2025-09-07 18:50:27,099 [INFO] Rule:233 - rule GTZC_S instance value for IP GTZC is applicable
2025-09-07 18:50:27,099 [INFO] Rule:233 - rule GTZC_S instance for project manager is applicable
2025-09-07 18:50:27,099 [INFO] Rule:233 - rule GTZC_S instance for context M33S is applicable
2025-09-07 18:50:27,100 [INFO] Rule:233 - rule GTZC_S instance for VP is applicable
2025-09-07 18:50:27,100 [INFO] Rule:233 - rule GTZC_S instance for signal is applicable
2025-09-07 18:50:27,100 [INFO] Rule:233 - rule SPDIFRX instance for mcu is applicable
2025-09-07 18:50:27,100 [INFO] Rule:233 - rule Rename Tracer Mode is applicable
2025-09-07 18:50:27,100 [INFO] Rule:233 - rule SPDIFRX instance value for IP SPDIFRX is applicable
2025-09-07 18:50:27,100 [INFO] Rule:233 - rule SPDIFRX instance for signal is applicable
2025-09-07 18:50:27,100 [INFO] Rule:233 - rule SPDIFRX instance for project manager is applicable
2025-09-07 18:50:27,100 [INFO] Rule:233 - rule SPDIFRX instance for project manager is applicable
2025-09-07 18:50:27,101 [INFO] Rule:233 - rule ADC Scan  fix with FW F7 is applicable
2025-09-07 18:50:27,101 [INFO] Rule:233 - rule ADC Scan  fix with FW F7 is applicable
2025-09-07 18:50:27,101 [INFO] Rule:233 - rule DFSDM instance value for IP DFSDM is applicable
2025-09-07 18:50:27,101 [INFO] Rule:233 - rule DFSDM instance for mcu is applicable
2025-09-07 18:50:27,101 [INFO] Rule:233 - rule DFSDM instance for VP is applicable
2025-09-07 18:50:27,101 [INFO] Rule:233 - rule DFSDM instance for signal is applicable
2025-09-07 18:50:27,101 [INFO] Rule:233 - rule DFSDM instance for shared is applicable
2025-09-07 18:50:27,101 [INFO] Rule:233 - rule BreakInputSource parameter for IP Timer is applicable
2025-09-07 18:50:27,102 [INFO] Rule:233 - rule Sourcebreak parameter for IP Timer is applicable
2025-09-07 18:50:27,102 [INFO] Rule:233 - rule Sourcebreak parameter for IP Timer is applicable
2025-09-07 18:50:27,102 [INFO] Rule:233 - rule DFSDM for PCC is applicable
2025-09-07 18:50:27,102 [INFO] Rule:233 - rule Serial_Wire Mode is applicable
2025-09-07 18:50:27,102 [INFO] Rule:233 - rule JTAG_4_pins Mode is applicable
2025-09-07 18:50:27,102 [INFO] Rule:233 - rule JTAG_5_pins Mode is applicable
2025-09-07 18:50:27,102 [INFO] Rule:233 - rule Trace_Asynchronous_SW Mode is applicable
2025-09-07 18:50:27,102 [INFO] Rule:233 - rule Trace_Synchro_1bit_JTAG Mode is applicable
2025-09-07 18:50:27,102 [INFO] Rule:233 - rule Trace_Synchro_2bits_JTAG Mode is applicable
2025-09-07 18:50:27,103 [INFO] Rule:233 - rule Trace_Synchro_4bits_JTAG Mode is applicable
2025-09-07 18:50:27,103 [INFO] Rule:233 - rule Trace_Synchro_1bit_SW Mode is applicable
2025-09-07 18:50:27,103 [INFO] Rule:233 - rule Trace_Synchro_2bits_SW Mode is applicable
2025-09-07 18:50:27,103 [INFO] Rule:233 - rule Trace_Synchro_4bits_SW Mode is applicable
2025-09-07 18:50:27,103 [INFO] Rule:233 - rule SYS_WakeUp0 Mode is applicable
2025-09-07 18:50:27,103 [INFO] Rule:233 - rule SYS_WakeUp0 Mode for STM32F446 is applicable
2025-09-07 18:50:27,103 [INFO] Rule:233 - rule SYS_WakeUp1 Mode is applicable
2025-09-07 18:50:27,103 [INFO] Rule:233 - rule SYS_WakeUp1 Mode for STM32F446 is applicable
2025-09-07 18:50:27,104 [INFO] Rule:233 - rule SYS_WakeUp2 Mode is applicable
2025-09-07 18:50:27,104 [INFO] Rule:233 - rule SYS_WakeUp3 Mode is applicable
2025-09-07 18:50:27,104 [INFO] Rule:233 - rule SYS_WakeUp4 Mode is applicable
2025-09-07 18:50:27,104 [INFO] Rule:233 - rule SYS_WakeUp5 Mode is applicable
2025-09-07 18:50:27,104 [INFO] Rule:233 - rule SYS_WakeUp6 Mode is applicable
2025-09-07 18:50:27,104 [INFO] Rule:233 - rule SYS_WakeUp7 Mode is applicable
2025-09-07 18:50:27,104 [INFO] Rule:233 - rule WakeUp0 Mode is applicable
2025-09-07 18:50:27,104 [INFO] Rule:233 - rule WakeUp0 SIGNAL is applicable
2025-09-07 18:50:27,104 [INFO] Rule:233 - rule WakeUp1 Mode is applicable
2025-09-07 18:50:27,105 [INFO] Rule:233 - rule WakeUp1 SIGNAL is applicable
2025-09-07 18:50:27,105 [INFO] Rule:233 - rule WakeUp2 Mode is applicable
2025-09-07 18:50:27,105 [INFO] Rule:233 - rule WakeUp2 SIGNAL is applicable
2025-09-07 18:50:27,105 [INFO] Rule:233 - rule WakeUp4 Mode is applicable
2025-09-07 18:50:27,105 [INFO] Rule:233 - rule WakeUp4 SIGNAL is applicable
2025-09-07 18:50:27,105 [INFO] Rule:233 - rule WakeUp5 Mode is applicable
2025-09-07 18:50:27,105 [INFO] Rule:233 - rule WakeUp5 SIGNAL is applicable
2025-09-07 18:50:27,105 [INFO] Rule:233 - rule Mode_PVD_Ext is applicable
2025-09-07 18:50:27,105 [INFO] Rule:233 - rule Mode_PVD_Int is applicable
2025-09-07 18:50:27,106 [INFO] Rule:233 - rule Add RTC Activate Clock Source is applicable
2025-09-07 18:50:27,106 [INFO] Rule:233 - rule Add RTC Activate Calendar 1 is applicable
2025-09-07 18:50:27,108 [INFO] Rule:233 - rule Add RTC Activate Calendar 2 is applicable
2025-09-07 18:50:27,108 [INFO] Rule:233 - rule Add RTC Activate Calendar 3 is applicable
2025-09-07 18:50:27,108 [INFO] Rule:233 - rule UART/USART TX Mode is applicable
2025-09-07 18:50:27,108 [INFO] Rule:233 - rule UART/USART RX Mode is applicable
2025-09-07 18:50:27,111 [INFO] Rule:233 - rule UART/USART RX TX Mode is applicable
2025-09-07 18:50:27,111 [INFO] Rule:233 - rule UART/USART PARITY NONE is applicable
2025-09-07 18:50:27,112 [INFO] Rule:233 - rule UART/USART PARITY EVEN is applicable
2025-09-07 18:50:27,112 [INFO] Rule:233 - rule UART/USART PARITY ODD is applicable
2025-09-07 18:50:27,112 [INFO] Rule:233 - rule USART StopBits 1 is applicable
2025-09-07 18:50:27,112 [INFO] Rule:233 - rule USART StopBits 2 is applicable
2025-09-07 18:50:27,112 [INFO] Rule:233 - rule USART StopBits 1.5 is applicable
2025-09-07 18:50:27,112 [INFO] Rule:233 - rule USART StopBits 0.5 is applicable
2025-09-07 18:50:27,112 [INFO] Rule:233 - rule UART/USART WORD LENGTH 7 is applicable
2025-09-07 18:50:27,112 [INFO] Rule:233 - rule UART/USART WORD LENGTH 8 is applicable
2025-09-07 18:50:27,113 [INFO] Rule:233 - rule UART/USART WORD LENGTH 9 is applicable
2025-09-07 18:50:27,113 [INFO] Rule:233 - rule Rename FMC NAND NCE signal is applicable
2025-09-07 18:50:27,113 [INFO] Rule:233 - rule Rename FMC NAND INT signal is applicable
2025-09-07 18:50:27,113 [INFO] Rule:233 - rule Change Default Value for LSE Drive Capability for WB family is applicable
2025-09-07 18:50:27,113 [INFO] Rule:233 - rule Change Default Value for ADC Clock Prescaler G0 family is applicable
2025-09-07 18:50:27,114 [INFO] Rule:233 - rule Change Default Value for ADC ExternalTrigConv L4 family is applicable
2025-09-07 18:50:27,114 [INFO] Rule:233 - rule Change Default Value for ADC ExternalTrigInjecConv L4 family is applicable
2025-09-07 18:50:27,114 [INFO] Rule:233 - rule Change Default Value for ADC ExternalTrigConv F3 family is applicable
2025-09-07 18:50:27,115 [INFO] Rule:233 - rule Change Default Value for ADC ExternalTrigInjecConv F3 family is applicable
2025-09-07 18:50:27,115 [INFO] Rule:233 - rule Change Default Value for ADC ExternalTrigConv Goldfish serie is applicable
2025-09-07 18:50:27,115 [INFO] Rule:233 - rule Change Default Value for ADC ExternalTrigInjecConv Goldfish serie is applicable
2025-09-07 18:50:27,115 [INFO] Rule:233 - rule Change Default Value for ADC ExternalTrigConv L0 family is applicable
2025-09-07 18:50:27,115 [INFO] Rule:233 - rule Change Default Value for ADC ExternalTrigConv F0 family is applicable
2025-09-07 18:50:27,116 [INFO] Rule:233 - rule Change Default Value for ADC ExternalTrigConvn L1 family is applicable
2025-09-07 18:50:27,116 [INFO] Rule:233 - rule Change Default Value for ADC ExternalTrigInjecConv L1 family is applicable
2025-09-07 18:50:27,116 [INFO] Rule:233 - rule Change Default Value for ADC ExternalTrigConv F1 family is applicable
2025-09-07 18:50:27,116 [INFO] Rule:233 - rule Change Default Value for ADC ExternalTrigInjecConv F1 family is applicable
2025-09-07 18:50:27,116 [INFO] Rule:233 - rule Change Default Value for ADC ExternalTrigConv F7 family is applicable
2025-09-07 18:50:27,116 [INFO] Rule:233 - rule Change Default Value for ADC ExternalTrigInjecConv F7 family is applicable
2025-09-07 18:50:27,116 [INFO] Rule:233 - rule Change Default Value for ADC ExternalTrigConv F4 and F2 family is applicable
2025-09-07 18:50:27,117 [INFO] Rule:233 - rule Change Default Value for ADC ExternalTrigInjecConv F4 and F2 family is applicable
2025-09-07 18:50:27,117 [INFO] Rule:233 - rule ADC SamplingTime fix with FW L0  is applicable
2025-09-07 18:50:27,117 [INFO] Rule:233 - rule ADC SamplingTime fix with FW L0  is applicable
2025-09-07 18:50:27,117 [INFO] Rule:233 - rule ADC SamplingTime fix with FW L0 is applicable
2025-09-07 18:50:27,117 [INFO] Rule:233 - rule ADC SamplingTime fix with FW L0 is applicable
2025-09-07 18:50:27,117 [INFO] Rule:233 - rule ADC SamplingTime fix with FW L0  is applicable
2025-09-07 18:50:27,117 [INFO] Rule:233 - rule ADC SamplingTime fix with FW L0 is applicable
2025-09-07 18:50:27,117 [INFO] Rule:233 - rule Rename USB_OE Signal is applicable
2025-09-07 18:50:27,117 [INFO] Rule:233 - rule Rename Activate_OE Mode is applicable
2025-09-07 18:50:27,118 [INFO] Rule:233 - rule Rename DIE462/DIE415 pin PC14/OSC32_IN -> PC14-OSC32_IN (PC14) is applicable
2025-09-07 18:50:27,118 [INFO] Rule:233 - rule Rename DIE462/DIE415 pin PC15/OSC32_OUT -> PC15-OSC32_OUT (PC15) is applicable
2025-09-07 18:50:27,118 [INFO] Rule:233 - rule Rename DIE462/DIE415 pin PH0/OSC_IN -> PH0-OSC_IN (PH0) is applicable
2025-09-07 18:50:27,118 [INFO] Rule:233 - rule Rename DIE462/DIE415 pin PH1/OSC_OUT -> PH1-OSC_OUT (PH1) is applicable
2025-09-07 18:50:27,118 [INFO] Rule:233 - rule Rename DIE462 pin PA13 -> PA13 (JTMS/SWDIO) is applicable
2025-09-07 18:50:27,118 [INFO] Rule:233 - rule Rename DIE415 pin PA13 -> PA13 (JTMS/SWDIO) is applicable
2025-09-07 18:50:27,118 [INFO] Rule:233 - rule Rename DIE462 pin PA14 -> PA14 (JTCK/SWCLK) is applicable
2025-09-07 18:50:27,119 [INFO] Rule:233 - rule Rename DIE415 pin PA14 -> PA14 (JTCK/SWCLK) is applicable
2025-09-07 18:50:27,119 [INFO] Rule:233 - rule Rename DIE462/DIE415 pin PA15 -> PA15 (JTDI) is applicable
2025-09-07 18:50:27,119 [INFO] Rule:233 - rule Rename DIE462 pin PB3 -> PB3 (JTD0/TRACESWO) is applicable
2025-09-07 18:50:27,119 [INFO] Rule:233 - rule Rename DIE415 pin PB3 -> PB3 (JTD0-TRACESWO) is applicable
2025-09-07 18:50:27,119 [INFO] Rule:233 - rule Rename DIE462/DIE415 pin PB4 -> PB4 (NJTRST) is applicable
2025-09-07 18:50:27,119 [INFO] Rule:233 - rule Rename DIE462 pin PH3/BOOT0 -> PH3-BOOT0 (BOOT0) is applicable
2025-09-07 18:50:27,119 [INFO] Rule:233 - rule Rename CRYP DataEncryptionTypesList to Algorithm is applicable
2025-09-07 18:50:27,119 [INFO] Rule:233 - rule Rename AES DataEncryptionTypesList to Algorithm is applicable
2025-09-07 18:50:27,120 [INFO] Rule:233 - rule Rename TDESECB to CRYP_TDES_ECB is applicable
2025-09-07 18:50:27,120 [INFO] Rule:233 - rule Rename TDESCBC to CRYP_TDES_CBC is applicable
2025-09-07 18:50:27,120 [INFO] Rule:233 - rule Rename DESECB to CRYP_DES_ECB is applicable
2025-09-07 18:50:27,120 [INFO] Rule:233 - rule Rename DESCBC to CRYP_DES_CBC is applicable
2025-09-07 18:50:27,120 [INFO] Rule:233 - rule Rename AESECB to CRYP_AES_ECB is applicable
2025-09-07 18:50:27,120 [INFO] Rule:233 - rule Rename AESCBC to CRYP_AES_CBC is applicable
2025-09-07 18:50:27,120 [INFO] Rule:233 - rule Rename AESCTR to CRYP_AES_CTR is applicable
2025-09-07 18:50:27,121 [INFO] Rule:233 - rule Rename AESGCM to CRYP_AES_GCM is applicable
2025-09-07 18:50:27,121 [INFO] Rule:233 - rule Rename AESCCM to CRYP_AES_CCM is applicable
2025-09-07 18:50:27,121 [INFO] Rule:233 - rule Rename CAN TimeSeg1 to BS1 is applicable
2025-09-07 18:50:27,121 [INFO] Rule:233 - rule Rename CAN TimeSeg2 to BS2 is applicable
2025-09-07 18:50:27,121 [INFO] Rule:233 - rule Rename CAN SyncJumpWidth to SJW is applicable
2025-09-07 18:50:27,121 [INFO] Rule:233 - rule TimeTriggeredMode to TTCM is applicable
2025-09-07 18:50:27,121 [INFO] Rule:233 - rule Rename CAN AutoBusOff to ABOM is applicable
2025-09-07 18:50:27,121 [INFO] Rule:233 - rule Rename CAN AutoWakeUp to AWUM is applicable
2025-09-07 18:50:27,122 [INFO] Rule:233 - rule Rename CAN AutoRetransmission to NART is applicable
2025-09-07 18:50:27,122 [INFO] Rule:233 - rule Rename CAN ReceiveFifoLocked to RFLM is applicable
2025-09-07 18:50:27,122 [INFO] Rule:233 - rule Rename CAN TransmitFifoPriority to TXFP is applicable
2025-09-07 18:50:27,122 [INFO] Rule:233 - rule Rename HRTIMER HRTIM_OUTPUTFAULTLEVEL_HIGH in HRTIMER HRTIM_OUTPUTFAULTLEVEL_HIGHZ is applicable
2025-09-07 18:50:27,122 [INFO] Rule:233 - rule Rename TIMER TIM_CLEARINPUTSOURCE_OCREFCLR in  TIMER TIM_CLEARINPUTSOURCE_NONE for F7 family is applicable
2025-09-07 18:50:27,122 [INFO] Rule:233 - rule FDCAN_R1 - Rename FDCAN mode Master into Classic is applicable
2025-09-07 18:50:27,122 [INFO] Rule:233 - rule FDCAN_R2 - Rename FDCAN mode Slave into Classic is applicable
2025-09-07 18:50:27,122 [INFO] Rule:233 - rule FDCAN1_R3 - if PA10.Mode=FullDuplex, add Pin PA12 is applicable
2025-09-07 18:50:27,123 [INFO] Rule:233 - rule FDCAN1_R3 - if PA9.Mode=FullDuplex, add Pin PA11 is applicable
2025-09-07 18:50:27,123 [INFO] Rule:233 - rule FDCAN1_R3 - Alternatepin_1 - if PE1.Mode=FullDuplex, add Pin PB9 is applicable
2025-09-07 18:50:27,123 [INFO] Rule:233 - rule FDCAN1_R3 - Alternatepin_1 - if PE0.Mode=FullDuplex, add Pin PB8 is applicable
2025-09-07 18:50:27,123 [INFO] Rule:233 - rule FDCAN1_R3 - Alternatepin_2 - if PD5.Mode=FullDuplex, add Pin PD1 is applicable
2025-09-07 18:50:27,123 [INFO] Rule:233 - rule FDCAN1_R3 - Alternatepin_2 - if PD4.Mode=FullDuplex, add Pin PD0 is applicable
2025-09-07 18:50:27,123 [INFO] Rule:233 - rule FDCAN1_R4 - Rename Mode FullDuplex into Enable FDCAN_TXFD for pin PA10 is applicable
2025-09-07 18:50:27,123 [INFO] Rule:233 - rule FDCAN1_R4 - Rename Mode FullDuplex into Enable FDCAN_TXFD for pin PA9 is applicable
2025-09-07 18:50:27,123 [INFO] Rule:233 - rule FDCAN1_R4 - Alternatepin_1 - Rename Mode FullDuplex into Enable FDCAN_TXFD for pin PE1 is applicable
2025-09-07 18:50:27,124 [INFO] Rule:233 - rule FDCAN1_R4 - Alternatepin_1 - Rename Mode FullDuplex into Enable FDCAN_TXFD for pin PE0 is applicable
2025-09-07 18:50:27,124 [INFO] Rule:233 - rule FDCAN1_R4 - Alternatepin_2 - Rename Mode FullDuplex into Enable FDCAN_TXFD for pin PD5 is applicable
2025-09-07 18:50:27,124 [INFO] Rule:233 - rule FDCAN1_R4 - Alternatepin_2 - Rename Mode FullDuplex into Enable FDCAN_TXFD for pin PD4 is applicable
2025-09-07 18:50:27,124 [INFO] Rule:233 - rule FDCAN2_R3 - if PD10.Mode=FullDuplex, add Pin PB13 is applicable
2025-09-07 18:50:27,124 [INFO] Rule:233 - rule FDCAN2_R3 - if PD9.Mode=FullDuplex, add Pin PB12 is applicable
2025-09-07 18:50:27,124 [INFO] Rule:233 - rule FDCAN2_R3 - Alternatepin_1 - if PB7.Mode=FullDuplex, add Pin PB6 is applicable
2025-09-07 18:50:27,124 [INFO] Rule:233 - rule FDCAN2_R3 - Alternatepin_1 - if PD9.Mode=FullDuplex, add Pin PB12 is applicable
2025-09-07 18:50:27,124 [INFO] Rule:233 - rule FDCAN2_R4 - Rename Mode FullDuplex into Enable FDCAN_TXFD for pin PD10 is applicable
2025-09-07 18:50:27,124 [INFO] Rule:233 - rule FDCAN2_R4 - Rename Mode FullDuplex into Enable FDCAN_TXFD for pin PD9 is applicable
2025-09-07 18:50:27,125 [INFO] Rule:233 - rule FDCAN2_R4 - Alternatepin_1 - Rename Mode FullDuplex into Enable FDCAN_TXFD for pin PB7 is applicable
2025-09-07 18:50:27,126 [INFO] Rule:233 - rule FDCAN2_R4 - Alternatepin_1 - Rename Mode FullDuplex into Enable FDCAN_TXFD for pin PD6 is applicable
2025-09-07 18:50:27,126 [INFO] Rule:233 - rule USART TxPinLevelInvertParam Mode is applicable
2025-09-07 18:50:27,126 [INFO] Rule:233 - rule USART RxPinLevelInvertParam Mode is applicable
2025-09-07 18:50:27,126 [INFO] Rule:233 - rule USART DataInvertParam Mode is applicable
2025-09-07 18:50:27,126 [INFO] Rule:233 - rule USART SwapParam Mode is applicable
2025-09-07 18:50:27,127 [INFO] Rule:233 - rule USART OverrunDisableParam Mode is applicable
2025-09-07 18:50:27,127 [INFO] Rule:233 - rule USART DMADisableonRxErrorParam Mode is applicable
2025-09-07 18:50:27,127 [INFO] Rule:233 - rule USART MSBFirstParam Mode is applicable
2025-09-07 18:50:27,127 [INFO] Rule:233 - rule Update MwName for USB_DEVICE is applicable
2025-09-07 18:50:27,127 [INFO] Rule:233 - rule Change PWR_Regulator_Voltage_Scale Default Value for RCC  H7 family is applicable
2025-09-07 18:50:27,127 [INFO] Rule:233 - rule UART/USART IPParameter rename Prescaler parameter to ClockPrescaler is applicable
2025-09-07 18:50:27,128 [INFO] Rule:233 - rule UART/USART Prescaler rename Prescaler parameter to ClockPrescaler is applicable
2025-09-07 18:50:27,128 [INFO] Rule:233 - rule TIM1CLockSelection is applicable
2025-09-07 18:50:27,128 [INFO] Rule:233 - rule TIM15CLockSelection is applicable
2025-09-07 18:50:27,128 [INFO] Rule:233 - rule align RCC SDMMC3CLockSelection default value on MP1 is applicable
2025-09-07 18:50:27,128 [INFO] Rule:233 - rule align RCC SDMMC12CLockSelection default value on MP1 is applicable
2025-09-07 18:50:27,128 [INFO] Rule:233 - rule align RCC QSPICLockSelection default value on MP1 is applicable
2025-09-07 18:50:27,128 [INFO] Rule:233 - rule align RCC QSPICLockSelection default value on MP1 is applicable
2025-09-07 18:50:27,128 [INFO] Rule:233 - rule align RCC SPI6CLockSelection default value on MP1 is applicable
2025-09-07 18:50:27,128 [INFO] Rule:233 - rule align RCC LPTIM23CLockSelection default value on MP1 is applicable
2025-09-07 18:50:27,128 [INFO] Rule:233 - rule align RCC LPTIM1CLockSelection default value on MP1 is applicable
2025-09-07 18:50:27,129 [INFO] Rule:233 - rule align RCC USART1CLockSelection default value on MP1 is applicable
2025-09-07 18:50:27,130 [INFO] Rule:233 - rule align RCC USART24CLockSelection default value on MP1 is applicable
2025-09-07 18:50:27,130 [INFO] Rule:233 - rule align RCC USART6CLockSelection default value on MP1 is applicable
2025-09-07 18:50:27,130 [INFO] Rule:233 - rule align RCC UART78CLockSelection default value on MP1 is applicable
2025-09-07 18:50:27,130 [INFO] Rule:233 - rule align RCC USART35CLockSelection default value on MP1 is applicable
2025-09-07 18:50:27,130 [INFO] Rule:233 - rule align RCC SPI45CLockSelection default value on MP1 is applicable
2025-09-07 18:50:27,130 [INFO] Rule:233 - rule align RCC I2C46CLockSelection BCLK value on MP1 is applicable
2025-09-07 18:50:27,132 [INFO] Rule:233 - rule align RCC SPI45CLockSelection default value on MP1 is applicable
2025-09-07 18:50:27,132 [INFO] Rule:233 - rule align RCC I2C12CLockSelection default value on MP1 is applicable
2025-09-07 18:50:27,132 [INFO] Rule:233 - rule align RCC I2C35CLockSelection default value on MP1 is applicable
2025-09-07 18:50:27,132 [INFO] Rule:233 - rule align RCC LPTIM45CLockSelection default value on MP1 is applicable
2025-09-07 18:50:27,132 [INFO] Rule:233 - rule Rename DCMI PIXCK signal is applicable
2025-09-07 18:50:27,132 [INFO] Rule:233 - rule Change Default Value for I2C46CLockSelection MP1 family is applicable
2025-09-07 18:50:27,133 [INFO] Rule:233 - rule Change Default Value for UART for G4, G0 and WB families is applicable
2025-09-07 18:50:27,133 [INFO] Rule:233 - rule Change Default Value for USART for G4, G0 and WB families is applicable
2025-09-07 18:50:27,134 [INFO] Rule:233 - rule Change Default Value for USART for G4 family is applicable
2025-09-07 18:50:27,134 [INFO] Rule:233 - rule Change USART1CLockSelection refparam name for MP1 is applicable
2025-09-07 18:50:27,134 [INFO] Rule:233 - rule Change USART2CLockSelection refparam name for MP1 is applicable
2025-09-07 18:50:27,134 [INFO] Rule:233 - rule Change USART3CLockSelection refparam name for MP1 is applicable
2025-09-07 18:50:27,134 [INFO] Rule:233 - rule Change UART4CLockSelection refparam name for MP1 is applicable
2025-09-07 18:50:27,134 [INFO] Rule:233 - rule Change UART5CLockSelection refparam name for MP1 is applicable
2025-09-07 18:50:27,134 [INFO] Rule:233 - rule Change LPUART1CLockSelection refparam name for MP1 is applicable
2025-09-07 18:50:27,135 [INFO] Rule:233 - rule Change LPTIM1CLockSelection refparam name for MP1 is applicable
2025-09-07 18:50:27,135 [INFO] Rule:233 - rule Change LPTIM2CLockSelection refparam name for MP1 is applicable
2025-09-07 18:50:27,135 [INFO] Rule:233 - rule Change RCC_MCO1Source refparam name for MP1 is applicable
2025-09-07 18:50:27,135 [INFO] Rule:233 - rule Change LSCOSource1 refparam name for MP1 is applicable
2025-09-07 18:50:27,136 [INFO] Rule:233 - rule Change SMPSCLockSelection refparam name for MP1 is applicable
2025-09-07 18:50:27,136 [INFO] Rule:233 - rule Change LPTIM3CLockSelection refparam name for MP1 is applicable
2025-09-07 18:50:27,136 [INFO] Rule:233 - rule Change MPCBB* Default Template Mode to Parameters is applicable
2025-09-07 18:50:27,136 [INFO] Rule:233 - rule Change MPCWM* or MPCBB* Secure Mode to Parameters is applicable
2025-09-07 18:50:27,136 [INFO] Rule:233 - rule Change MPCWM* or MPCBB* No Secure Mode to Parameters is applicable
2025-09-07 18:50:27,136 [INFO] Rule:233 - rule Change TZSC IP Secure Mode to Parameters is applicable
2025-09-07 18:50:27,137 [INFO] Rule:233 - rule Change TZSC IP No Secure Mode to Parameters is applicable
2025-09-07 18:50:27,138 [INFO] Rule:233 - rule Change TZSC IP Privilege Mode to Parameters is applicable
2025-09-07 18:50:27,139 [INFO] Rule:233 - rule Change TZSC IP No Privilege Mode to Parameters is applicable
2025-09-07 18:50:27,139 [INFO] Rule:233 - rule Change TZIC IT Secure Mode to Parameters is applicable
2025-09-07 18:50:27,139 [INFO] Rule:233 - rule Change TZIC IT No Secure Mode to Parameters is applicable
2025-09-07 18:50:27,139 [INFO] Rule:233 - rule Add MPCBB1_NonSecureArea_Start_Address value with referenced to MPCBB1_NonSecureArea_Start value is applicable
2025-09-07 18:50:27,139 [INFO] Rule:233 - rule Add MPCBB2_NonSecureArea_Start_Address value with referenced to MPCBB2_NonSecureArea_Start value is applicable
2025-09-07 18:50:27,139 [INFO] Rule:233 - rule Add MPCWM1_NonSecureArea*_Start_Address value with referenced to MPCWM1_NonSecureArea*_Start value is applicable
2025-09-07 18:50:27,139 [INFO] Rule:233 - rule Add MPCWM2_NonSecureArea*_Start_Address value with referenced to MPCWM2_NonSecureArea*_Start value is applicable
2025-09-07 18:50:27,139 [INFO] Rule:233 - rule Add MPCWM3_NonSecureArea_Start_Address value with referenced to MPCWM3_NonSecureArea_Start value is applicable
2025-09-07 18:50:27,140 [INFO] Rule:233 - rule Change Default Value for PLL1UserDefinedConfig is applicable
2025-09-07 18:50:27,140 [INFO] Rule:233 - rule Change GPIO_PuPd Default Value for USART in async mode is applicable
2025-09-07 18:50:27,140 [INFO] Rule:233 - rule Change SMPSDivider Default Value is applicable
2025-09-07 18:50:27,140 [INFO] Rule:233 - rule OPAMP is applicable
2025-09-07 18:50:27,140 [INFO] Rule:233 - rule LPUART IPParameter rename Prescaler parameter to ClockPrescaler for STM32H7 is applicable
2025-09-07 18:50:27,140 [INFO] Rule:233 - rule LPUART IPParameter rename Prescaler parameter to ClockPrescaler for STM32H7 is applicable
2025-09-07 18:50:27,140 [INFO] Rule:233 - rule LPUART IPParameter rename Prescaler parameter to ClockPrescaler for STM32WB is applicable
2025-09-07 18:50:27,140 [INFO] Rule:233 - rule LPUART IPParameter rename Prescaler parameter to ClockPrescaler for STM32WB is applicable
2025-09-07 18:50:27,140 [INFO] Rule:233 - rule LPUART IPParameter rename Prescaler parameter to ClockPrescaler for STM32G4 is applicable
2025-09-07 18:50:27,141 [INFO] Rule:233 - rule LPUART IPParameter rename Prescaler parameter to ClockPrescaler for STM32G4 is applicable
2025-09-07 18:50:27,141 [INFO] Rule:233 - rule LPUART IPParameter rename Prescaler parameter to ClockPrescaler for STM32L5 is applicable
2025-09-07 18:50:27,141 [INFO] Rule:233 - rule LPUART IPParameter rename Prescaler parameter to ClockPrescaler for STM32L5 is applicable
2025-09-07 18:50:27,141 [INFO] Rule:233 - rule LPUART IPParameter rename Prescaler parameter to ClockPrescaler for STM32G4 is applicable
2025-09-07 18:50:27,141 [INFO] Rule:233 - rule LPUART IPParameter rename Prescaler parameter to ClockPrescaler for STM32G4 is applicable
2025-09-07 18:50:27,141 [INFO] Rule:233 - rule USB device lib V2.5.3 for L0 rename USBD_SUPPORT_USER_STRING parameter to USBD_SUPPORT_USER_STRING_DESC4 is applicable
2025-09-07 18:50:27,141 [INFO] Rule:233 - rule I2SCLockSelection clock entry align is applicable
2025-09-07 18:50:27,141 [INFO] Rule:233 - rule Assign TIMx context if used as SYS timebase is applicable
2025-09-07 18:50:27,141 [INFO] Rule:233 - rule Change GPIO_Pu Default Value for I2C is applicable
2025-09-07 18:50:27,142 [INFO] Rule:233 - rule Change GPIO_Pu Default Value for SMBus is applicable
2025-09-07 18:50:27,142 [INFO] Rule:233 - rule change FDCAN default value is applicable
2025-09-07 18:50:27,143 [INFO] Rule:233 - rule Change mode sai is applicable
2025-09-07 18:50:27,144 [INFO] Rule:233 - rule **Change sai mode is applicable
2025-09-07 18:50:27,144 [INFO] Rule:233 - rule Rename STM32WPAN CFG_BLE_IRK to CFG_BLE_IR is applicable
2025-09-07 18:50:27,144 [INFO] Rule:233 - rule Rename STM32WPAN CFG_BLE_ERK to CFG_BLE_ER is applicable
2025-09-07 18:50:27,144 [INFO] Rule:233 - rule Rename STM32WPAN CFG_BLE_IRK_HEX to CFG_BLE_IR_HEX is applicable
2025-09-07 18:50:27,144 [INFO] Rule:233 - rule Rename STM32WPAN CFG_BLE_ERK_HEX to CFG_BLE_ER_HEX is applicable
2025-09-07 18:50:27,145 [INFO] Rule:233 - rule Adapt Old IOC before rework replace old CORTEX_M33/CORTEX_M55 attributes by the new one. is applicable
2025-09-07 18:50:27,145 [INFO] Rule:233 - rule Rename parametre of RCC RCC_APBDBG_DIV2 to RCC_TIMPRES_DIV2 is applicable
2025-09-07 18:50:27,145 [INFO] Rule:233 - rule Rename DIE493 pin PA10 [PA12] -> PA10 is applicable
2025-09-07 18:50:27,145 [INFO] Rule:233 - rule Rename DIE493 pin PA9 [PA11] -> PA9 is applicable
2025-09-07 18:50:27,146 [INFO] Rule:233 - rule Rename DIE492 PartNumber CPN STM32WBA5MJGHx -> STM32WBA5MMGHx is applicable
2025-09-07 18:50:27,146 [INFO] Rule:233 - rule Rename DIE492 PartNumber  Name STM32WBA5MJGHx -> STM32WBA5MMGHx is applicable
2025-09-07 18:50:27,146 [INFO] Rule:233 - rule Rename DIE492 PartNumber UserName STM32WBA5MJGHx -> STM32WBA5MMGHx is applicable
2025-09-07 18:50:27,146 [INFO] Rule:233 - rule Rename DIE492 PartNumber DeviceId STM32WBA5MJGHx -> STM32WBA5MMGHx is applicable
2025-09-07 18:50:27,146 [INFO] Rule:233 - rule Adapt Old IOC CSI. is applicable
2025-09-07 18:50:27,146 [INFO] Rule:233 - rule Adapt Old IOC DCMIPP. is applicable
2025-09-07 18:50:27,146 [INFO] Rule:233 - rule Adapt Old IOC DCMIPP Mode Parallel. is applicable
2025-09-07 18:50:27,146 [INFO] Rule:233 - rule Adapt Old IOC LTDC. is applicable
2025-09-07 18:50:27,146 [INFO] Rule:233 - rule Rename STM32MP2 RIF Peripheral LTDC RIF.RISUP.LTDC_L0L1.Privilege -> RIF.RISUP.LTDC_L1L2.Privilege is applicable
2025-09-07 18:50:27,147 [INFO] Rule:233 - rule Rename STM32MP2 RIF Peripheral LTDC RIF.RISUP.LTDC_L0L1.Privilege -> RIF.RISUP.LTDC_L1L2.Privilege is applicable
2025-09-07 18:50:27,147 [INFO] Rule:233 - rule Rename STM32MP2 RIF Peripheral LTDC RIF.RISUP.LTDC_L0L1.Lock -> RIF.RISUP.LTDC_L1L2.Lock is applicable
2025-09-07 18:50:27,147 [INFO] Rule:233 - rule Rename STM32MP2 RIF Peripheral LTDC RIF.RISUP.LTDC_L2.Lock -> RIF.RISUP.LTDC_L3.Lock is applicable
2025-09-07 18:50:27,147 [INFO] Rule:233 - rule Adapt the old IOC example for updating the SYS when it is misconfigured. is applicable
2025-09-07 18:50:27,147 [INFO] Rule:233 - rule Rename STM32C09 Mcu.Package LQFP64 -> LQFP48 is applicable
2025-09-07 18:50:27,147 [INFO] Rule:233 - rule Adapt the old IOC example for updating the SYS when it is misconfigured. is applicable
2025-09-07 18:50:27,147 [INFO] Rule:233 - rule Adapt the old IOC example for updating the SYS when it is misconfigured. is applicable
2025-09-07 18:50:27,223 [INFO] DbConfProperties:307 - Apply Compatibility (82/313 Rules)
2025-09-07 18:50:29,654 [INFO] ImportTextPane:234 - (OptionalMessage_ERROR) Unable to find key (Mcu.ThirdPartyNb) in loaded IOC file
2025-09-07 18:50:29,701 [INFO] ImportTextPane:234 - (OptionalMessage_ERROR) Pin11 (VP_RIF_VS_RIF1) cannot be retrieved for this MCU
2025-09-07 18:50:30,315 [INFO] RtosManager:558 - Registered RTOS mode: class=CMSIS, group=RTOS, mode=CMSIS_V1, owner=FREERTOS
2025-09-07 18:50:30,316 [INFO] RtosManager:558 - Registered RTOS mode: class=CMSIS, group=RTOS2, mode=CMSIS_V2, owner=FREERTOS
2025-09-07 18:50:30,316 [INFO] RtosManager:558 - Registered RTOS mode: class=RTOS, group=Core, mode=CMSIS_V1, owner=FREERTOS
2025-09-07 18:50:30,316 [INFO] RtosManager:558 - Registered RTOS mode: class=RTOS, group=Core, mode=CMSIS_V2, owner=FREERTOS
2025-09-07 18:50:30,317 [WARN] ModelIntegratedComponent:184 - Missing modes for component STMicroelectronics:FreeRTOS:0.0.1:STMicroelectronics:RTOS:FreeRTOS:Core:::10.2.0:
2025-09-07 18:50:30,445 [WARN] ModelIntegratedComponent:63 - No mode defined for component null
2025-09-07 18:50:30,446 [WARN] ModelIntegratedComponent:63 - No mode defined for component null
2025-09-07 18:50:30,447 [WARN] ModelIntegratedComponent:63 - No mode defined for component null
2025-09-07 18:50:30,447 [WARN] ModelIntegratedComponent:63 - No mode defined for component null
2025-09-07 18:50:30,447 [WARN] ModelIntegratedComponent:63 - No mode defined for component null
2025-09-07 18:50:30,448 [WARN] ModelIntegratedComponent:63 - No mode defined for component null
2025-09-07 18:50:30,448 [WARN] ModelIntegratedComponent:63 - No mode defined for component null
2025-09-07 18:50:30,448 [WARN] ModelIntegratedComponent:63 - No mode defined for component null
2025-09-07 18:50:30,448 [WARN] ModelIntegratedComponent:63 - No mode defined for component null
2025-09-07 18:50:30,450 [WARN] ModelIntegratedComponent:63 - No mode defined for component null
2025-09-07 18:50:30,451 [WARN] ModelIntegratedComponent:63 - No mode defined for component null
2025-09-07 18:50:30,451 [WARN] ModelIntegratedComponent:63 - No mode defined for component null
2025-09-07 18:50:30,451 [WARN] ModelIntegratedComponent:63 - No mode defined for component null
2025-09-07 18:50:30,451 [WARN] ModelIntegratedComponent:63 - No mode defined for component null
2025-09-07 18:50:30,451 [WARN] ModelIntegratedComponent:63 - No mode defined for component null
2025-09-07 18:50:30,451 [WARN] ModelIntegratedComponent:63 - No mode defined for component null
2025-09-07 18:50:30,451 [WARN] ModelIntegratedComponent:63 - No mode defined for component null
2025-09-07 18:50:30,451 [WARN] ModelIntegratedComponent:63 - No mode defined for component null
2025-09-07 18:50:30,451 [WARN] ModelIntegratedComponent:63 - No mode defined for component null
2025-09-07 18:50:30,451 [WARN] ModelIntegratedComponent:63 - No mode defined for component null
2025-09-07 18:50:30,452 [WARN] ModelIntegratedComponent:63 - No mode defined for component null
2025-09-07 18:50:30,452 [WARN] ModelIntegratedComponent:63 - No mode defined for component null
2025-09-07 18:50:30,452 [WARN] ModelIntegratedComponent:63 - No mode defined for component null
2025-09-07 18:50:30,452 [WARN] ModelIntegratedComponent:63 - No mode defined for component null
2025-09-07 18:50:30,452 [WARN] ModelIntegratedComponent:63 - No mode defined for component null
2025-09-07 18:50:30,452 [WARN] ModelIntegratedComponent:63 - No mode defined for component null
2025-09-07 18:50:30,452 [WARN] ModelIntegratedComponent:63 - No mode defined for component null
2025-09-07 18:50:30,452 [WARN] ModelIntegratedComponent:63 - No mode defined for component null
2025-09-07 18:50:30,452 [WARN] ModelIntegratedComponent:63 - No mode defined for component null
2025-09-07 18:50:30,452 [WARN] ModelIntegratedComponent:63 - No mode defined for component null
2025-09-07 18:50:30,453 [WARN] ModelIntegratedComponent:63 - No mode defined for component null
2025-09-07 18:50:30,453 [WARN] ModelIntegratedComponent:63 - No mode defined for component null
2025-09-07 18:50:30,453 [WARN] ModelIntegratedComponent:63 - No mode defined for component null
2025-09-07 18:50:30,453 [WARN] ModelIntegratedComponent:63 - No mode defined for component null
2025-09-07 18:50:30,453 [WARN] ModelIntegratedComponent:63 - No mode defined for component null
2025-09-07 18:50:30,453 [WARN] ModelPack:524 - Component already loaded: STMicroelectronics:HAL Drivers:0.0.0:STMicroelectronics:Device:STMicro_Driver:XSPI:HAL::0.0.1:HAL_XSPI
2025-09-07 18:50:32,106 [INFO] ThirdPartyModel:298 - Start build external matchings
2025-09-07 18:50:37,593 [INFO] ThirdPartyModel:316 - End build external matchings
2025-09-07 18:50:39,786 [INFO] UtilMem:75 - End LoadConfig() Used Memory: 623946344 Bytes (968884224)
2025-09-07 18:50:43,579 [WARN] ThirdParty:833 - waiting for thirdparty lock release [change project]
2025-09-07 18:50:43,598 [INFO] ThirdParty:835 - entering critical section [change project]
2025-09-07 18:50:43,612 [INFO] ThirdParty:1030 - CMSIS Pack Vendor :STMicroelectronics X-CUBE-PM33A1 1.0.0
2025-09-07 18:50:43,615 [INFO] ThirdParty:1030 - CMSIS Pack Vendor :STMicroelectronics USBPD 4.1
2025-09-07 18:50:43,615 [INFO] ThirdParty:1030 - CMSIS Pack Vendor :STMicroelectronics X-CUBE-NFC9 1.0.0
2025-09-07 18:50:43,616 [INFO] ThirdParty:1030 - CMSIS Pack Vendor :STMicroelectronics USB_HOST 2.0.0
2025-09-07 18:50:43,621 [INFO] ThirdParty:1030 - CMSIS Pack Vendor :STMicroelectronics FP-SNS-MOTENVWB1 1.4.0
2025-09-07 18:50:43,621 [INFO] ThirdParty:1030 - CMSIS Pack Vendor :STMicroelectronics X-CUBE-AZRTOS-F4 1.1.0
2025-09-07 18:50:43,629 [INFO] ThirdParty:1030 - CMSIS Pack Vendor :STMicroelectronics LIBJPEG 8.0.0
2025-09-07 18:50:43,629 [INFO] ThirdParty:1030 - CMSIS Pack Vendor :STMicroelectronics FP-ATR-ASTRA1 2.0.2
2025-09-07 18:50:43,644 [INFO] ThirdParty:1030 - CMSIS Pack Vendor :wolfSSL I-CUBE-wolfSSL 5.8.2
2025-09-07 18:50:43,645 [INFO] ThirdParty:1030 - CMSIS Pack Vendor :STMicroelectronics X-CUBE-BLE1 7.1.0
2025-09-07 18:50:43,645 [INFO] ThirdParty:1030 - CMSIS Pack Vendor :Avnet-IotConnect X-CUBE-IoTC-DA16k-PMOD 1.0.0
2025-09-07 18:50:43,645 [INFO] ThirdParty:1030 - CMSIS Pack Vendor :STMicroelectronics X-CUBE-SMBUS 2.1.0
2025-09-07 18:50:43,646 [INFO] ThirdParty:1030 - CMSIS Pack Vendor :wolfSSL I-CUBE-wolfMQTT 1.19.2
2025-09-07 18:50:43,646 [INFO] ThirdParty:1030 - CMSIS Pack Vendor :STMicroelectronics USB_DEVICE 3.0.0
2025-09-07 18:50:43,676 [INFO] ThirdParty:1030 - CMSIS Pack Vendor :STMicroelectronics X-CUBE-ISPU 2.1.0
2025-09-07 18:50:43,677 [INFO] ThirdParty:1030 - CMSIS Pack Vendor :STMicroelectronics X-CUBE-EEPRMA1 5.2.0
2025-09-07 18:50:43,677 [INFO] ThirdParty:1030 - CMSIS Pack Vendor :STMicroelectronics X-CUBE-BLEMGR 4.1.0
2025-09-07 18:50:43,680 [INFO] ThirdParty:1030 - CMSIS Pack Vendor :STMicroelectronics X-CUBE-AZRTOS-WB 2.0.0
2025-09-07 18:50:43,680 [INFO] ThirdParty:1030 - CMSIS Pack Vendor :STMicroelectronics X-CUBE-ST60 1.0.0
2025-09-07 18:50:43,681 [INFO] ThirdParty:1030 - CMSIS Pack Vendor :STMicroelectronics X-CUBE-GNSS1 7.0.1
2025-09-07 18:50:43,681 [INFO] ThirdParty:1030 - CMSIS Pack Vendor :STMicroelectronics X-CUBE-NFC12 1.0.0
2025-09-07 18:50:43,681 [INFO] ThirdParty:1030 - CMSIS Pack Vendor :STMicroelectronics X-CUBE-AZRTOS-F7 1.1.0
2025-09-07 18:50:43,681 [INFO] ThirdParty:1030 - CMSIS Pack Vendor :STMicroelectronics X-CUBE-AZRTOS-L5 2.0.0
2025-09-07 18:50:43,681 [INFO] ThirdParty:1030 - CMSIS Pack Vendor :STMicroelectronics X-CUBE-TOUCHGFX 4.25.0
2025-09-07 18:50:43,681 [INFO] ThirdParty:1030 - CMSIS Pack Vendor :STMicroelectronics USB_DEVICE 2.0.0
2025-09-07 18:50:43,681 [INFO] ThirdParty:1030 - CMSIS Pack Vendor :STMicroelectronics X-CUBE-NFC6 3.1.0
2025-09-07 18:50:43,681 [INFO] ThirdParty:1030 - CMSIS Pack Vendor :quantropi X-CUBE-qispace-sdk-base 2.1.0
2025-09-07 18:50:43,681 [INFO] ThirdParty:1030 - CMSIS Pack Vendor :STMicroelectronics FreeRTOS 0.0.1
2025-09-07 18:50:43,681 [INFO] ThirdParty:1030 - CMSIS Pack Vendor :STMicroelectronics X-CUBE-AZRTOS-G0 1.1.0
2025-09-07 18:50:43,681 [INFO] ThirdParty:1030 - CMSIS Pack Vendor :STMicroelectronics X-CUBE-SAFEA1 1.2.2
2025-09-07 18:50:43,698 [INFO] ThirdParty:1030 - CMSIS Pack Vendor :STMicroelectronics X-CUBE-NFC4 3.0.0
2025-09-07 18:50:43,700 [INFO] ThirdParty:1030 - CMSIS Pack Vendor :STMicroelectronics X-CUBE-SUBG2 5.0.0
2025-09-07 18:50:43,701 [INFO] ThirdParty:1030 - CMSIS Pack Vendor :STMicroelectronics X-CUBE-AZRTOS-H7RS 1.1.0
2025-09-07 18:50:43,702 [INFO] ThirdParty:1030 - CMSIS Pack Vendor :STMicroelectronics STM32_WPAN 1.0.0
2025-09-07 18:50:43,703 [INFO] ThirdParty:1030 - CMSIS Pack Vendor :EmbeddedOffice I-CUBE-FS-RTOS 1.0.1
2025-09-07 18:50:43,703 [INFO] ThirdParty:1030 - CMSIS Pack Vendor :STMicroelectronics lwIP 2.0.3
2025-09-07 18:50:43,704 [INFO] ThirdParty:1030 - CMSIS Pack Vendor :WES I-CUBE-Cesium 1.4.0
2025-09-07 18:50:43,704 [INFO] ThirdParty:1030 - CMSIS Pack Vendor :Cesanta I-CUBE-Mongoose 7.13.0
2025-09-07 18:50:43,704 [INFO] ThirdParty:1030 - CMSIS Pack Vendor :STMicroelectronics USB_HOST 1.0.0
2025-09-07 18:50:43,704 [INFO] ThirdParty:1030 - CMSIS Pack Vendor :Infineon AIROC-Wi-Fi-Bluetooth-STM32 1.7.1
2025-09-07 18:50:43,704 [INFO] ThirdParty:1030 - CMSIS Pack Vendor :STMicroelectronics X-CUBE-AZRTOS-G4 2.0.0
2025-09-07 18:50:43,704 [INFO] ThirdParty:1030 - CMSIS Pack Vendor :STMicroelectronics X-CUBE-WB05N 2.0.0
2025-09-07 18:50:43,705 [INFO] ThirdParty:1030 - CMSIS Pack Vendor :STMicroelectronics PDM2PCM 3.1.0
2025-09-07 18:50:43,705 [INFO] ThirdParty:1030 - CMSIS Pack Vendor :STMicroelectronics PDM2PCM 3.3.0
2025-09-07 18:50:43,788 [INFO] ThirdParty:1030 - CMSIS Pack Vendor :wolfSSL I-CUBE-wolfTPM 3.8.0
2025-09-07 18:50:43,788 [INFO] ThirdParty:1030 - CMSIS Pack Vendor :STMicroelectronics X-CUBE-AZRTOS-H7 3.4.0
2025-09-07 18:50:43,790 [INFO] ThirdParty:1030 - CMSIS Pack Vendor :STMicroelectronics X-CUBE-DISPLAY 3.0.0
2025-09-07 18:50:43,800 [INFO] ThirdParty:1030 - CMSIS Pack Vendor :wolfSSL I-CUBE-wolfSSH 1.4.20
2025-09-07 18:50:43,800 [INFO] ThirdParty:1030 - CMSIS Pack Vendor :STMicroelectronics X-CUBE-NFC7 2.0.0
2025-09-07 18:50:43,830 [INFO] ThirdParty:1030 - CMSIS Pack Vendor :STMicroelectronics X-CUBE-TCPP 4.2.0
2025-09-07 18:50:43,830 [INFO] ThirdParty:1030 - CMSIS Pack Vendor :RealThread X-CUBE-RT-Thread_Nano 4.1.1
2025-09-07 18:50:43,849 [INFO] ThirdParty:1030 - CMSIS Pack Vendor :STMicroelectronics FP-ATR-SIGFOX1 3.2.0
2025-09-07 18:50:43,850 [INFO] ThirdParty:1030 - CMSIS Pack Vendor :STMicroelectronics X-CUBE-NFC10 1.0.0
2025-09-07 18:50:43,852 [INFO] ThirdParty:1030 - CMSIS Pack Vendor :STMicroelectronics X-CUBE-FREERTOS 1.3.1
2025-09-07 18:50:43,853 [INFO] ThirdParty:1030 - CMSIS Pack Vendor :STMicroelectronics HAL Drivers 0.0.0
2025-09-07 18:50:43,853 [INFO] ThirdParty:1030 - CMSIS Pack Vendor :STMicroelectronics MBEDTLS 2.16.2
2025-09-07 18:50:43,874 [INFO] ThirdParty:1030 - CMSIS Pack Vendor :STMicroelectronics X-CUBE-IPS 3.1.0
2025-09-07 18:50:43,915 [INFO] ThirdParty:1030 - CMSIS Pack Vendor :STMicroelectronics X-CUBE-ALS 1.0.2
2025-09-07 18:50:43,916 [INFO] ThirdParty:1030 - CMSIS Pack Vendor :emotas I-CUBE-CANOPEN 1.3.0
2025-09-07 18:50:43,916 [INFO] ThirdParty:1030 - CMSIS Pack Vendor :STMicroelectronics MBEDTLS 2.14.1
2025-09-07 18:50:43,916 [INFO] ThirdParty:1030 - CMSIS Pack Vendor :ITTIA_DB I-CUBE-ITTIADB 8.9.0
2025-09-07 18:50:43,916 [INFO] ThirdParty:1030 - CMSIS Pack Vendor :STMicroelectronics X-CUBE-STSE01 1.0.0
2025-09-07 18:50:43,917 [INFO] ThirdParty:1030 - CMSIS Pack Vendor :STMicroelectronics X-CUBE-ST67W61 1.0.0
2025-09-07 18:50:43,918 [INFO] ThirdParty:1030 - CMSIS Pack Vendor :STMicroelectronics FP-SNS-STBOX1 2.1.0
2025-09-07 18:50:43,919 [INFO] ThirdParty:1030 - CMSIS Pack Vendor :STMicroelectronics X-CUBE-AI 10.2.0
2025-09-07 18:50:43,920 [INFO] ThirdParty:1030 - CMSIS Pack Vendor :STMicroelectronics FP-SNS-STAIOTCFT 1.0.0
2025-09-07 18:50:43,920 [INFO] ThirdParty:1030 - CMSIS Pack Vendor :STMicroelectronics ThreadX 1.0.0
2025-09-07 18:50:43,920 [INFO] ThirdParty:1030 - CMSIS Pack Vendor :STMicroelectronics FP-SNS-SMARTAG2 1.2.0
2025-09-07 18:50:43,922 [INFO] ThirdParty:1030 - CMSIS Pack Vendor :STMicroelectronics FP-SNS-FLIGHT1 5.1.0
2025-09-07 18:50:43,922 [INFO] ThirdParty:1030 - CMSIS Pack Vendor :STMicroelectronics X-CUBE-AZRTOS-WL 2.0.0
2025-09-07 18:50:43,922 [INFO] ThirdParty:1030 - CMSIS Pack Vendor :SEGGER I-CUBE-embOS 1.3.1
2025-09-07 18:50:43,922 [INFO] ThirdParty:1030 - CMSIS Pack Vendor :STMicroelectronics X-CUBE-ALGOBUILD 1.4.0
2025-09-07 18:50:43,923 [INFO] ThirdParty:1030 - CMSIS Pack Vendor :STMicroelectronics X-CUBE-DPower 1.3.0
2025-09-07 18:50:43,931 [INFO] ThirdParty:1030 - CMSIS Pack Vendor :STMicroelectronics X-CUBE-MEMS1 11.3.0
2025-09-07 18:50:43,931 [INFO] ThirdParty:1030 - CMSIS Pack Vendor :STMicroelectronics FP-SNS-MOTENV1 5.0.0
2025-09-07 18:50:43,931 [INFO] ThirdParty:1030 - CMSIS Pack Vendor :STMicroelectronics USB_DEVICE 1.0.0
2025-09-07 18:50:43,931 [INFO] ThirdParty:1030 - CMSIS Pack Vendor :STMicroelectronics X-CUBE-AZRTOS-L4 2.0.0
2025-09-07 18:50:43,931 [INFO] ThirdParty:1030 - CMSIS Pack Vendor :STMicroelectronics ThreadX 0.0.2
2025-09-07 18:50:43,931 [INFO] ThirdParty:1030 - CMSIS Pack Vendor :STMicroelectronics lwIP 2.1.2
2025-09-07 18:50:43,932 [INFO] ThirdParty:1030 - CMSIS Pack Vendor :STMicroelectronics X-CUBE-SFXS2LP1 4.0.0
2025-09-07 18:50:43,932 [INFO] ThirdParty:1030 - CMSIS Pack Vendor :STMicroelectronics X-CUBE-BLE2 3.3.0
2025-09-07 18:50:43,933 [INFO] ThirdParty:1030 - CMSIS Pack Vendor :STMicroelectronics X-CUBE-TOF1 3.4.3
2025-09-07 18:50:43,933 [INFO] ThirdParty:1030 - CMSIS Pack Vendor :STMicroelectronics PDM2PCM 3.2.0
2025-09-07 18:50:43,938 [INFO] ThirdParty:841 - exiting critical section [change project]
2025-09-07 18:50:47,835 [INFO] PinOutPanel:1589 - setPackage(No Configuration,No Configuration)
2025-09-07 18:50:47,852 [INFO] PinOutPanel:1589 - setPackage(STM32F401RETx,LQFP64)
2025-09-07 18:50:57,818 [INFO] UtilMem:75 - Before build in PCC Used Memory: 549743984 Bytes (968884224)
2025-09-07 18:51:14,900 [INFO] UtilMem:75 - After build in PCC Used Memory: 589153392 Bytes (968884224)
2025-09-07 18:51:15,509 [INFO] IPUIPlugin:80 - create IPUIPlugin
2025-09-07 18:51:15,517 [INFO] IPUIPlugin:80 - create IPUIPlugin
2025-09-07 18:51:15,518 [INFO] IPUIPlugin:80 - create IPUIPlugin
2025-09-07 18:51:15,519 [INFO] IPUIPlugin:80 - create IPUIPlugin
2025-09-07 18:51:15,519 [INFO] IPUIPlugin:80 - create IPUIPlugin
2025-09-07 18:51:15,521 [INFO] IPUIPlugin:80 - create IPUIPlugin
2025-09-07 18:51:15,522 [INFO] IPUIPlugin:80 - create IPUIPlugin
2025-09-07 18:51:15,523 [INFO] IPUIPlugin:80 - create IPUIPlugin
2025-09-07 18:51:15,525 [INFO] IPUIPlugin:80 - create IPUIPlugin
2025-09-07 18:51:15,526 [INFO] IPUIPlugin:80 - create IPUIPlugin
2025-09-07 18:51:15,526 [INFO] IPUIPlugin:80 - create IPUIPlugin
2025-09-07 18:51:15,527 [INFO] IPUIPlugin:80 - create IPUIPlugin
2025-09-07 18:51:15,530 [INFO] IPUIPlugin:80 - create IPUIPlugin
2025-09-07 18:51:15,532 [INFO] IPUIPlugin:80 - create IPUIPlugin
2025-09-07 18:51:15,535 [INFO] IPUIPlugin:80 - create IPUIPlugin
2025-09-07 18:51:15,537 [INFO] IPUIPlugin:80 - create IPUIPlugin
2025-09-07 18:51:15,538 [INFO] IPUIPlugin:80 - create IPUIPlugin
2025-09-07 18:51:15,539 [INFO] IPUIPlugin:80 - create IPUIPlugin
2025-09-07 18:51:15,539 [INFO] IPUIPlugin:80 - create IPUIPlugin
2025-09-07 18:51:15,542 [INFO] IPUIPlugin:80 - create IPUIPlugin
2025-09-07 18:51:15,543 [INFO] IPUIPlugin:80 - create IPUIPlugin
2025-09-07 18:51:15,544 [INFO] IPUIPlugin:80 - create IPUIPlugin
2025-09-07 18:51:15,545 [INFO] IPUIPlugin:80 - create IPUIPlugin
2025-09-07 18:51:15,546 [INFO] IPUIPlugin:80 - create IPUIPlugin
2025-09-07 18:51:15,548 [INFO] IPUIPlugin:80 - create IPUIPlugin
2025-09-07 18:51:15,550 [INFO] IPUIPlugin:80 - create IPUIPlugin
2025-09-07 18:51:15,551 [INFO] IPUIPlugin:80 - create IPUIPlugin
2025-09-07 18:51:15,553 [INFO] IPUIPlugin:80 - create IPUIPlugin
2025-09-07 18:51:15,554 [INFO] IPUIPlugin:80 - create IPUIPlugin
2025-09-07 18:51:15,554 [INFO] IPUIPlugin:80 - create IPUIPlugin
2025-09-07 18:51:15,556 [INFO] IPUIPlugin:80 - create IPUIPlugin
2025-09-07 18:51:15,560 [INFO] IPUIPlugin:80 - create IPUIPlugin
2025-09-07 18:51:15,561 [INFO] IPUIPlugin:80 - create IPUIPlugin
2025-09-07 18:51:15,563 [INFO] IPUIPlugin:80 - create IPUIPlugin
2025-09-07 18:51:15,564 [INFO] IPUIPlugin:80 - create IPUIPlugin
2025-09-07 18:51:15,566 [INFO] IPUIPlugin:80 - create IPUIPlugin
2025-09-07 18:51:15,567 [INFO] IPUIPlugin:80 - create IPUIPlugin
2025-09-07 18:51:15,568 [INFO] IPUIPlugin:80 - create IPUIPlugin
2025-09-07 18:51:16,324 [INFO] ApiDbMcu:532 - Load IP Config File for PDM2PCM
2025-09-07 18:51:17,634 [INFO] CADModel:165 - CPN selected for project levelSTM32F401RET6
2025-09-07 18:51:17,635 [INFO] CADModel:114 - Register for checkConnection events
2025-09-07 18:51:37,066 [INFO] OpenFileManager:386 - Restore cursor
2025-09-07 18:52:35,593 [INFO] UtilMem:75 - End SaveConfig() Used Memory: 587471616 Bytes (975175680)
2025-09-07 19:02:38,642 [INFO] Activator:176 - 


2025-09-07 19:02:38,645 [INFO] Activator:177 - !SESSION log4j initialized
2025-09-07 19:02:45,631 [INFO] ApplicationProperties:184 - Using Application install path: C:\ST\STM32CubeIDE_1.19.0\STM32CubeIDE\plugins\com.st.stm32cube.common.mx_6.15.0.202507011659
2025-09-07 19:02:45,715 [INFO] DbMcusXml:78 - Set database path to: C:\ST\STM32CubeIDE_1.19.0\STM32CubeIDE\plugins\com.st.stm32cube.common.mx_6.15.0.202507011659\\db\/mcu/
2025-09-07 19:02:45,715 [INFO] ApiDb:274 - Set plugin database path to: C:\ST\STM32CubeIDE_1.19.0\STM32CubeIDE\plugins\com.st.stm32cube.common.mx_6.15.0.202507011659\\db\/plugins/boardmanager/
2025-09-07 19:02:45,717 [WARN] ApiDb:259 - Overriding images path with different value:  => C:\ST\STM32CubeIDE_1.19.0\STM32CubeIDE\plugins\com.st.stm32cube.common.mx_6.15.0.202507011659\\db\/plugins/mcufinder/images/
2025-09-07 19:02:45,745 [INFO] ApiDb:250 - Set database path to: C:\Users\aksha\.stmcufinder\plugins\mcufinder//mcu/
2025-09-07 19:02:45,747 [INFO] DbMcusAds:125 - Set database path to: C:\Users\aksha\.stmcufinder\plugins\mcufinder//mcu/
2025-09-07 19:02:46,119 [INFO] CrossReferenceDbSqlite:203 - Set database path to: C:\Users\aksha\.stmcufinder\plugins\mcufinder//mcu/cs/
2025-09-07 19:02:46,467 [INFO] RulesReader:64 - Compatibility file has been processed (317 Rules)
2025-09-07 19:02:46,863 [INFO] DbMcusXml:78 - Set database path to: C:\ST\STM32CubeIDE_1.19.0\STM32CubeIDE\plugins\com.st.stm32cube.common.mx_6.15.0.202507011659\\db\/mcu/
2025-09-07 19:02:46,863 [INFO] ApiDb:274 - Set plugin database path to: C:\ST\STM32CubeIDE_1.19.0\STM32CubeIDE\plugins\com.st.stm32cube.common.mx_6.15.0.202507011659\\db\/plugins/boardmanager/
2025-09-07 19:02:46,863 [INFO] ApiDb:261 - Set plugin images path to: C:\ST\STM32CubeIDE_1.19.0\STM32CubeIDE\plugins\com.st.stm32cube.common.mx_6.15.0.202507011659\\db\/plugins/mcufinder/images/
2025-09-07 19:02:46,863 [WARN] DbFile:41 - Overriding database path with different value: C:\Users\aksha\.stmcufinder\plugins\mcufinder/ => C:\Users\aksha\.stmcufinder\plugins\mcufinder
2025-09-07 19:02:46,865 [INFO] ApiDb:250 - Set database path to: C:\Users\aksha\.stmcufinder\plugins\mcufinder//mcu/
2025-09-07 19:02:46,865 [WARN] DbFile:41 - Overriding database path with different value: C:\Users\aksha\.stmcufinder\plugins\mcufinder/ => C:\Users\aksha\.stmcufinder\plugins\mcufinder
2025-09-07 19:02:46,865 [INFO] DbMcusAds:125 - Set database path to: C:\Users\aksha\.stmcufinder\plugins\mcufinder//mcu/
2025-09-07 19:02:46,865 [WARN] DbFile:41 - Overriding database path with different value: C:\Users\aksha\.stmcufinder\plugins\mcufinder/ => C:\Users\aksha\.stmcufinder\plugins\mcufinder
2025-09-07 19:02:46,865 [WARN] DbFile:41 - Overriding database path with different value: C:\Users\aksha\.stmcufinder\plugins\mcufinder/ => C:\Users\aksha\.stmcufinder\plugins\mcufinder
2025-09-07 19:02:46,867 [INFO] CrossReferenceDbSqlite:203 - Set database path to: C:\Users\aksha\.stmcufinder\plugins\mcufinder//mcu/cs/
2025-09-07 19:02:47,146 [INFO] MainPanel:274 - HeapMemory: 268435456
2025-09-07 19:02:47,525 [INFO] DbMcusXml:78 - Set database path to: C:\ST\STM32CubeIDE_1.19.0\STM32CubeIDE\plugins\com.st.stm32cube.common.mx_6.15.0.202507011659\\db\/mcu/
2025-09-07 19:02:47,525 [INFO] ApiDb:274 - Set plugin database path to: C:\ST\STM32CubeIDE_1.19.0\STM32CubeIDE\plugins\com.st.stm32cube.common.mx_6.15.0.202507011659\\db\/plugins/boardmanager/
2025-09-07 19:02:47,525 [INFO] ApiDb:261 - Set plugin images path to: C:\ST\STM32CubeIDE_1.19.0\STM32CubeIDE\plugins\com.st.stm32cube.common.mx_6.15.0.202507011659\\db\/plugins/mcufinder/images/
2025-09-07 19:02:47,527 [WARN] DbFile:41 - Overriding database path with different value: C:\Users\aksha\.stmcufinder\plugins\mcufinder/ => C:\Users\aksha\.stmcufinder\plugins\mcufinder
2025-09-07 19:02:47,527 [INFO] ApiDb:250 - Set database path to: C:\Users\aksha\.stmcufinder\plugins\mcufinder//mcu/
2025-09-07 19:02:47,527 [WARN] DbFile:41 - Overriding database path with different value: C:\Users\aksha\.stmcufinder\plugins\mcufinder/ => C:\Users\aksha\.stmcufinder\plugins\mcufinder
2025-09-07 19:02:47,529 [INFO] DbMcusAds:125 - Set database path to: C:\Users\aksha\.stmcufinder\plugins\mcufinder//mcu/
2025-09-07 19:02:47,529 [WARN] DbFile:41 - Overriding database path with different value: C:\Users\aksha\.stmcufinder\plugins\mcufinder/ => C:\Users\aksha\.stmcufinder\plugins\mcufinder
2025-09-07 19:02:47,529 [WARN] DbFile:41 - Overriding database path with different value: C:\Users\aksha\.stmcufinder\plugins\mcufinder/ => C:\Users\aksha\.stmcufinder\plugins\mcufinder
2025-09-07 19:02:47,529 [INFO] CrossReferenceDbSqlite:203 - Set database path to: C:\Users\aksha\.stmcufinder\plugins\mcufinder//mcu/cs/
2025-09-07 19:02:47,584 [INFO] ApplicationProperties:184 - Using Application install path: C:\ST\STM32CubeIDE_1.19.0\STM32CubeIDE\plugins\com.st.stm32cube.common.mx_6.15.0.202507011659
2025-09-07 19:02:47,590 [INFO] PluginManage:196 - Search for loadable plugins [exclusion list=, ]
2025-09-07 19:02:47,590 [INFO] PluginManage:310 - Check plugin analytics
2025-09-07 19:02:48,534 [INFO] AnalyticsPlugin:253 - Accepted Software Licenses: 
2025-09-07 19:02:48,534 [INFO] AnalyticsPlugin:255 - Accepted CMSIS Pack Licenses: 
2025-09-07 19:02:48,534 [INFO] AnalyticsPlugin:257 - Accepted Firmware Licenses: 
2025-09-07 19:02:48,545 [INFO] PluginManage:359 - Loaded plugin analytics (category:tool,tabindex:-1)
2025-09-07 19:02:48,545 [INFO] PluginManage:310 - Check plugin cadmodel
2025-09-07 19:02:48,605 [INFO] CADModel:105 - Init CAD model plugin
2025-09-07 19:02:48,605 [INFO] PluginManage:359 - Loaded plugin cadmodel (category:power,tabindex:5)
2025-09-07 19:02:48,605 [INFO] PluginManage:310 - Check plugin clock
2025-09-07 19:02:48,698 [INFO] PluginManage:359 - Loaded plugin clock (category:base,tabindex:2)
2025-09-07 19:02:48,698 [INFO] PluginManage:310 - Check plugin ddr
2025-09-07 19:02:48,710 [INFO] PluginManage:359 - Loaded plugin ddr (category:tool,tabindex:6)
2025-09-07 19:02:48,710 [INFO] PluginManage:310 - Check plugin filemanager
2025-09-07 19:02:49,335 [INFO] PluginManage:359 - Loaded plugin filemanager (category:base,tabindex:10)
2025-09-07 19:02:49,335 [INFO] PluginManage:310 - Check plugin ipmanager
2025-09-07 19:02:49,375 [INFO] PluginManage:359 - Loaded plugin ipmanager (category:base,tabindex:5)
2025-09-07 19:02:49,375 [INFO] PluginManage:310 - Check plugin lpbam
2025-09-07 19:02:49,454 [INFO] PluginManage:359 - Loaded plugin lpbam (category:base,tabindex:0)
2025-09-07 19:02:49,456 [INFO] PluginManage:310 - Check plugin memorymap
2025-09-07 19:02:49,550 [INFO] PluginManage:359 - Loaded plugin memorymap (category:base,tabindex:4)
2025-09-07 19:02:49,554 [INFO] PluginManage:310 - Check plugin pinoutandconfiguration
2025-09-07 19:02:49,656 [INFO] PluginManage:359 - Loaded plugin pinoutandconfiguration (category:base,tabindex:1)
2025-09-07 19:02:49,658 [INFO] PluginManage:310 - Check plugin pinoutconfig
2025-09-07 19:02:49,953 [WARN] SupportedApi:132 - Cannot load RTOS API schema: s4s-elt-must-match.1: The content of 'definitions' must match (annotation?, (simpleType | complexType)?, (unique | key | keyref)*)). A problem was found starting at: attribute.
2025-09-07 19:02:50,385 [INFO] PluginManage:359 - Loaded plugin pinoutconfig (category:base,tabindex:0)
2025-09-07 19:02:50,385 [INFO] PluginManage:310 - Check plugin power
2025-09-07 19:02:50,467 [INFO] PluginManage:359 - Loaded plugin power (category:power,tabindex:4)
2025-09-07 19:02:50,467 [INFO] PluginManage:310 - Check plugin projectmanager
2025-09-07 19:02:50,536 [INFO] PluginManage:359 - Loaded plugin projectmanager (category:projectmanager,tabindex:4)
2025-09-07 19:02:50,538 [INFO] PluginManage:310 - Check plugin rif
2025-09-07 19:02:50,594 [INFO] PluginManage:359 - Loaded plugin rif (category:base,tabindex:3)
2025-09-07 19:02:50,596 [INFO] PluginManage:310 - Check plugin thirdparty
2025-09-07 19:02:51,347 [INFO] PluginManage:359 - Loaded plugin thirdparty (category:base,tabindex:-1)
2025-09-07 19:02:51,349 [INFO] PluginManage:310 - Check plugin tools
2025-09-07 19:02:51,347 [WARN] IntegrityCheckThread:84 - waiting for thirdparty lock release [integrity check]
2025-09-07 19:02:51,349 [INFO] IntegrityCheckThread:86 - entering critical section [integrity check]
2025-09-07 19:02:51,349 [INFO] ThirdPartyUpdaterWithRetryManager:70 - Updater plugin not ready yet. [1/15]
2025-09-07 19:02:51,465 [INFO] PluginManage:359 - Loaded plugin tools (category:base,tabindex:7)
2025-09-07 19:02:51,465 [INFO] PluginManage:310 - Check plugin tutovideos
2025-09-07 19:02:52,036 [INFO] PluginManage:359 - Loaded plugin tutovideos (category:base,tabindex:-1)
2025-09-07 19:02:52,036 [INFO] PluginManage:310 - Check plugin updater
2025-09-07 19:02:52,176 [INFO] PluginManage:359 - Loaded plugin updater (category:base,tabindex:12)
2025-09-07 19:02:52,176 [INFO] PluginManage:310 - Check plugin userauth
2025-09-07 19:02:52,188 [INFO] UserAuth:118 - Init User Auth plugin
2025-09-07 19:02:52,190 [INFO] PluginManage:359 - Loaded plugin userauth (category:base,tabindex:14)
2025-09-07 19:02:52,192 [INFO] PluginManage:283 - PluginManage : Loaded plugins [18]
2025-09-07 19:02:52,858 [INFO] PinOutPanel:1589 - setPackage(No Configuration,No Configuration)
2025-09-07 19:02:53,062 [INFO] CADModel:165 - CPN selected for project level
2025-09-07 19:02:53,062 [INFO] CADModel:114 - Register for checkConnection events
2025-09-07 19:02:53,130 [INFO] IPUIPlugin:80 - create IPUIPlugin
2025-09-07 19:02:53,130 [INFO] PluginManager:220 - loadIPPluginJar : add adc
2025-09-07 19:02:53,246 [INFO] IPUIPlugin:80 - create IPUIPlugin
2025-09-07 19:02:53,248 [INFO] PluginManager:220 - loadIPPluginJar : add aes
2025-09-07 19:02:53,390 [INFO] IPUIPlugin:80 - create IPUIPlugin
2025-09-07 19:02:53,390 [INFO] PluginManager:220 - loadIPPluginJar : add can
2025-09-07 19:02:53,461 [INFO] IPUIPlugin:80 - create IPUIPlugin
2025-09-07 19:02:53,461 [INFO] PluginManager:220 - loadIPPluginJar : add comp
2025-09-07 19:02:53,609 [INFO] IPUIPlugin:80 - create IPUIPlugin
2025-09-07 19:02:53,609 [INFO] PluginManager:220 - loadIPPluginJar : add cryp
2025-09-07 19:02:53,645 [INFO] IPUIPlugin:80 - create IPUIPlugin
2025-09-07 19:02:53,645 [INFO] PluginManager:220 - loadIPPluginJar : add ddr_ctrl_phy
2025-09-07 19:02:53,721 [INFO] IPUIPlugin:80 - create IPUIPlugin
2025-09-07 19:02:53,721 [INFO] PluginManager:220 - loadIPPluginJar : add dfsdm
2025-09-07 19:02:53,752 [INFO] IPUIPlugin:80 - create IPUIPlugin
2025-09-07 19:02:53,752 [INFO] PluginManager:220 - loadIPPluginJar : add dma
2025-09-07 19:02:53,834 [INFO] IPUIPlugin:80 - create IPUIPlugin
2025-09-07 19:02:53,834 [INFO] PluginManager:220 - loadIPPluginJar : add dma3
2025-09-07 19:02:53,956 [INFO] IPUIPlugin:80 - create IPUIPlugin
2025-09-07 19:02:53,956 [INFO] PluginManager:220 - loadIPPluginJar : add extmemmanager
2025-09-07 19:02:54,025 [INFO] IPUIPlugin:80 - create IPUIPlugin
2025-09-07 19:02:54,025 [INFO] PluginManager:220 - loadIPPluginJar : add fatfs
2025-09-07 19:02:54,177 [INFO] IPUIPlugin:80 - create IPUIPlugin
2025-09-07 19:02:54,177 [INFO] PluginManager:220 - loadIPPluginJar : add fmc
2025-09-07 19:02:54,216 [INFO] IPUIPlugin:80 - create IPUIPlugin
2025-09-07 19:02:54,216 [INFO] PluginManager:220 - loadIPPluginJar : add freertos
2025-09-07 19:02:54,273 [INFO] IPUIPlugin:80 - create IPUIPlugin
2025-09-07 19:02:54,275 [INFO] PluginManager:220 - loadIPPluginJar : add genericplugin
2025-09-07 19:02:54,352 [INFO] ThirdPartyUpdaterWithRetryManager:70 - Updater plugin not ready yet. [2/15]
2025-09-07 19:02:54,591 [INFO] IPUIPlugin:80 - create IPUIPlugin
2025-09-07 19:02:54,591 [INFO] PluginManager:220 - loadIPPluginJar : add gfxmmu
2025-09-07 19:02:54,989 [INFO] IPUIPlugin:80 - create IPUIPlugin
2025-09-07 19:02:54,989 [INFO] PluginManager:220 - loadIPPluginJar : add gic
2025-09-07 19:02:55,036 [INFO] IPUIPlugin:80 - create IPUIPlugin
2025-09-07 19:02:55,036 [INFO] PluginManager:220 - loadIPPluginJar : add gpio
2025-09-07 19:02:55,490 [INFO] IPUIPlugin:80 - create IPUIPlugin
2025-09-07 19:02:55,490 [INFO] PluginManager:220 - loadIPPluginJar : add gtzc
2025-09-07 19:02:55,831 [INFO] IPUIPlugin:80 - create IPUIPlugin
2025-09-07 19:02:55,831 [INFO] PluginManager:220 - loadIPPluginJar : add hash
2025-09-07 19:02:56,375 [INFO] IPUIPlugin:80 - create IPUIPlugin
2025-09-07 19:02:56,375 [INFO] PluginManager:220 - loadIPPluginJar : add i2c
2025-09-07 19:02:56,573 [INFO] IPUIPlugin:80 - create IPUIPlugin
2025-09-07 19:02:56,577 [INFO] PluginManager:220 - loadIPPluginJar : add i2s
2025-09-07 19:02:56,716 [INFO] IPUIPlugin:80 - create IPUIPlugin
2025-09-07 19:02:56,716 [INFO] PluginManager:220 - loadIPPluginJar : add i3c
2025-09-07 19:02:56,918 [INFO] IPUIPlugin:80 - create IPUIPlugin
2025-09-07 19:02:56,918 [INFO] PluginManager:220 - loadIPPluginJar : add ipddr
2025-09-07 19:02:57,172 [INFO] IPUIPlugin:80 - create IPUIPlugin
2025-09-07 19:02:57,174 [INFO] PluginManager:220 - loadIPPluginJar : add linkedlist
2025-09-07 19:02:57,285 [INFO] IPUIPlugin:80 - create IPUIPlugin
2025-09-07 19:02:57,287 [INFO] PluginManager:220 - loadIPPluginJar : add lorawan
2025-09-07 19:02:57,355 [INFO] ThirdPartyUpdaterWithRetryManager:70 - Updater plugin not ready yet. [3/15]
2025-09-07 19:02:57,398 [INFO] IPUIPlugin:80 - create IPUIPlugin
2025-09-07 19:02:57,398 [INFO] PluginManager:220 - loadIPPluginJar : add ltdc
2025-09-07 19:02:57,438 [INFO] IPUIPlugin:80 - create IPUIPlugin
2025-09-07 19:02:57,438 [INFO] PluginManager:220 - loadIPPluginJar : add mdma
2025-09-07 19:02:57,476 [INFO] IPUIPlugin:80 - create IPUIPlugin
2025-09-07 19:02:57,476 [INFO] PluginManager:220 - loadIPPluginJar : add nvic
2025-09-07 19:02:57,600 [INFO] IPUIPlugin:80 - create IPUIPlugin
2025-09-07 19:02:57,602 [INFO] PluginManager:220 - loadIPPluginJar : add opamp
2025-09-07 19:02:57,799 [INFO] IPUIPlugin:80 - create IPUIPlugin
2025-09-07 19:02:57,799 [INFO] PluginManager:220 - loadIPPluginJar : add openamp
2025-09-07 19:02:57,952 [INFO] IPUIPlugin:80 - create IPUIPlugin
2025-09-07 19:02:57,952 [INFO] PluginManager:220 - loadIPPluginJar : add pdm2pcm
2025-09-07 19:02:57,991 [INFO] IPUIPlugin:80 - create IPUIPlugin
2025-09-07 19:02:58,001 [INFO] PluginManager:220 - loadIPPluginJar : add plateformsettings
2025-09-07 19:02:58,082 [INFO] IPUIPlugin:80 - create IPUIPlugin
2025-09-07 19:02:58,084 [INFO] PluginManager:220 - loadIPPluginJar : add quadspi
2025-09-07 19:02:58,184 [INFO] IPUIPlugin:80 - create IPUIPlugin
2025-09-07 19:02:58,184 [INFO] PluginManager:220 - loadIPPluginJar : add radio
2025-09-07 19:02:58,235 [INFO] IPUIPlugin:80 - create IPUIPlugin
2025-09-07 19:02:58,235 [INFO] PluginManager:220 - loadIPPluginJar : add resmgrutility
2025-09-07 19:02:58,387 [INFO] IPUIPlugin:80 - create IPUIPlugin
2025-09-07 19:02:58,387 [INFO] PluginManager:220 - loadIPPluginJar : add sai
2025-09-07 19:02:58,516 [INFO] IPUIPlugin:80 - create IPUIPlugin
2025-09-07 19:02:58,516 [INFO] PluginManager:220 - loadIPPluginJar : add spi
2025-09-07 19:02:58,814 [INFO] IPUIPlugin:80 - create IPUIPlugin
2025-09-07 19:02:58,814 [INFO] PluginManager:220 - loadIPPluginJar : add stm32_wpan
2025-09-07 19:02:58,901 [INFO] IPUIPlugin:80 - create IPUIPlugin
2025-09-07 19:02:58,901 [INFO] PluginManager:220 - loadIPPluginJar : add tim
2025-09-07 19:02:59,109 [INFO] IPUIPlugin:80 - create IPUIPlugin
2025-09-07 19:02:59,109 [INFO] PluginManager:220 - loadIPPluginJar : add touchsensing
2025-09-07 19:02:59,195 [INFO] IPUIPlugin:80 - create IPUIPlugin
2025-09-07 19:02:59,195 [INFO] PluginManager:220 - loadIPPluginJar : add tracer_emb
2025-09-07 19:02:59,268 [INFO] IPUIPlugin:80 - create IPUIPlugin
2025-09-07 19:02:59,268 [INFO] PluginManager:220 - loadIPPluginJar : add ts
2025-09-07 19:02:59,347 [INFO] IPUIPlugin:80 - create IPUIPlugin
2025-09-07 19:02:59,347 [INFO] PluginManager:220 - loadIPPluginJar : add tsc
2025-09-07 19:02:59,408 [INFO] IPUIPlugin:80 - create IPUIPlugin
2025-09-07 19:02:59,408 [INFO] PluginManager:220 - loadIPPluginJar : add ucpd
2025-09-07 19:02:59,554 [INFO] IPUIPlugin:80 - create IPUIPlugin
2025-09-07 19:02:59,554 [INFO] PluginManager:220 - loadIPPluginJar : add usart
2025-09-07 19:02:59,699 [INFO] IPUIPlugin:80 - create IPUIPlugin
2025-09-07 19:02:59,699 [INFO] PluginManager:220 - loadIPPluginJar : add usbx
2025-09-07 19:03:00,003 [FATAL] Updater:351 - Updater called before beeing initialized
2025-09-07 19:03:00,109 [INFO] RulesReader:64 - Compatibility file has been processed (317 Rules)
2025-09-07 19:03:00,149 [INFO] RulesReader:64 - Compatibility file has been processed (317 Rules)
2025-09-07 19:03:00,167 [INFO] CADModel:165 - CPN selected for project level
2025-09-07 19:03:00,167 [INFO] CADModel:114 - Register for checkConnection events
2025-09-07 19:03:00,170 [FATAL] Updater:351 - Updater called before beeing initialized
2025-09-07 19:03:00,170 [ERROR] CADModel:125 - Updater not yet initialized, retry later 
2025-09-07 19:03:00,366 [INFO] ThirdPartyUpdaterWithRetryManager:70 - Updater plugin not ready yet. [4/15]
2025-09-07 19:03:00,569 [FATAL] Updater:351 - Updater called before beeing initialized
2025-09-07 19:03:00,583 [INFO] CADModel:165 - CPN selected for project level
2025-09-07 19:03:00,583 [INFO] CADModel:114 - Register for checkConnection events
2025-09-07 19:03:00,583 [FATAL] Updater:351 - Updater called before beeing initialized
2025-09-07 19:03:00,583 [ERROR] CADModel:125 - Updater not yet initialized, retry later 
2025-09-07 19:03:00,592 [FATAL] Updater:351 - Updater called before beeing initialized
2025-09-07 19:03:00,970 [FATAL] Updater:351 - Updater called before beeing initialized
2025-09-07 19:03:00,999 [INFO] DbMcusAds:53 - JSON generation date=Tue Jul 08 13:44:23 IST 2025 (1751962463582)
2025-09-07 19:03:00,999 [FATAL] Updater:351 - Updater called before beeing initialized
2025-09-07 19:03:01,089 [WARN] DetailPanel:346 - Failed to get advertising image, set to default
2025-09-07 19:03:01,362 [FATAL] Updater:351 - Updater called before beeing initialized
2025-09-07 19:03:01,367 [FATAL] Updater:351 - Updater called before beeing initialized
2025-09-07 19:03:01,367 [FATAL] Updater:351 - Updater called before beeing initialized
2025-09-07 19:03:01,367 [WARN] DetailPanel:346 - Failed to get advertising image, set to default
2025-09-07 19:03:01,372 [FATAL] Updater:351 - Updater called before beeing initialized
2025-09-07 19:03:01,596 [ERROR] Updater:1198 - MainUpdater not yet initialized. External WinMGr cannot be set.
2025-09-07 19:03:01,628 [INFO] Updater:1134 - Updater Version found : 6.15.0
2025-09-07 19:03:01,680 [INFO] ApplicationProperties:184 - Using Application install path: C:\ST\STM32CubeIDE_1.19.0\STM32CubeIDE\plugins\com.st.stm32cube.common.mx_6.15.0.202507011659
2025-09-07 19:03:03,330 [ERROR] LogOutputStream:75 - [STDERR_REDIRECT] Sep 07, 2025 7:03:03 PM java.util.prefs.WindowsPreferences <init>
2025-09-07 19:03:03,335 [ERROR] LogOutputStream:75 - [STDERR_REDIRECT] WARNING: Could not open/create prefs root node Software\JavaSoft\Prefs at root 0xffffffff80000002. Windows RegCreateKeyEx(...) returned error code 5.
2025-09-07 19:03:03,335 [ERROR] LogOutputStream:75 - [STDERR_REDIRECT] 
2025-09-07 19:03:03,379 [FATAL] Updater:351 - Updater called before beeing initialized
2025-09-07 19:03:03,383 [ERROR] IntegrityCheckThread:130 - Cannot retrieve database content from updater: error 21
2025-09-07 19:03:03,383 [INFO] ThirdParty:978 - Integrity check success = false
2025-09-07 19:03:03,385 [INFO] IntegrityCheckThread:100 - exiting critical section [integrity check]
2025-09-07 19:03:03,385 [INFO] IntegrityCheckThread:103 - End integrity checks thread
2025-09-07 19:03:04,401 [INFO] MainUpdater:2872 - connection check result : 10
2025-09-07 19:03:04,403 [INFO] MainUpdater:289 - Updater Check For Update Now.
2025-09-07 19:03:04,403 [INFO] MicroXplorer:498 - Change Database Version : DB.6.0.150
2025-09-07 19:03:05,063 [INFO] CheckServerUpdateThread:120 - End of CheckServer Thread
2025-09-07 19:03:05,140 [INFO] MainUpdater:2872 - connection check result : 10
2025-09-07 19:03:05,144 [INFO] MainUpdater:2872 - connection check result : 10
2025-09-07 19:03:05,453 [INFO] MicroXplorer:468 - Change Database Path : 
2025-09-07 19:03:05,456 [INFO] MicroXplorer:498 - Change Database Version : DB.6.0.150
2025-09-07 19:03:05,476 [WARN] ThirdParty:871 - waiting for thirdparty lock release [close project]
2025-09-07 19:03:05,476 [INFO] ThirdParty:873 - entering critical section [close project]
2025-09-07 19:03:05,481 [INFO] ThirdParty:883 - exiting critical section [close project]
2025-09-07 19:03:05,487 [INFO] PinOutPanel:1589 - setPackage(No Configuration,No Configuration)
2025-09-07 19:03:05,497 [INFO] UtilMem:75 - Begin LoadConfig() Used Memory: 200615760 Bytes (268435456)
2025-09-07 19:03:05,501 [INFO] MicroXplorer:468 - Change Database Path : 
2025-09-07 19:03:05,503 [INFO] MicroXplorer:498 - Change Database Version : DB.6.0.150
2025-09-07 19:03:05,503 [INFO] OpenFileManager:355 - Change cursor
2025-09-07 19:03:05,547 [WARN] IntegrityCheckThread:84 - waiting for thirdparty lock release [integrity check]
2025-09-07 19:03:05,547 [INFO] IntegrityCheckThread:86 - entering critical section [integrity check]
2025-09-07 19:03:06,833 [WARN] PackLoader:240 - Cannot read IP mode file for STMicroelectronics.FP-SNS-MOTENVWB1.1.4.0
2025-09-07 19:03:06,908 [WARN] PackLoader:240 - Cannot read IP mode file for STMicroelectronics.FP-ATR-ASTRA1.2.0.2
2025-09-07 19:03:06,940 [WARN] PackLoader:240 - Cannot read IP mode file for STMicroelectronics.X-CUBE-SMBUS.2.1.0
2025-09-07 19:03:06,988 [WARN] PackLoader:240 - Cannot read IP mode file for STMicroelectronics.X-CUBE-ST60.1.0.0
2025-09-07 19:03:07,305 [WARN] PackLoader:240 - Cannot read IP mode file for STMicroelectronics.X-CUBE-AZRTOS-F7.1.1.0
2025-09-07 19:03:07,498 [WARN] PackLoader:240 - Cannot read IP mode file for WES.I-CUBE-Cesium.1.4.0
2025-09-07 19:03:07,698 [WARN] PackLoader:240 - Cannot read IP mode file for Infineon.AIROC-Wi-Fi-Bluetooth-STM32.1.7.1
2025-09-07 19:03:08,134 [WARN] PackLoader:240 - Cannot read IP mode file for STMicroelectronics.X-CUBE-AZRTOS-H7.3.4.0
2025-09-07 19:03:08,164 [WARN] PackLoader:240 - Cannot read IP mode file for STMicroelectronics.X-CUBE-DISPLAY.3.0.0
2025-09-07 19:03:08,254 [WARN] PackLoader:240 - Cannot read IP mode file for STMicroelectronics.X-CUBE-NFC10.1.0.0
2025-09-07 19:03:08,272 [WARN] PackLoader:240 - Cannot read IP mode file for emotas.I-CUBE-CANOPEN.1.3.0
2025-09-07 19:03:08,287 [WARN] PackLoader:240 - Cannot read IP mode file for STMicroelectronics.FP-SNS-STBOX1.2.1.0
2025-09-07 19:03:08,309 [WARN] PackLoader:240 - Cannot read IP mode file for STMicroelectronics.FP-SNS-SMARTAG2.1.2.0
2025-09-07 19:03:08,324 [WARN] PackLoader:240 - Cannot read IP mode file for STMicroelectronics.FP-SNS-FLIGHT1.5.1.0
2025-09-07 19:03:08,388 [INFO] LogOutputStream:77 - [STDOUT_REDIRECT] 1 : Invalid condition id : UX_CORESTACK_Condition cause : null
2025-09-07 19:03:08,397 [INFO] LogOutputStream:77 - [STDOUT_REDIRECT] 1 : Invalid condition id : UX_CORESTACK_Condition cause : null
2025-09-07 19:03:08,403 [INFO] LogOutputStream:77 - [STDOUT_REDIRECT] 1 : Invalid condition id : UX_CORESTACK_Condition cause : null
2025-09-07 19:03:08,406 [INFO] LogOutputStream:77 - [STDOUT_REDIRECT] 1 : Invalid condition id : UX_CORESTACK_Condition cause : null
2025-09-07 19:03:08,415 [INFO] LogOutputStream:77 - [STDOUT_REDIRECT] 1 : Invalid condition id : UX_CORESTACK_Condition cause : null
2025-09-07 19:03:08,457 [WARN] PackLoader:240 - Cannot read IP mode file for STMicroelectronics.X-CUBE-AZRTOS-WL.2.0.0
2025-09-07 19:03:08,503 [WARN] PackLoader:240 - Cannot read IP mode file for STMicroelectronics.FP-SNS-MOTENV1.5.0.0
2025-09-07 19:03:08,527 [WARN] PackLoader:240 - Cannot read IP mode file for STMicroelectronics.X-CUBE-BLE2.3.3.0
2025-09-07 19:03:08,540 [WARN] PackLoader:240 - Cannot read IP mode file for STMicroelectronics.X-CUBE-NFC9.1.0.0
2025-09-07 19:03:08,558 [WARN] PackLoader:240 - Cannot read IP mode file for wolfSSL.I-CUBE-wolfSSL.5.8.2
2025-09-07 19:03:08,565 [WARN] PackLoader:240 - Cannot read IP mode file for STMicroelectronics.X-CUBE-BLE1.7.1.0
2025-09-07 19:03:08,571 [WARN] PackLoader:240 - Cannot read IP mode file for wolfSSL.I-CUBE-wolfMQTT.1.19.2
2025-09-07 19:03:08,587 [WARN] PackLoader:240 - Cannot read IP mode file for STMicroelectronics.X-CUBE-EEPRMA1.5.2.0
2025-09-07 19:03:08,622 [WARN] PackLoader:240 - Cannot read IP mode file for STMicroelectronics.X-CUBE-AZRTOS-G0.1.1.0
2025-09-07 19:03:08,640 [WARN] PackLoader:240 - Cannot read IP mode file for STMicroelectronics.X-CUBE-SAFEA1.1.2.2
2025-09-07 19:03:08,652 [WARN] PackLoader:240 - Cannot read IP mode file for STMicroelectronics.X-CUBE-NFC4.3.0.0
2025-09-07 19:03:08,672 [WARN] PackLoader:240 - Cannot read IP mode file for EmbeddedOffice.I-CUBE-FS-RTOS.1.0.1
2025-09-07 19:03:08,690 [WARN] PackLoader:240 - Cannot read IP mode file for STMicroelectronics.X-CUBE-WB05N.2.0.0
2025-09-07 19:03:08,698 [WARN] PackLoader:240 - Cannot read IP mode file for wolfSSL.I-CUBE-wolfTPM.3.8.0
2025-09-07 19:03:08,714 [WARN] PackLoader:240 - Cannot read IP mode file for STMicroelectronics.X-CUBE-TCPP.4.2.0
2025-09-07 19:03:08,725 [WARN] PackLoader:240 - Cannot read IP mode file for RealThread.X-CUBE-RT-Thread_Nano.4.1.1
2025-09-07 19:03:08,735 [WARN] PackLoader:240 - Cannot read IP mode file for STMicroelectronics.FP-ATR-SIGFOX1.3.2.0
2025-09-07 19:03:08,747 [WARN] PackLoader:240 - Cannot read IP mode file for ITTIA_DB.I-CUBE-ITTIADB.8.9.0
2025-09-07 19:03:08,758 [WARN] PackLoader:240 - Cannot read IP mode file for STMicroelectronics.X-CUBE-ST67W61.1.0.0
2025-09-07 19:03:08,768 [WARN] PackLoader:240 - Cannot read IP mode file for STMicroelectronics.X-CUBE-AI.10.2.0
2025-09-07 19:03:08,815 [WARN] PackLoader:240 - Cannot read IP mode file for SEGGER.I-CUBE-embOS.1.3.1
2025-09-07 19:03:08,892 [WARN] PackLoader:240 - Cannot read IP mode file for STMicroelectronics.X-CUBE-ALGOBUILD.1.4.0
2025-09-07 19:03:08,993 [WARN] PackLoader:240 - Cannot read IP mode file for STMicroelectronics.X-CUBE-MEMS1.11.3.0
2025-09-07 19:03:09,210 [WARN] PackLoader:240 - Cannot read IP mode file for STMicroelectronics.X-CUBE-PM33A1.1.0.0
2025-09-07 19:03:09,239 [WARN] PackLoader:240 - Cannot read IP mode file for STMicroelectronics.X-CUBE-AZRTOS-F4.1.1.0
2025-09-07 19:03:09,251 [WARN] PackLoader:240 - Cannot read IP mode file for Avnet-IotConnect.X-CUBE-IoTC-DA16k-PMOD.1.0.0
2025-09-07 19:03:09,256 [WARN] PackLoader:240 - Cannot read IP mode file for STMicroelectronics.X-CUBE-ISPU.2.1.0
2025-09-07 19:03:09,267 [WARN] PackLoader:240 - Cannot read IP mode file for STMicroelectronics.X-CUBE-NFC12.1.0.0
2025-09-07 19:03:09,292 [WARN] PackLoader:240 - Cannot read IP mode file for STMicroelectronics.X-CUBE-AZRTOS-L5.2.0.0
2025-09-07 19:03:09,306 [WARN] PackLoader:240 - Cannot read IP mode file for STMicroelectronics.X-CUBE-NFC6.3.1.0
2025-09-07 19:03:09,320 [WARN] PackLoader:240 - Cannot read IP mode file for STMicroelectronics.X-CUBE-FREERTOS.1.3.1
2025-09-07 19:03:09,328 [WARN] PackLoader:240 - Cannot read IP mode file for STMicroelectronics.FP-SNS-STAIOTCFT.1.0.0
2025-09-07 19:03:09,336 [WARN] PackLoader:240 - Cannot read IP mode file for STMicroelectronics.X-CUBE-DPower.1.3.0
2025-09-07 19:03:09,362 [WARN] ConditionMgr:438 - getConditionDescription Invalid condition id : LAN8742 Phy interface Condition cause : null
2025-09-07 19:03:09,364 [WARN] PackLoader:240 - Cannot read IP mode file for STMicroelectronics.X-CUBE-AZRTOS-L4.2.0.0
2025-09-07 19:03:09,364 [WARN] ConditionMgr:1044 - genDependencies : Invalid condition id : LAN8742 Phy interface Condition cause : null
2025-09-07 19:03:09,366 [WARN] ConditionMgr:1044 - genDependencies : Invalid condition id : LAN8742 Phy interface Condition cause : null
2025-09-07 19:03:09,366 [WARN] ConditionMgr:1044 - genDependencies : Invalid condition id : LAN8742 Phy interface Condition cause : null
2025-09-07 19:03:09,376 [WARN] PackLoader:240 - Cannot read IP mode file for STMicroelectronics.X-CUBE-SFXS2LP1.4.0.0
2025-09-07 19:03:09,401 [WARN] PackLoader:240 - Cannot read IP mode file for STMicroelectronics.X-CUBE-BLEMGR.4.1.0
2025-09-07 19:03:09,427 [WARN] ConditionMgr:438 - getConditionDescription Invalid condition id : UX DEVICE CLASS RTOS Condition cause : null
2025-09-07 19:03:09,427 [WARN] ConditionMgr:438 - getConditionDescription Invalid condition id : UX DEVICE CLASS RTOS Condition cause : null
2025-09-07 19:03:09,430 [WARN] PackLoader:240 - Cannot read IP mode file for STMicroelectronics.X-CUBE-AZRTOS-WB.2.0.0
2025-09-07 19:03:09,432 [WARN] ConditionMgr:1044 - genDependencies : Invalid condition id : UX DEVICE CLASS RTOS Condition cause : null
2025-09-07 19:03:09,432 [WARN] ConditionMgr:1044 - genDependencies : Invalid condition id : UX DEVICE CLASS RTOS Condition cause : null
2025-09-07 19:03:09,432 [WARN] ConditionMgr:1044 - genDependencies : Invalid condition id : UX DEVICE CLASS RTOS Condition cause : null
2025-09-07 19:03:09,432 [WARN] ConditionMgr:1044 - genDependencies : Invalid condition id : UX DEVICE CLASS RTOS Condition cause : null
2025-09-07 19:03:09,432 [WARN] ConditionMgr:1044 - genDependencies : Invalid condition id : UX DEVICE CLASS RTOS Condition cause : null
2025-09-07 19:03:09,441 [WARN] PackLoader:240 - Cannot read IP mode file for STMicroelectronics.X-CUBE-GNSS1.7.0.1
2025-09-07 19:03:09,450 [WARN] PackLoader:240 - Cannot read IP mode file for STMicroelectronics.X-CUBE-TOUCHGFX.4.25.0
2025-09-07 19:03:09,454 [WARN] ConditionMgr:438 - getConditionDescription Invalid condition id : Cortex-A Device cause : null
2025-09-07 19:03:09,483 [WARN] ConditionMgr:1044 - genDependencies : Invalid condition id : Cortex-A Device cause : null
2025-09-07 19:03:09,483 [WARN] ConditionMgr:1044 - genDependencies : Invalid condition id : Cortex-A Device cause : null
2025-09-07 19:03:09,483 [WARN] ConditionMgr:1044 - genDependencies : Invalid condition id : Cortex-A Device cause : null
2025-09-07 19:03:09,499 [WARN] PackLoader:240 - Cannot read IP mode file for STMicroelectronics.X-CUBE-SUBG2.5.0.0
2025-09-07 19:03:09,535 [WARN] PackLoader:240 - Cannot read IP mode file for STMicroelectronics.X-CUBE-AZRTOS-H7RS.1.1.0
2025-09-07 19:03:09,545 [WARN] PackLoader:240 - Cannot read IP mode file for Cesanta.I-CUBE-Mongoose.7.13.0
2025-09-07 19:03:09,565 [WARN] PackLoader:240 - Cannot read IP mode file for STMicroelectronics.X-CUBE-AZRTOS-G4.2.0.0
2025-09-07 19:03:09,724 [WARN] PackLoader:240 - Cannot read IP mode file for wolfSSL.I-CUBE-wolfSSH.1.4.20
2025-09-07 19:03:09,750 [WARN] PackLoader:240 - Cannot read IP mode file for STMicroelectronics.X-CUBE-NFC7.2.0.0
2025-09-07 19:03:09,828 [WARN] PackLoader:240 - Cannot read IP mode file for STMicroelectronics.X-CUBE-IPS.3.1.0
2025-09-07 19:03:09,845 [WARN] PackLoader:240 - Cannot read IP mode file for STMicroelectronics.X-CUBE-ALS.1.0.2
2025-09-07 19:03:09,853 [WARN] PackLoader:240 - Cannot read IP mode file for STMicroelectronics.X-CUBE-STSE01.1.0.0
2025-09-07 19:03:09,870 [WARN] PackLoader:240 - Cannot read IP mode file for STMicroelectronics.X-CUBE-TOF1.3.4.3
2025-09-07 19:03:09,894 [INFO] ThirdParty:978 - Integrity check success = true
2025-09-07 19:03:09,894 [INFO] IntegrityCheckThread:100 - exiting critical section [integrity check]
2025-09-07 19:03:09,894 [INFO] IntegrityCheckThread:103 - End integrity checks thread
2025-09-07 19:03:09,951 [INFO] Mcu:2029 - Initializing MCU STM32F401R(D-E)Tx STM32F401RETx STM32F401RET6
2025-09-07 19:03:12,936 [INFO] Context:786 - Trying to add GPIOservice into a context  which must be forbidden
2025-09-07 19:03:13,490 [INFO] ImportTextPane:234 - (OptionalMessage_ERROR) Pin11 (VP_RIF_VS_RIF1) cannot be retrieved for this MCU
2025-09-07 19:03:13,612 [INFO] RtosManager:558 - Registered RTOS mode: class=CMSIS, group=RTOS, mode=CMSIS_V1, owner=FREERTOS
2025-09-07 19:03:13,612 [INFO] RtosManager:558 - Registered RTOS mode: class=CMSIS, group=RTOS2, mode=CMSIS_V2, owner=FREERTOS
2025-09-07 19:03:13,612 [INFO] RtosManager:558 - Registered RTOS mode: class=RTOS, group=Core, mode=CMSIS_V1, owner=FREERTOS
2025-09-07 19:03:13,612 [INFO] RtosManager:558 - Registered RTOS mode: class=RTOS, group=Core, mode=CMSIS_V2, owner=FREERTOS
2025-09-07 19:03:13,612 [WARN] ModelIntegratedComponent:184 - Missing modes for component STMicroelectronics:FreeRTOS:0.0.1:STMicroelectronics:RTOS:FreeRTOS:Core:::10.2.0:
2025-09-07 19:03:13,654 [WARN] ModelIntegratedComponent:63 - No mode defined for component null
2025-09-07 19:03:13,656 [WARN] ModelIntegratedComponent:63 - No mode defined for component null
2025-09-07 19:03:13,656 [WARN] ModelIntegratedComponent:63 - No mode defined for component null
2025-09-07 19:03:13,656 [WARN] ModelIntegratedComponent:63 - No mode defined for component null
2025-09-07 19:03:13,656 [WARN] ModelIntegratedComponent:63 - No mode defined for component null
2025-09-07 19:03:13,656 [WARN] ModelIntegratedComponent:63 - No mode defined for component null
2025-09-07 19:03:13,656 [WARN] ModelIntegratedComponent:63 - No mode defined for component null
2025-09-07 19:03:13,656 [WARN] ModelIntegratedComponent:63 - No mode defined for component null
2025-09-07 19:03:13,656 [WARN] ModelIntegratedComponent:63 - No mode defined for component null
2025-09-07 19:03:13,656 [WARN] ModelIntegratedComponent:63 - No mode defined for component null
2025-09-07 19:03:13,656 [WARN] ModelIntegratedComponent:63 - No mode defined for component null
2025-09-07 19:03:13,656 [WARN] ModelIntegratedComponent:63 - No mode defined for component null
2025-09-07 19:03:13,658 [WARN] ModelIntegratedComponent:63 - No mode defined for component null
2025-09-07 19:03:13,658 [WARN] ModelIntegratedComponent:63 - No mode defined for component null
2025-09-07 19:03:13,658 [WARN] ModelIntegratedComponent:63 - No mode defined for component null
2025-09-07 19:03:13,658 [WARN] ModelIntegratedComponent:63 - No mode defined for component null
2025-09-07 19:03:13,658 [WARN] ModelIntegratedComponent:63 - No mode defined for component null
2025-09-07 19:03:13,658 [WARN] ModelIntegratedComponent:63 - No mode defined for component null
2025-09-07 19:03:13,658 [WARN] ModelIntegratedComponent:63 - No mode defined for component null
2025-09-07 19:03:13,658 [WARN] ModelIntegratedComponent:63 - No mode defined for component null
2025-09-07 19:03:13,658 [WARN] ModelIntegratedComponent:63 - No mode defined for component null
2025-09-07 19:03:13,658 [WARN] ModelIntegratedComponent:63 - No mode defined for component null
2025-09-07 19:03:13,658 [WARN] ModelIntegratedComponent:63 - No mode defined for component null
2025-09-07 19:03:13,658 [WARN] ModelIntegratedComponent:63 - No mode defined for component null
2025-09-07 19:03:13,658 [WARN] ModelIntegratedComponent:63 - No mode defined for component null
2025-09-07 19:03:13,658 [WARN] ModelIntegratedComponent:63 - No mode defined for component null
2025-09-07 19:03:13,658 [WARN] ModelIntegratedComponent:63 - No mode defined for component null
2025-09-07 19:03:13,658 [WARN] ModelIntegratedComponent:63 - No mode defined for component null
2025-09-07 19:03:13,658 [WARN] ModelIntegratedComponent:63 - No mode defined for component null
2025-09-07 19:03:13,658 [WARN] ModelIntegratedComponent:63 - No mode defined for component null
2025-09-07 19:03:13,658 [WARN] ModelIntegratedComponent:63 - No mode defined for component null
2025-09-07 19:03:13,658 [WARN] ModelIntegratedComponent:63 - No mode defined for component null
2025-09-07 19:03:13,658 [WARN] ModelIntegratedComponent:63 - No mode defined for component null
2025-09-07 19:03:13,658 [WARN] ModelIntegratedComponent:63 - No mode defined for component null
2025-09-07 19:03:13,658 [WARN] ModelIntegratedComponent:63 - No mode defined for component null
2025-09-07 19:03:13,658 [WARN] ModelPack:524 - Component already loaded: STMicroelectronics:HAL Drivers:0.0.0:STMicroelectronics:Device:STMicro_Driver:XSPI:HAL::0.0.1:HAL_XSPI
2025-09-07 19:03:14,282 [INFO] ThirdPartyModel:298 - Start build external matchings
2025-09-07 19:03:14,804 [INFO] ThirdPartyModel:316 - End build external matchings
2025-09-07 19:03:15,534 [INFO] ApiDb:581 - Connected to CubeFinder SQLite database (C:\Users\aksha\.stmcufinder\plugins\mcufinder\mcu\cube-finder-db.db)
2025-09-07 19:03:15,678 [INFO] ApiDb:668 - CubeFinder database Data Model version=2.1
2025-09-07 19:03:15,678 [INFO] ApiDb:669 - CubeFinder database Configuration version=3.0.39
2025-09-07 19:03:15,678 [INFO] ApiDb:670 - CubeFinder database generation date=2025-07-24 (1753349077)
2025-09-07 19:03:15,678 [INFO] ApiDb:671 - CubeFinder database FW Pack versions=[FP-ATR-ASTRA1_V2.0.0, FP-SNS-FLIGHT1_V5.1.0, FP-SNS-MOTENV1_V5.0.0, FP-SNS-MOTENVWB1_V1.4.0, FP-SNS-SMARTAG2_V1.2.0, FP-SNS-STBOX1_V2.0.0, STM32Cube_FW_C0_V1.4.0, STM32Cube_FW_F4_V1.28.2, STM32Cube_FW_F7_V1.17.3, STM32Cube_FW_G0_V1.6.2, STM32Cube_FW_G4_V1.6.1, STM32Cube_FW_H5_V1.5.0, STM32Cube_FW_H7RS_V1.2.0, STM32Cube_FW_H7_V1.12.1, STM32Cube_FW_L0_V1.12.2, STM32Cube_FW_L4_V1.18.1, STM32Cube_FW_L5_V1.5.1, STM32Cube_FW_N6_V1.2.0, STM32Cube_FW_U0_V1.3.0, STM32Cube_FW_U3_V1.2.0, STM32Cube_FW_U5_V1.8.0, STM32Cube_FW_WB0_V1.3.0, STM32Cube_FW_WBA_V1.7.0, STM32Cube_FW_WB_V1.23.0, STM32Cube_FW_WL3_V1.2.0, STM32Cube_FW_WL_V1.3.1, X-CUBE-ALGOBUILD_V1.4.0, X-CUBE-ALS_V1.0.2, X-CUBE-AZRTOS-F4_V1.1.0, X-CUBE-AZRTOS-F7_V1.1.0, X-CUBE-AZRTOS-G0_V1.1.0, X-CUBE-AZRTOS-G4_V2.0.0, X-CUBE-AZRTOS-H7RS_V1.1.0, X-CUBE-AZRTOS-H7_V3.4.0, X-CUBE-AZRTOS-L4_V2.0.0, X-CUBE-AZRTOS-L5_V2.0.0, X-CUBE-AZRTOS-WB_V2.0.0, X-CUBE-AZRTOS-WL_V2.0.0, X-CUBE-BLE1_V7.1.0, X-CUBE-BLE2_V3.3.0, X-CUBE-BLEMGR_V4.1.0, X-CUBE-EEPRMA1_V5.2.0, X-CUBE-FREERTOS_V1.3.1, X-CUBE-GNSS1_V6.0.0, X-CUBE-MEMS1_V11.3.0, X-CUBE-NFC4_V3.0.0, X-CUBE-NFC7_V2.0.0, X-CUBE-SFXS2LP1_V4.0.0, X-CUBE-ST67W61_V1.0.0, X-CUBE-SUBG2_V5.0.0, X-CUBE-TOF1_V3.4.3]
2025-09-07 19:03:15,869 [INFO] DbBoardsSqlite:226 - include board P-NUCLEO-WB55-NUCLEO as a kit item of type 'Nucleo-64'
2025-09-07 19:03:15,870 [INFO] DbBoardsSqlite:226 - include board P-NUCLEO-WB55-USBDONGLE as a kit item of type 'Nucleo USB Dongle'
2025-09-07 19:03:15,870 [INFO] DbBoardsSqlite:226 - include board STEVAL-IDP005V1 as a kit item of type 'Evaluation Board'
2025-09-07 19:03:15,870 [INFO] DbBoardsSqlite:226 - include board STEVAL-IDP005V2 as a kit item of type 'Evaluation Board'
2025-09-07 19:03:16,400 [INFO] ApiDb:240 - Found 880 in-development CPN: [B-G473E-ZEST1S, B-WB1M-WPAN1, B-WBA5M-WPAN, B-WL5M-SUBG1, NUCLEO-C031C6, NUCLEO-C051C8, NUCLEO-C071RB, NUCLEO-C092RC, NUCLEO-H503RB, NUCLEO-H533RE, NUCLEO-H563ZI, NUCLEO-H7S3L8, NUCLEO-N657X0-Q, NUCLEO-U031R8, NUCLEO-U083RC, NUCLEO-U385RG-Q, NUCLEO-U545RE-Q, NUCLEO-U5A5ZJ-Q, NUCLEO-WB05KZ, NUCLEO-WB07CC, NUCLEO-WB09KE, NUCLEO-WBA52CG, NUCLEO-WBA55CG, NUCLEO-WL33CC1, NUCLEO-WL33CC2, STEVAL-PROTEUS1, STEVAL-SMARTAG2, STEVAL-STWINBX1, STM320518-EVAL, STM32C0116-DK, STM32C011D6Y3TR, STM32C011D6Y6TR, STM32C011F4P3, STM32C011F4P6, STM32C011F4U3, STM32C011F4U6TR, STM32C011F6P3, STM32C011F6P6, STM32C011F6U3, STM32C011F6U6TR, STM32C011J4M3, STM32C011J4M6, STM32C011J6M3, STM32C011J6M6, STM32C0316-DK, STM32C031C4T3, STM32C031C4T6, STM32C031C4U3, STM32C031C4U6, STM32C031C6T3, STM32C031C6T6, STM32C031C6U3, STM32C031C6U6, STM32C031F4P3, STM32C031F4P6, STM32C031F6P3, STM32C031F6P6, STM32C031G4U3, STM32C031G4U6, STM32C031G6U3, STM32C031G6U6, STM32C031K4T3, STM32C031K4T6, STM32C031K4U3, STM32C031K4U6, STM32C031K6T3, STM32C031K6T6, STM32C031K6U3, STM32C031K6U6, STM32C051C6T6, STM32C051C6U6, STM32C051C8T6, STM32C051C8U6, STM32C051D8Y6TR, STM32C051F6P6, STM32C051F8P6, STM32C051G6U6, STM32C051G8U6, STM32C051K6T6, STM32C051K6U6, STM32C051K8T6, STM32C071C8T6, STM32C071C8T6N, STM32C071C8U6, STM32C071C8U6N, STM32C071CBT6, STM32C071CBT6N, STM32C071CBU6, STM32C071CBU6N, STM32C071F8P6, STM32C071F8P6N, STM32C071FBP6, STM32C071FBP6N, STM32C071FBY6TR, STM32C071G8U6, STM32C071G8U6N, STM32C071GBU6, STM32C071GBU6N, STM32C071K8T6, STM32C071K8T6N, STM32C071K8U6, STM32C071K8U6N, STM32C071KBT6, STM32C071KBT6N, STM32C071KBU6, STM32C071KBU6N, STM32C071R8T6, STM32C071R8T6N, STM32C071RBI6N, STM32C071RBT6, STM32C071RBT6N, STM32C091CBT6, STM32C091CBU6, STM32C091CCT6, STM32C091CCU6, STM32C091ECY6TR, STM32C091FBP6, STM32C091FCP6, STM32C091GBU6, STM32C091GCU6, STM32C091KBT6, STM32C091KBU6, STM32C091KCT6, STM32C091KCU6, STM32C091RBT6, STM32C091RCI6, STM32C091RCT6, STM32C092CBT6, STM32C092CBU6, STM32C092CCT6, STM32C092CCU6, STM32C092ECY6TR, STM32C092FBP6, STM32C092FCP6, STM32C092GBU6, STM32C092GCU6, STM32C092KBT6, STM32C092KBU6, STM32C092KCT6, STM32C092KCU6, STM32C092RBT6, STM32C092RCI6, STM32C092RCT6, STM32G071K8TXN, STM32G071K8UXN, STM32G081GBU6N, STM32G081KBT6N, STM32G081KBUXN, STM32G0B1CCT6N, STM32G0B1KCT6, STM32G0B1NEY6TR, STM32G0B1RCT6N, STM32G0C1CCT6, STM32G0C1CCT6N, STM32G0C1CCU6N, STM32G0C1CET6N, STM32G0C1CEU6N, STM32G0C1KCT6, STM32G0C1NEY6TR, STM32G0C1RCI6N, STM32G0C1RCT6N, STM32G0C1REI6N, STM32G0C1RET6N, STM32G0C1VCI6, STM32G0C1VEI6, STM32G411C6T3, STM32G411C6T6, STM32G411C6U3, STM32G411C6U6, STM32G411C8T3, STM32G411C8T6, STM32G411C8U3, STM32G411C8U6, STM32G411CBT3, STM32G411CBT6, STM32G411CBU3, STM32G411CBU6, STM32G411K6T3, STM32G411K6T6, STM32G411K6U3, STM32G411K6U6, STM32G411K8T3, STM32G411K8T6, STM32G411K8U3, STM32G411K8U6, STM32G411KBT3, STM32G411KBT6, STM32G411KBU3, STM32G411KBU6, STM32G411M6T3, STM32G411M6T6, STM32G411M8T3, STM32G411M8T6, STM32G411MBT3, STM32G411MBT6, STM32G411R6T3, STM32G411R6T6, STM32G411R8T3, STM32G411R8T6, STM32G411RBT3, STM32G411RBT6, STM32G414CBT3, STM32G414CBT6, STM32G414CBU3, STM32G414CBU6, STM32G414CCT3, STM32G414CCT6, STM32G414CCU3, STM32G414CCU6, STM32G414MBT3, STM32G414MBT6, STM32G414MCT3, STM32G414MCT6, STM32G414RBT3, STM32G414RBT6, STM32G414RCT3, STM32G414RCT6, STM32G414VBT3, STM32G414VBT6, STM32G414VCT3, STM32G414VCT6, STM32G431CBT3Z, STM32G431RBT3Z, STM32G471CCT6, STM32G471CCU6, STM32G471CET3, STM32G471CET6, STM32G471CEU3, STM32G471CEU6, STM32G471MCT6, STM32G471MET3, STM32G471MET6, STM32G471MEY6TR, STM32G471QCT6, STM32G471QET3, STM32G471RCT6, STM32G471RET3, STM32G471RET6, STM32G471VCH6, STM32G471VCI6, STM32G471VCT6, STM32G471VEH3, STM32G471VEH6, STM32G471VEI3, STM32G471VEI6, STM32G471VET3, STM32G471VET6, STM32G473QET3Z, STM32G473RET3Z, STM32G474CCT6, STM32G491RET3Z, STM32H503CBT6, STM32H503CBU6, STM32H503EBY6TR, STM32H503KBU6, STM32H503RBT6, STM32H523CCT6, STM32H523CCU6, STM32H523CET6, STM32H523CEU6, STM32H523HEY6TR, STM32H523RCT6, STM32H523RET6, STM32H523VCI6, STM32H523VCT6, STM32H523VEI6, STM32H523VET6, STM32H523ZCJ6, STM32H523ZCT6, STM32H523ZEJ6, STM32H523ZET6, STM32H533CET6, STM32H533CEU6, STM32H533HEY6TR, STM32H533RET6, STM32H533VEI6, STM32H533VET6, STM32H533ZEJ6, STM32H533ZET6, STM32H562AGI6, STM32H562AII6, STM32H562IGK6, STM32H562IGT6, STM32H562IIK6, STM32H562IIT6, STM32H562RGT6, STM32H562RGV6, STM32H562RIT6, STM32H562RIV6, STM32H562VGT6, STM32H562VIT6, STM32H562ZGT6, STM32H562ZIT6, STM32H563AGI6, STM32H563AII3Q, STM32H563AII6, STM32H563IGK6, STM32H563IGT6, STM32H563IIK3Q, STM32H563IIK6, STM32H563IIT3Q, STM32H563IIT6, STM32H563MIY3QTR, STM32H563RGT6, STM32H563RGV6, STM32H563RIT6, STM32H563RIV6, STM32H563VGT6, STM32H563VIT3Q, STM32H563VIT6, STM32H563ZGT6, STM32H563ZIT3Q, STM32H563ZIT6, STM32H573AII3Q, STM32H573AII6, STM32H573I-DK, STM32H573IIK3Q, STM32H573IIK6, STM32H573IIT3Q, STM32H573IIT6, STM32H573MIY3QTR, STM32H573RIT6, STM32H573RIV6, STM32H573VIT3Q, STM32H573VIT6, STM32H573ZIT3Q, STM32H573ZIT6, STM32H7R3A8I6, STM32H7R3I8K6, STM32H7R3I8T6, STM32H7R3L8H6, STM32H7R3L8H6H, STM32H7R3R8V6, STM32H7R3V8H6, STM32H7R3V8T6, STM32H7R3V8Y6TR, STM32H7R3Z8J6, STM32H7R3Z8T6, STM32H7R7A8I6, STM32H7R7I8K6, STM32H7R7I8T6, STM32H7R7L8H6, STM32H7R7L8H6H, STM32H7R7Z8J6, STM32H7S3A8I6, STM32H7S3I8K6, STM32H7S3I8T6, STM32H7S3L8H6, STM32H7S3L8H6H, STM32H7S3R8V6, STM32H7S3V8H6, STM32H7S3V8T6, STM32H7S3V8Y6TR, STM32H7S3Z8J6, STM32H7S3Z8T6, STM32H7S78-DK, STM32H7S7A8I6, STM32H7S7I8K6, STM32H7S7I8T6, STM32H7S7L8H6, STM32H7S7L8H6H, STM32H7S7Z8J6, STM32L4R5QGI6STR, STM32MP131AAE3, STM32MP131AAF3, STM32MP131AAG3, STM32MP131CAE3, STM32MP131CAF3, STM32MP131CAG3, STM32MP131DAE7, STM32MP131DAF7, STM32MP131DAG7, STM32MP131FAE7, STM32MP131FAF7, STM32MP131FAG7, STM32MP133AAE3, STM32MP133AAF3, STM32MP133AAG3, STM32MP133CAE3, STM32MP133CAF3, STM32MP133CAG3, STM32MP133DAE7, STM32MP133DAF7, STM32MP133DAG7, STM32MP133FAE7, STM32MP133FAF7, STM32MP133FAG7, STM32MP135AAE3, STM32MP135AAF3, STM32MP135AAG3, STM32MP135CAE3, STM32MP135CAF3, STM32MP135CAG3, STM32MP135DAE7, STM32MP135DAF7, STM32MP135DAG7, STM32MP135F-DK, STM32MP135FAE7, STM32MP135FAF7, STM32MP135FAF7T, STM32MP135FAF7U, STM32MP135FAG7, STM32MP211AAL3, STM32MP211AAM3, STM32MP211AAN3, STM32MP211AAO3, STM32MP211CAL3, STM32MP211CAM3, STM32MP211CAN3, STM32MP211CAO3, STM32MP211DAL3, STM32MP211DAM3, STM32MP211DAN3, STM32MP211DAO3, STM32MP211FAL3, STM32MP211FAM3, STM32MP211FAN3, STM32MP211FAO3, STM32MP213AAL3, STM32MP213AAM3, STM32MP213AAN3, STM32MP213AAO3, STM32MP213CAL3, STM32MP213CAM3, STM32MP213CAN3, STM32MP213CAO3, STM32MP213DAL3, STM32MP213DAM3, STM32MP213DAN3, STM32MP213DAO3, STM32MP213FAL3, STM32MP213FAM3, STM32MP213FAN3, STM32MP213FAO3, STM32MP215AAL3, STM32MP215AAM3, STM32MP215AAN3, STM32MP215AAO3, STM32MP215CAL3, STM32MP215CAM3, STM32MP215CAN3, STM32MP215CAO3, STM32MP215DAL3, STM32MP215DAM3, STM32MP215DAN3, STM32MP215DAO3, STM32MP215F-DK, STM32MP215FAL3, STM32MP215FAM3, STM32MP215FAN3, STM32MP215FAO3, STM32MP231AAJ3, STM32MP231AAK3, STM32MP231AAL3, STM32MP231CAJ3, STM32MP231CAK3, STM32MP231CAL3, STM32MP231DAJ3, STM32MP231DAK3, STM32MP231DAL3, STM32MP231FAJ3, STM32MP231FAK3, STM32MP231FAL3, STM32MP233AAJ3, STM32MP233AAK3, STM32MP233AAL3, STM32MP233CAJ3, STM32MP233CAK3, STM32MP233CAL3, STM32MP233DAJ3, STM32MP233DAK3, STM32MP233DAL3, STM32MP233FAJ3, STM32MP233FAK3, STM32MP233FAL3, STM32MP235AAJ3, STM32MP235AAK3, STM32MP235AAL3, STM32MP235CAJ3, STM32MP235CAK3, STM32MP235CAL3, STM32MP235DAJ3, STM32MP235DAK3, STM32MP235DAL3, STM32MP235FAJ3, STM32MP235FAK3, STM32MP235FAL3, STM32MP251AAI3, STM32MP251AAK3, STM32MP251AAL3, STM32MP251CAI3, STM32MP251CAK3, STM32MP251CAL3, STM32MP251DAI3, STM32MP251DAK3, STM32MP251DAL3, STM32MP251FAI3, STM32MP251FAK3, STM32MP251FAL3, STM32MP253AAI3, STM32MP253AAK3, STM32MP253AAL3, STM32MP253CAI3, STM32MP253CAK3, STM32MP253CAL3, STM32MP253DAI3, STM32MP253DAK3, STM32MP253DAL3, STM32MP253FAI3, STM32MP253FAK3, STM32MP253FAL3, STM32MP255AAI3, STM32MP255AAK3, STM32MP255AAL3, STM32MP255CAI3, STM32MP255CAK3, STM32MP255CAL3, STM32MP255DAI3, STM32MP255DAK3, STM32MP255DAL3, STM32MP255FAI3, STM32MP255FAK3, STM32MP255FAL3, STM32MP257AAI3, STM32MP257AAK3, STM32MP257AAL3, STM32MP257CAI3, STM32MP257CAK3, STM32MP257CAL3, STM32MP257DAI3, STM32MP257DAK3, STM32MP257DAL3, STM32MP257F-DK, STM32MP257F-EV1, STM32MP257FAI3, STM32MP257FAK3, STM32MP257FAL3, STM32N645A0H3Q, STM32N645B0H3Q, STM32N645I0H3Q, STM32N645L0H3Q, STM32N645X0H3Q, STM32N645Z0H3Q, STM32N647A0H3Q, STM32N647B0H3Q, STM32N647I0H3Q, STM32N647L0H3Q, STM32N647X0H3Q, STM32N647Z0H3Q, STM32N655A0H3Q, STM32N655B0H3Q, STM32N655I0H3Q, STM32N655L0H3Q, STM32N655X0H3Q, STM32N655Z0H3Q, STM32N6570-DK, STM32N657A0H3Q, STM32N657B0H3Q, STM32N657I0H3Q, STM32N657L0H3Q, STM32N657X0H3Q, STM32N657Z0H3Q, STM32U031C6T6, STM32U031C6U6, STM32U031C8T6, STM32U031C8U6, STM32U031F4P6, STM32U031F6P6, STM32U031F8P6, STM32U031G6Y6TR, STM32U031G8Y6TR, STM32U031K4U6, STM32U031K6U6, STM32U031K8U6, STM32U031R6I6, STM32U031R6T6, STM32U031R8I6, STM32U031R8T6, STM32U073C8T6, STM32U073C8U6, STM32U073CBT6, STM32U073CBU6, STM32U073CCT6, STM32U073CCU6, STM32U073H8Y6TR, STM32U073HBY6TR, STM32U073HCY6TR, STM32U073K8U6, STM32U073KBU6, STM32U073KCU6, STM32U073M8I6, STM32U073M8T6, STM32U073MBI6, STM32U073MBT6, STM32U073MCI6, STM32U073MCT6, STM32U073R8I6, STM32U073R8T6, STM32U073RBI6, STM32U073RBT6, STM32U073RCI6, STM32U073RCT6, STM32U083C-DK, STM32U083CCT6, STM32U083CCU6, STM32U083HCY6TR, STM32U083KCU6, STM32U083MCI6, STM32U083MCT6, STM32U083RCI6, STM32U083RCT6, STM32U375CET6, STM32U375CET6Q, STM32U375CEU6, STM32U375CEU6Q, STM32U375CEY6QTR, STM32U375CGT6, STM32U375CGT6Q, STM32U375CGU6, STM32U375CGU6Q, STM32U375CGY6QTR, STM32U375KEU6, STM32U375KGU6, STM32U375REI6, STM32U375REI6Q, STM32U375RET6, STM32U375RET6Q, STM32U375REY6GTR, STM32U375REY6QTR, STM32U375RGI6, STM32U375RGI6Q, STM32U375RGT6, STM32U375RGT6Q, STM32U375RGY6GTR, STM32U375RGY6QTR, STM32U375VEI6, STM32U375VEI6Q, STM32U375VET6, STM32U375VET6Q, STM32U375VGI6, STM32U375VGI6Q, STM32U375VGT6, STM32U375VGT6Q, STM32U385CGT6, STM32U385CGT6Q, STM32U385CGU6, STM32U385CGU6Q, STM32U385CGY6QTR, STM32U385KGU6, STM32U385RGI6, STM32U385RGI6Q, STM32U385RGT6, STM32U385RGT6Q, STM32U385RGY6GTR, STM32U385RGY6QTR, STM32U385VGI6, STM32U385VGI6Q, STM32U385VGT6, STM32U385VGT6Q, STM32U535CBT6, STM32U535CBT6Q, STM32U535CBU6, STM32U535CBU6Q, STM32U535CCT6, STM32U535CCT6Q, STM32U535CCU6, STM32U535CCU6Q, STM32U535CET6, STM32U535CET6Q, STM32U535CEU6, STM32U535CEU6Q, STM32U535JEY6QTR, STM32U535NCY6QTR, STM32U535NEY6QTR, STM32U535RBI6, STM32U535RBI6Q, STM32U535RBT6, STM32U535RBT6Q, STM32U535RCI6, STM32U535RCI6Q, STM32U535RCT6, STM32U535RCT6Q, STM32U535REI6, STM32U535REI6Q, STM32U535RET6, STM32U535RET6Q, STM32U535VCI6, STM32U535VCI6Q, STM32U535VCT6, STM32U535VCT6Q, STM32U535VEI6, STM32U535VEI6Q, STM32U535VET6, STM32U535VET6Q, STM32U545CET6, STM32U545CET6Q, STM32U545CEU6, STM32U545CEU6Q, STM32U545JEY6QTR, STM32U545NEY6QTR, STM32U545REI6, STM32U545REI6Q, STM32U545RET6, STM32U545RET6Q, STM32U545VEI6, STM32U545VEI6Q, STM32U545VET6, STM32U545VET6Q, STM32U595AIH6, STM32U595AIH6Q, STM32U595AJH6, STM32U595AJH6Q, STM32U595QII6, STM32U595QII6Q, STM32U595QJI6, STM32U595QJI6Q, STM32U595RIT6, STM32U595RIT6Q, STM32U595RJT6, STM32U595RJT6Q, STM32U595VIT6, STM32U595VIT6Q, STM32U595VJT6, STM32U595VJT6Q, STM32U595ZIT6, STM32U595ZIT6Q, STM32U595ZIY6QTR, STM32U595ZJT6, STM32U595ZJT6Q, STM32U595ZJY6QTR, STM32U599BJY6QTR, STM32U599NIH6Q, STM32U599NJH6Q, STM32U599VIT6Q, STM32U599VJT6, STM32U599VJT6Q, STM32U599ZIT6Q, STM32U599ZIY6QTR, STM32U599ZJT6Q, STM32U599ZJY6QTR, STM32U5A5AJH6, STM32U5A5AJH6Q, STM32U5A5QII3Q , STM32U5A5QJI6, STM32U5A5QJI6Q, STM32U5A5RJT6, STM32U5A5RJT6Q, STM32U5A5VJT6, STM32U5A5VJT6Q, STM32U5A5ZJT6, STM32U5A5ZJT6Q, STM32U5A5ZJY6QTR, STM32U5A9BJY6QTR, STM32U5A9J-DK, STM32U5A9NJH6Q, STM32U5A9VJT6Q, STM32U5A9ZJT6Q, STM32U5A9ZJY6QTR, STM32U5F7VIT6, STM32U5F7VIT6Q, STM32U5F7VJT6, STM32U5F7VJT6Q, STM32U5F9BJY6QTR, STM32U5F9NJH6Q, STM32U5F9VIT6Q, STM32U5F9VJT6Q, STM32U5F9ZIJ6QTR, STM32U5F9ZIT6Q, STM32U5F9ZJJ6QTR, STM32U5F9ZJT6Q, STM32U5G7VJT6, STM32U5G7VJT6Q, STM32U5G9BJY6QTR, STM32U5G9J-DK1, STM32U5G9J-DK2, STM32U5G9NJH6Q, STM32U5G9VJT6Q, STM32U5G9ZJJ6QTR, STM32U5G9ZJT6Q, STM32WB05KZV6TR, STM32WB05KZV7TR, STM32WB05TZF6TR, STM32WB05TZF7TR, STM32WB06CCF6TR, STM32WB06CCF7TR, STM32WB06CCV6TR, STM32WB06CCV7TR, STM32WB06KCV6TR, STM32WB06KCV7TR, STM32WB07CCF6TR, STM32WB07CCF7TR, STM32WB07CCV6TR, STM32WB07CCV7TR, STM32WB07KCV6TR, STM32WB07KCV7TR, STM32WB09KEV6TR, STM32WB09KEV7TR, STM32WB09TEF6TR, STM32WB09TEF7TR, STM32WB1MMCH6, STM32WBA50KGU6, STM32WBA50KGU6TR, STM32WBA52CEU6, STM32WBA52CEU6TR, STM32WBA52CEU7, STM32WBA52CEU7TR, STM32WBA52CGU6, STM32WBA52CGU6TR, STM32WBA52CGU6U, STM32WBA52CGU7, STM32WBA52CGU7TR, STM32WBA52KEU6, STM32WBA52KEU6TR, STM32WBA52KGU6, STM32WBA52KGU6TR, STM32WBA54CEU6, STM32WBA54CEU6TR, STM32WBA54CEU7, STM32WBA54CEU7TR, STM32WBA54CGU6, STM32WBA54CGU6TR, STM32WBA54CGU7, STM32WBA54CGU7TR, STM32WBA54KEU6, STM32WBA54KEU6TR, STM32WBA54KEU7, STM32WBA54KEU7TR, STM32WBA54KGU6, STM32WBA54KGU6TR, STM32WBA54KGU7, STM32WBA54KGU7TR, STM32WBA55CEU6, STM32WBA55CEU6TR, STM32WBA55CEU7, STM32WBA55CEU7TR, STM32WBA55CGU6, STM32WBA55CGU6TR, STM32WBA55CGU6U, STM32WBA55CGU7, STM32WBA55CGU7TR, STM32WBA55G-DK1, STM32WBA55HEF6, STM32WBA55HEF7, STM32WBA55HGF6, STM32WBA55HGF7, STM32WBA55UEI6, STM32WBA55UEI6TR, STM32WBA55UEI7, STM32WBA55UEI7TR, STM32WBA55UGI6, STM32WBA55UGI6TR, STM32WBA55UGI7, STM32WBA55UGI7TR, STM32WBA5MMGH6TR, STM32WBA62MGF6, STM32WBA62MIF6, STM32WBA65MGF7, STM32WBA65MIF6, STM32WBA65MIF7, STM32WL30K8V6, STM32WL30KBV6, STM32WL31C8V6, STM32WL31CBV6, STM32WL31K8V6, STM32WL31KBV6, STM32WL33C8V6, STM32WL33C8V6X, STM32WL33CBV6, STM32WL33CBV6X, STM32WL33CCV6, STM32WL33CCV6A, STM32WL33CCV6X, STM32WL33K8V7, STM32WL33K8V7X, STM32WL33KBV7 , STM32WL33KBV7X, STM32WL33KCV7, STM32WL33KCV7X, STM32WL5MOCH6, STM32WL5MOCH6TR]
2025-09-07 19:03:16,668 [INFO] BoardInfo:889 - No configuration file found for board P-NUCLEO-WB55
2025-09-07 19:03:16,670 [INFO] DbBoards:161 - Kit is not supported: P-NUCLEO-WB55
2025-09-07 19:03:16,680 [INFO] BoardInfo:889 - No configuration file found for board STEVAL-BFA001V1B
2025-09-07 19:03:16,680 [INFO] DbBoards:161 - Kit is not supported: STEVAL-BFA001V1B
2025-09-07 19:03:16,682 [INFO] BoardInfo:889 - No configuration file found for board STEVAL-BFA001V2B
2025-09-07 19:03:16,682 [INFO] DbBoards:161 - Kit is not supported: STEVAL-BFA001V2B
2025-09-07 19:03:16,992 [INFO] DbBoards:168 - Found 212 boards, 209 are supported
2025-09-07 19:03:16,992 [INFO] DbBoards:169 - Found 212 boards, 43 of them is supported for  Bsp
2025-09-07 19:03:17,000 [INFO] ApiDb:668 - CubeFinder database Data Model version=2.1
2025-09-07 19:03:17,000 [INFO] ApiDb:669 - CubeFinder database Configuration version=3.0.39
2025-09-07 19:03:17,000 [INFO] ApiDb:670 - CubeFinder database generation date=2025-07-24 (1753349077)
2025-09-07 19:03:17,003 [INFO] ApiDb:671 - CubeFinder database FW Pack versions=[FP-ATR-ASTRA1_V2.0.0, FP-SNS-FLIGHT1_V5.1.0, FP-SNS-MOTENV1_V5.0.0, FP-SNS-MOTENVWB1_V1.4.0, FP-SNS-SMARTAG2_V1.2.0, FP-SNS-STBOX1_V2.0.0, STM32Cube_FW_C0_V1.4.0, STM32Cube_FW_F4_V1.28.2, STM32Cube_FW_F7_V1.17.3, STM32Cube_FW_G0_V1.6.2, STM32Cube_FW_G4_V1.6.1, STM32Cube_FW_H5_V1.5.0, STM32Cube_FW_H7RS_V1.2.0, STM32Cube_FW_H7_V1.12.1, STM32Cube_FW_L0_V1.12.2, STM32Cube_FW_L4_V1.18.1, STM32Cube_FW_L5_V1.5.1, STM32Cube_FW_N6_V1.2.0, STM32Cube_FW_U0_V1.3.0, STM32Cube_FW_U3_V1.2.0, STM32Cube_FW_U5_V1.8.0, STM32Cube_FW_WB0_V1.3.0, STM32Cube_FW_WBA_V1.7.0, STM32Cube_FW_WB_V1.23.0, STM32Cube_FW_WL3_V1.2.0, STM32Cube_FW_WL_V1.3.1, X-CUBE-ALGOBUILD_V1.4.0, X-CUBE-ALS_V1.0.2, X-CUBE-AZRTOS-F4_V1.1.0, X-CUBE-AZRTOS-F7_V1.1.0, X-CUBE-AZRTOS-G0_V1.1.0, X-CUBE-AZRTOS-G4_V2.0.0, X-CUBE-AZRTOS-H7RS_V1.1.0, X-CUBE-AZRTOS-H7_V3.4.0, X-CUBE-AZRTOS-L4_V2.0.0, X-CUBE-AZRTOS-L5_V2.0.0, X-CUBE-AZRTOS-WB_V2.0.0, X-CUBE-AZRTOS-WL_V2.0.0, X-CUBE-BLE1_V7.1.0, X-CUBE-BLE2_V3.3.0, X-CUBE-BLEMGR_V4.1.0, X-CUBE-EEPRMA1_V5.2.0, X-CUBE-FREERTOS_V1.3.1, X-CUBE-GNSS1_V6.0.0, X-CUBE-MEMS1_V11.3.0, X-CUBE-NFC4_V3.0.0, X-CUBE-NFC7_V2.0.0, X-CUBE-SFXS2LP1_V4.0.0, X-CUBE-ST67W61_V1.0.0, X-CUBE-SUBG2_V5.0.0, X-CUBE-TOF1_V3.4.3]
2025-09-07 19:03:19,820 [INFO] ApiDb:240 - Found 880 in-development CPN: [B-G473E-ZEST1S, B-WB1M-WPAN1, B-WBA5M-WPAN, B-WL5M-SUBG1, NUCLEO-C031C6, NUCLEO-C051C8, NUCLEO-C071RB, NUCLEO-C092RC, NUCLEO-H503RB, NUCLEO-H533RE, NUCLEO-H563ZI, NUCLEO-H7S3L8, NUCLEO-N657X0-Q, NUCLEO-U031R8, NUCLEO-U083RC, NUCLEO-U385RG-Q, NUCLEO-U545RE-Q, NUCLEO-U5A5ZJ-Q, NUCLEO-WB05KZ, NUCLEO-WB07CC, NUCLEO-WB09KE, NUCLEO-WBA52CG, NUCLEO-WBA55CG, NUCLEO-WL33CC1, NUCLEO-WL33CC2, STEVAL-PROTEUS1, STEVAL-SMARTAG2, STEVAL-STWINBX1, STM320518-EVAL, STM32C0116-DK, STM32C011D6Y3TR, STM32C011D6Y6TR, STM32C011F4P3, STM32C011F4P6, STM32C011F4U3, STM32C011F4U6TR, STM32C011F6P3, STM32C011F6P6, STM32C011F6U3, STM32C011F6U6TR, STM32C011J4M3, STM32C011J4M6, STM32C011J6M3, STM32C011J6M6, STM32C0316-DK, STM32C031C4T3, STM32C031C4T6, STM32C031C4U3, STM32C031C4U6, STM32C031C6T3, STM32C031C6T6, STM32C031C6U3, STM32C031C6U6, STM32C031F4P3, STM32C031F4P6, STM32C031F6P3, STM32C031F6P6, STM32C031G4U3, STM32C031G4U6, STM32C031G6U3, STM32C031G6U6, STM32C031K4T3, STM32C031K4T6, STM32C031K4U3, STM32C031K4U6, STM32C031K6T3, STM32C031K6T6, STM32C031K6U3, STM32C031K6U6, STM32C051C6T6, STM32C051C6U6, STM32C051C8T6, STM32C051C8U6, STM32C051D8Y6TR, STM32C051F6P6, STM32C051F8P6, STM32C051G6U6, STM32C051G8U6, STM32C051K6T6, STM32C051K6U6, STM32C051K8T6, STM32C071C8T6, STM32C071C8T6N, STM32C071C8U6, STM32C071C8U6N, STM32C071CBT6, STM32C071CBT6N, STM32C071CBU6, STM32C071CBU6N, STM32C071F8P6, STM32C071F8P6N, STM32C071FBP6, STM32C071FBP6N, STM32C071FBY6TR, STM32C071G8U6, STM32C071G8U6N, STM32C071GBU6, STM32C071GBU6N, STM32C071K8T6, STM32C071K8T6N, STM32C071K8U6, STM32C071K8U6N, STM32C071KBT6, STM32C071KBT6N, STM32C071KBU6, STM32C071KBU6N, STM32C071R8T6, STM32C071R8T6N, STM32C071RBI6N, STM32C071RBT6, STM32C071RBT6N, STM32C091CBT6, STM32C091CBU6, STM32C091CCT6, STM32C091CCU6, STM32C091ECY6TR, STM32C091FBP6, STM32C091FCP6, STM32C091GBU6, STM32C091GCU6, STM32C091KBT6, STM32C091KBU6, STM32C091KCT6, STM32C091KCU6, STM32C091RBT6, STM32C091RCI6, STM32C091RCT6, STM32C092CBT6, STM32C092CBU6, STM32C092CCT6, STM32C092CCU6, STM32C092ECY6TR, STM32C092FBP6, STM32C092FCP6, STM32C092GBU6, STM32C092GCU6, STM32C092KBT6, STM32C092KBU6, STM32C092KCT6, STM32C092KCU6, STM32C092RBT6, STM32C092RCI6, STM32C092RCT6, STM32G071K8TXN, STM32G071K8UXN, STM32G081GBU6N, STM32G081KBT6N, STM32G081KBUXN, STM32G0B1CCT6N, STM32G0B1KCT6, STM32G0B1NEY6TR, STM32G0B1RCT6N, STM32G0C1CCT6, STM32G0C1CCT6N, STM32G0C1CCU6N, STM32G0C1CET6N, STM32G0C1CEU6N, STM32G0C1KCT6, STM32G0C1NEY6TR, STM32G0C1RCI6N, STM32G0C1RCT6N, STM32G0C1REI6N, STM32G0C1RET6N, STM32G0C1VCI6, STM32G0C1VEI6, STM32G411C6T3, STM32G411C6T6, STM32G411C6U3, STM32G411C6U6, STM32G411C8T3, STM32G411C8T6, STM32G411C8U3, STM32G411C8U6, STM32G411CBT3, STM32G411CBT6, STM32G411CBU3, STM32G411CBU6, STM32G411K6T3, STM32G411K6T6, STM32G411K6U3, STM32G411K6U6, STM32G411K8T3, STM32G411K8T6, STM32G411K8U3, STM32G411K8U6, STM32G411KBT3, STM32G411KBT6, STM32G411KBU3, STM32G411KBU6, STM32G411M6T3, STM32G411M6T6, STM32G411M8T3, STM32G411M8T6, STM32G411MBT3, STM32G411MBT6, STM32G411R6T3, STM32G411R6T6, STM32G411R8T3, STM32G411R8T6, STM32G411RBT3, STM32G411RBT6, STM32G414CBT3, STM32G414CBT6, STM32G414CBU3, STM32G414CBU6, STM32G414CCT3, STM32G414CCT6, STM32G414CCU3, STM32G414CCU6, STM32G414MBT3, STM32G414MBT6, STM32G414MCT3, STM32G414MCT6, STM32G414RBT3, STM32G414RBT6, STM32G414RCT3, STM32G414RCT6, STM32G414VBT3, STM32G414VBT6, STM32G414VCT3, STM32G414VCT6, STM32G431CBT3Z, STM32G431RBT3Z, STM32G471CCT6, STM32G471CCU6, STM32G471CET3, STM32G471CET6, STM32G471CEU3, STM32G471CEU6, STM32G471MCT6, STM32G471MET3, STM32G471MET6, STM32G471MEY6TR, STM32G471QCT6, STM32G471QET3, STM32G471RCT6, STM32G471RET3, STM32G471RET6, STM32G471VCH6, STM32G471VCI6, STM32G471VCT6, STM32G471VEH3, STM32G471VEH6, STM32G471VEI3, STM32G471VEI6, STM32G471VET3, STM32G471VET6, STM32G473QET3Z, STM32G473RET3Z, STM32G474CCT6, STM32G491RET3Z, STM32H503CBT6, STM32H503CBU6, STM32H503EBY6TR, STM32H503KBU6, STM32H503RBT6, STM32H523CCT6, STM32H523CCU6, STM32H523CET6, STM32H523CEU6, STM32H523HEY6TR, STM32H523RCT6, STM32H523RET6, STM32H523VCI6, STM32H523VCT6, STM32H523VEI6, STM32H523VET6, STM32H523ZCJ6, STM32H523ZCT6, STM32H523ZEJ6, STM32H523ZET6, STM32H533CET6, STM32H533CEU6, STM32H533HEY6TR, STM32H533RET6, STM32H533VEI6, STM32H533VET6, STM32H533ZEJ6, STM32H533ZET6, STM32H562AGI6, STM32H562AII6, STM32H562IGK6, STM32H562IGT6, STM32H562IIK6, STM32H562IIT6, STM32H562RGT6, STM32H562RGV6, STM32H562RIT6, STM32H562RIV6, STM32H562VGT6, STM32H562VIT6, STM32H562ZGT6, STM32H562ZIT6, STM32H563AGI6, STM32H563AII3Q, STM32H563AII6, STM32H563IGK6, STM32H563IGT6, STM32H563IIK3Q, STM32H563IIK6, STM32H563IIT3Q, STM32H563IIT6, STM32H563MIY3QTR, STM32H563RGT6, STM32H563RGV6, STM32H563RIT6, STM32H563RIV6, STM32H563VGT6, STM32H563VIT3Q, STM32H563VIT6, STM32H563ZGT6, STM32H563ZIT3Q, STM32H563ZIT6, STM32H573AII3Q, STM32H573AII6, STM32H573I-DK, STM32H573IIK3Q, STM32H573IIK6, STM32H573IIT3Q, STM32H573IIT6, STM32H573MIY3QTR, STM32H573RIT6, STM32H573RIV6, STM32H573VIT3Q, STM32H573VIT6, STM32H573ZIT3Q, STM32H573ZIT6, STM32H7R3A8I6, STM32H7R3I8K6, STM32H7R3I8T6, STM32H7R3L8H6, STM32H7R3L8H6H, STM32H7R3R8V6, STM32H7R3V8H6, STM32H7R3V8T6, STM32H7R3V8Y6TR, STM32H7R3Z8J6, STM32H7R3Z8T6, STM32H7R7A8I6, STM32H7R7I8K6, STM32H7R7I8T6, STM32H7R7L8H6, STM32H7R7L8H6H, STM32H7R7Z8J6, STM32H7S3A8I6, STM32H7S3I8K6, STM32H7S3I8T6, STM32H7S3L8H6, STM32H7S3L8H6H, STM32H7S3R8V6, STM32H7S3V8H6, STM32H7S3V8T6, STM32H7S3V8Y6TR, STM32H7S3Z8J6, STM32H7S3Z8T6, STM32H7S78-DK, STM32H7S7A8I6, STM32H7S7I8K6, STM32H7S7I8T6, STM32H7S7L8H6, STM32H7S7L8H6H, STM32H7S7Z8J6, STM32L4R5QGI6STR, STM32MP131AAE3, STM32MP131AAF3, STM32MP131AAG3, STM32MP131CAE3, STM32MP131CAF3, STM32MP131CAG3, STM32MP131DAE7, STM32MP131DAF7, STM32MP131DAG7, STM32MP131FAE7, STM32MP131FAF7, STM32MP131FAG7, STM32MP133AAE3, STM32MP133AAF3, STM32MP133AAG3, STM32MP133CAE3, STM32MP133CAF3, STM32MP133CAG3, STM32MP133DAE7, STM32MP133DAF7, STM32MP133DAG7, STM32MP133FAE7, STM32MP133FAF7, STM32MP133FAG7, STM32MP135AAE3, STM32MP135AAF3, STM32MP135AAG3, STM32MP135CAE3, STM32MP135CAF3, STM32MP135CAG3, STM32MP135DAE7, STM32MP135DAF7, STM32MP135DAG7, STM32MP135F-DK, STM32MP135FAE7, STM32MP135FAF7, STM32MP135FAF7T, STM32MP135FAF7U, STM32MP135FAG7, STM32MP211AAL3, STM32MP211AAM3, STM32MP211AAN3, STM32MP211AAO3, STM32MP211CAL3, STM32MP211CAM3, STM32MP211CAN3, STM32MP211CAO3, STM32MP211DAL3, STM32MP211DAM3, STM32MP211DAN3, STM32MP211DAO3, STM32MP211FAL3, STM32MP211FAM3, STM32MP211FAN3, STM32MP211FAO3, STM32MP213AAL3, STM32MP213AAM3, STM32MP213AAN3, STM32MP213AAO3, STM32MP213CAL3, STM32MP213CAM3, STM32MP213CAN3, STM32MP213CAO3, STM32MP213DAL3, STM32MP213DAM3, STM32MP213DAN3, STM32MP213DAO3, STM32MP213FAL3, STM32MP213FAM3, STM32MP213FAN3, STM32MP213FAO3, STM32MP215AAL3, STM32MP215AAM3, STM32MP215AAN3, STM32MP215AAO3, STM32MP215CAL3, STM32MP215CAM3, STM32MP215CAN3, STM32MP215CAO3, STM32MP215DAL3, STM32MP215DAM3, STM32MP215DAN3, STM32MP215DAO3, STM32MP215F-DK, STM32MP215FAL3, STM32MP215FAM3, STM32MP215FAN3, STM32MP215FAO3, STM32MP231AAJ3, STM32MP231AAK3, STM32MP231AAL3, STM32MP231CAJ3, STM32MP231CAK3, STM32MP231CAL3, STM32MP231DAJ3, STM32MP231DAK3, STM32MP231DAL3, STM32MP231FAJ3, STM32MP231FAK3, STM32MP231FAL3, STM32MP233AAJ3, STM32MP233AAK3, STM32MP233AAL3, STM32MP233CAJ3, STM32MP233CAK3, STM32MP233CAL3, STM32MP233DAJ3, STM32MP233DAK3, STM32MP233DAL3, STM32MP233FAJ3, STM32MP233FAK3, STM32MP233FAL3, STM32MP235AAJ3, STM32MP235AAK3, STM32MP235AAL3, STM32MP235CAJ3, STM32MP235CAK3, STM32MP235CAL3, STM32MP235DAJ3, STM32MP235DAK3, STM32MP235DAL3, STM32MP235FAJ3, STM32MP235FAK3, STM32MP235FAL3, STM32MP251AAI3, STM32MP251AAK3, STM32MP251AAL3, STM32MP251CAI3, STM32MP251CAK3, STM32MP251CAL3, STM32MP251DAI3, STM32MP251DAK3, STM32MP251DAL3, STM32MP251FAI3, STM32MP251FAK3, STM32MP251FAL3, STM32MP253AAI3, STM32MP253AAK3, STM32MP253AAL3, STM32MP253CAI3, STM32MP253CAK3, STM32MP253CAL3, STM32MP253DAI3, STM32MP253DAK3, STM32MP253DAL3, STM32MP253FAI3, STM32MP253FAK3, STM32MP253FAL3, STM32MP255AAI3, STM32MP255AAK3, STM32MP255AAL3, STM32MP255CAI3, STM32MP255CAK3, STM32MP255CAL3, STM32MP255DAI3, STM32MP255DAK3, STM32MP255DAL3, STM32MP255FAI3, STM32MP255FAK3, STM32MP255FAL3, STM32MP257AAI3, STM32MP257AAK3, STM32MP257AAL3, STM32MP257CAI3, STM32MP257CAK3, STM32MP257CAL3, STM32MP257DAI3, STM32MP257DAK3, STM32MP257DAL3, STM32MP257F-DK, STM32MP257F-EV1, STM32MP257FAI3, STM32MP257FAK3, STM32MP257FAL3, STM32N645A0H3Q, STM32N645B0H3Q, STM32N645I0H3Q, STM32N645L0H3Q, STM32N645X0H3Q, STM32N645Z0H3Q, STM32N647A0H3Q, STM32N647B0H3Q, STM32N647I0H3Q, STM32N647L0H3Q, STM32N647X0H3Q, STM32N647Z0H3Q, STM32N655A0H3Q, STM32N655B0H3Q, STM32N655I0H3Q, STM32N655L0H3Q, STM32N655X0H3Q, STM32N655Z0H3Q, STM32N6570-DK, STM32N657A0H3Q, STM32N657B0H3Q, STM32N657I0H3Q, STM32N657L0H3Q, STM32N657X0H3Q, STM32N657Z0H3Q, STM32U031C6T6, STM32U031C6U6, STM32U031C8T6, STM32U031C8U6, STM32U031F4P6, STM32U031F6P6, STM32U031F8P6, STM32U031G6Y6TR, STM32U031G8Y6TR, STM32U031K4U6, STM32U031K6U6, STM32U031K8U6, STM32U031R6I6, STM32U031R6T6, STM32U031R8I6, STM32U031R8T6, STM32U073C8T6, STM32U073C8U6, STM32U073CBT6, STM32U073CBU6, STM32U073CCT6, STM32U073CCU6, STM32U073H8Y6TR, STM32U073HBY6TR, STM32U073HCY6TR, STM32U073K8U6, STM32U073KBU6, STM32U073KCU6, STM32U073M8I6, STM32U073M8T6, STM32U073MBI6, STM32U073MBT6, STM32U073MCI6, STM32U073MCT6, STM32U073R8I6, STM32U073R8T6, STM32U073RBI6, STM32U073RBT6, STM32U073RCI6, STM32U073RCT6, STM32U083C-DK, STM32U083CCT6, STM32U083CCU6, STM32U083HCY6TR, STM32U083KCU6, STM32U083MCI6, STM32U083MCT6, STM32U083RCI6, STM32U083RCT6, STM32U375CET6, STM32U375CET6Q, STM32U375CEU6, STM32U375CEU6Q, STM32U375CEY6QTR, STM32U375CGT6, STM32U375CGT6Q, STM32U375CGU6, STM32U375CGU6Q, STM32U375CGY6QTR, STM32U375KEU6, STM32U375KGU6, STM32U375REI6, STM32U375REI6Q, STM32U375RET6, STM32U375RET6Q, STM32U375REY6GTR, STM32U375REY6QTR, STM32U375RGI6, STM32U375RGI6Q, STM32U375RGT6, STM32U375RGT6Q, STM32U375RGY6GTR, STM32U375RGY6QTR, STM32U375VEI6, STM32U375VEI6Q, STM32U375VET6, STM32U375VET6Q, STM32U375VGI6, STM32U375VGI6Q, STM32U375VGT6, STM32U375VGT6Q, STM32U385CGT6, STM32U385CGT6Q, STM32U385CGU6, STM32U385CGU6Q, STM32U385CGY6QTR, STM32U385KGU6, STM32U385RGI6, STM32U385RGI6Q, STM32U385RGT6, STM32U385RGT6Q, STM32U385RGY6GTR, STM32U385RGY6QTR, STM32U385VGI6, STM32U385VGI6Q, STM32U385VGT6, STM32U385VGT6Q, STM32U535CBT6, STM32U535CBT6Q, STM32U535CBU6, STM32U535CBU6Q, STM32U535CCT6, STM32U535CCT6Q, STM32U535CCU6, STM32U535CCU6Q, STM32U535CET6, STM32U535CET6Q, STM32U535CEU6, STM32U535CEU6Q, STM32U535JEY6QTR, STM32U535NCY6QTR, STM32U535NEY6QTR, STM32U535RBI6, STM32U535RBI6Q, STM32U535RBT6, STM32U535RBT6Q, STM32U535RCI6, STM32U535RCI6Q, STM32U535RCT6, STM32U535RCT6Q, STM32U535REI6, STM32U535REI6Q, STM32U535RET6, STM32U535RET6Q, STM32U535VCI6, STM32U535VCI6Q, STM32U535VCT6, STM32U535VCT6Q, STM32U535VEI6, STM32U535VEI6Q, STM32U535VET6, STM32U535VET6Q, STM32U545CET6, STM32U545CET6Q, STM32U545CEU6, STM32U545CEU6Q, STM32U545JEY6QTR, STM32U545NEY6QTR, STM32U545REI6, STM32U545REI6Q, STM32U545RET6, STM32U545RET6Q, STM32U545VEI6, STM32U545VEI6Q, STM32U545VET6, STM32U545VET6Q, STM32U595AIH6, STM32U595AIH6Q, STM32U595AJH6, STM32U595AJH6Q, STM32U595QII6, STM32U595QII6Q, STM32U595QJI6, STM32U595QJI6Q, STM32U595RIT6, STM32U595RIT6Q, STM32U595RJT6, STM32U595RJT6Q, STM32U595VIT6, STM32U595VIT6Q, STM32U595VJT6, STM32U595VJT6Q, STM32U595ZIT6, STM32U595ZIT6Q, STM32U595ZIY6QTR, STM32U595ZJT6, STM32U595ZJT6Q, STM32U595ZJY6QTR, STM32U599BJY6QTR, STM32U599NIH6Q, STM32U599NJH6Q, STM32U599VIT6Q, STM32U599VJT6, STM32U599VJT6Q, STM32U599ZIT6Q, STM32U599ZIY6QTR, STM32U599ZJT6Q, STM32U599ZJY6QTR, STM32U5A5AJH6, STM32U5A5AJH6Q, STM32U5A5QII3Q , STM32U5A5QJI6, STM32U5A5QJI6Q, STM32U5A5RJT6, STM32U5A5RJT6Q, STM32U5A5VJT6, STM32U5A5VJT6Q, STM32U5A5ZJT6, STM32U5A5ZJT6Q, STM32U5A5ZJY6QTR, STM32U5A9BJY6QTR, STM32U5A9J-DK, STM32U5A9NJH6Q, STM32U5A9VJT6Q, STM32U5A9ZJT6Q, STM32U5A9ZJY6QTR, STM32U5F7VIT6, STM32U5F7VIT6Q, STM32U5F7VJT6, STM32U5F7VJT6Q, STM32U5F9BJY6QTR, STM32U5F9NJH6Q, STM32U5F9VIT6Q, STM32U5F9VJT6Q, STM32U5F9ZIJ6QTR, STM32U5F9ZIT6Q, STM32U5F9ZJJ6QTR, STM32U5F9ZJT6Q, STM32U5G7VJT6, STM32U5G7VJT6Q, STM32U5G9BJY6QTR, STM32U5G9J-DK1, STM32U5G9J-DK2, STM32U5G9NJH6Q, STM32U5G9VJT6Q, STM32U5G9ZJJ6QTR, STM32U5G9ZJT6Q, STM32WB05KZV6TR, STM32WB05KZV7TR, STM32WB05TZF6TR, STM32WB05TZF7TR, STM32WB06CCF6TR, STM32WB06CCF7TR, STM32WB06CCV6TR, STM32WB06CCV7TR, STM32WB06KCV6TR, STM32WB06KCV7TR, STM32WB07CCF6TR, STM32WB07CCF7TR, STM32WB07CCV6TR, STM32WB07CCV7TR, STM32WB07KCV6TR, STM32WB07KCV7TR, STM32WB09KEV6TR, STM32WB09KEV7TR, STM32WB09TEF6TR, STM32WB09TEF7TR, STM32WB1MMCH6, STM32WBA50KGU6, STM32WBA50KGU6TR, STM32WBA52CEU6, STM32WBA52CEU6TR, STM32WBA52CEU7, STM32WBA52CEU7TR, STM32WBA52CGU6, STM32WBA52CGU6TR, STM32WBA52CGU6U, STM32WBA52CGU7, STM32WBA52CGU7TR, STM32WBA52KEU6, STM32WBA52KEU6TR, STM32WBA52KGU6, STM32WBA52KGU6TR, STM32WBA54CEU6, STM32WBA54CEU6TR, STM32WBA54CEU7, STM32WBA54CEU7TR, STM32WBA54CGU6, STM32WBA54CGU6TR, STM32WBA54CGU7, STM32WBA54CGU7TR, STM32WBA54KEU6, STM32WBA54KEU6TR, STM32WBA54KEU7, STM32WBA54KEU7TR, STM32WBA54KGU6, STM32WBA54KGU6TR, STM32WBA54KGU7, STM32WBA54KGU7TR, STM32WBA55CEU6, STM32WBA55CEU6TR, STM32WBA55CEU7, STM32WBA55CEU7TR, STM32WBA55CGU6, STM32WBA55CGU6TR, STM32WBA55CGU6U, STM32WBA55CGU7, STM32WBA55CGU7TR, STM32WBA55G-DK1, STM32WBA55HEF6, STM32WBA55HEF7, STM32WBA55HGF6, STM32WBA55HGF7, STM32WBA55UEI6, STM32WBA55UEI6TR, STM32WBA55UEI7, STM32WBA55UEI7TR, STM32WBA55UGI6, STM32WBA55UGI6TR, STM32WBA55UGI7, STM32WBA55UGI7TR, STM32WBA5MMGH6TR, STM32WBA62MGF6, STM32WBA62MIF6, STM32WBA65MGF7, STM32WBA65MIF6, STM32WBA65MIF7, STM32WL30K8V6, STM32WL30KBV6, STM32WL31C8V6, STM32WL31CBV6, STM32WL31K8V6, STM32WL31KBV6, STM32WL33C8V6, STM32WL33C8V6X, STM32WL33CBV6, STM32WL33CBV6X, STM32WL33CCV6, STM32WL33CCV6A, STM32WL33CCV6X, STM32WL33K8V7, STM32WL33K8V7X, STM32WL33KBV7 , STM32WL33KBV7X, STM32WL33KCV7, STM32WL33KCV7X, STM32WL5MOCH6, STM32WL5MOCH6TR]
2025-09-07 19:03:19,828 [INFO] DbMcus:218 - Found 4801 MCUs, 4801 are supported
2025-09-07 19:03:19,828 [INFO] ApiDb:423 - Load user favorites file C:\Users\aksha/.stm32cubeide/favorites.mcus.txt: 0 item(s)
2025-09-07 19:03:19,832 [INFO] ApiDb:427 - User favorites MCUs=[]
2025-09-07 19:03:19,832 [INFO] DbMcus:224 - Set 0 / 0 favorites MCUs
2025-09-07 19:03:20,555 [INFO] ApiDb:423 - Load user favorites file C:\Users\aksha/.stm32cubeide/favorites.boards.txt: 0 item(s)
2025-09-07 19:03:20,555 [INFO] ApiDb:427 - User favorites Boards=[]
2025-09-07 19:03:20,555 [INFO] DbBoards:198 - Set 0 / 0 favorites Boards
2025-09-07 19:03:20,618 [INFO] UtilMem:75 - End LoadConfig() Used Memory: 165603392 Bytes (295698432)
2025-09-07 19:03:20,821 [WARN] ThirdParty:833 - waiting for thirdparty lock release [change project]
2025-09-07 19:03:20,821 [INFO] ThirdParty:835 - entering critical section [change project]
2025-09-07 19:03:20,821 [INFO] ThirdParty:1030 - CMSIS Pack Vendor :STMicroelectronics X-CUBE-PM33A1 1.0.0
2025-09-07 19:03:20,821 [INFO] ThirdParty:1030 - CMSIS Pack Vendor :STMicroelectronics USBPD 4.1
2025-09-07 19:03:20,821 [INFO] ThirdParty:1030 - CMSIS Pack Vendor :STMicroelectronics X-CUBE-NFC9 1.0.0
2025-09-07 19:03:20,821 [INFO] ThirdParty:1030 - CMSIS Pack Vendor :STMicroelectronics USB_HOST 2.0.0
2025-09-07 19:03:20,821 [INFO] ThirdParty:1030 - CMSIS Pack Vendor :STMicroelectronics FP-SNS-MOTENVWB1 1.4.0
2025-09-07 19:03:20,821 [INFO] ThirdParty:1030 - CMSIS Pack Vendor :STMicroelectronics X-CUBE-AZRTOS-F4 1.1.0
2025-09-07 19:03:20,821 [INFO] ThirdParty:1030 - CMSIS Pack Vendor :STMicroelectronics LIBJPEG 8.0.0
2025-09-07 19:03:20,821 [INFO] ThirdParty:1030 - CMSIS Pack Vendor :STMicroelectronics FP-ATR-ASTRA1 2.0.2
2025-09-07 19:03:20,821 [INFO] ThirdParty:1030 - CMSIS Pack Vendor :wolfSSL I-CUBE-wolfSSL 5.8.2
2025-09-07 19:03:20,821 [INFO] ThirdParty:1030 - CMSIS Pack Vendor :STMicroelectronics X-CUBE-BLE1 7.1.0
2025-09-07 19:03:20,821 [INFO] ThirdParty:1030 - CMSIS Pack Vendor :Avnet-IotConnect X-CUBE-IoTC-DA16k-PMOD 1.0.0
2025-09-07 19:03:20,821 [INFO] ThirdParty:1030 - CMSIS Pack Vendor :STMicroelectronics X-CUBE-SMBUS 2.1.0
2025-09-07 19:03:20,821 [INFO] ThirdParty:1030 - CMSIS Pack Vendor :wolfSSL I-CUBE-wolfMQTT 1.19.2
2025-09-07 19:03:20,821 [INFO] ThirdParty:1030 - CMSIS Pack Vendor :STMicroelectronics USB_DEVICE 3.0.0
2025-09-07 19:03:20,821 [INFO] ThirdParty:1030 - CMSIS Pack Vendor :STMicroelectronics X-CUBE-ISPU 2.1.0
2025-09-07 19:03:20,821 [INFO] ThirdParty:1030 - CMSIS Pack Vendor :STMicroelectronics X-CUBE-EEPRMA1 5.2.0
2025-09-07 19:03:20,821 [INFO] ThirdParty:1030 - CMSIS Pack Vendor :STMicroelectronics X-CUBE-BLEMGR 4.1.0
2025-09-07 19:03:20,821 [INFO] ThirdParty:1030 - CMSIS Pack Vendor :STMicroelectronics X-CUBE-AZRTOS-WB 2.0.0
2025-09-07 19:03:20,821 [INFO] ThirdParty:1030 - CMSIS Pack Vendor :STMicroelectronics X-CUBE-ST60 1.0.0
2025-09-07 19:03:20,821 [INFO] ThirdParty:1030 - CMSIS Pack Vendor :STMicroelectronics X-CUBE-GNSS1 7.0.1
2025-09-07 19:03:20,821 [INFO] ThirdParty:1030 - CMSIS Pack Vendor :STMicroelectronics X-CUBE-NFC12 1.0.0
2025-09-07 19:03:20,821 [INFO] ThirdParty:1030 - CMSIS Pack Vendor :STMicroelectronics X-CUBE-AZRTOS-F7 1.1.0
2025-09-07 19:03:20,821 [INFO] ThirdParty:1030 - CMSIS Pack Vendor :STMicroelectronics X-CUBE-AZRTOS-L5 2.0.0
2025-09-07 19:03:20,821 [INFO] ThirdParty:1030 - CMSIS Pack Vendor :STMicroelectronics X-CUBE-TOUCHGFX 4.25.0
2025-09-07 19:03:20,821 [INFO] ThirdParty:1030 - CMSIS Pack Vendor :STMicroelectronics USB_DEVICE 2.0.0
2025-09-07 19:03:20,821 [INFO] ThirdParty:1030 - CMSIS Pack Vendor :STMicroelectronics X-CUBE-NFC6 3.1.0
2025-09-07 19:03:20,821 [INFO] ThirdParty:1030 - CMSIS Pack Vendor :quantropi X-CUBE-qispace-sdk-base 2.1.0
2025-09-07 19:03:20,821 [INFO] ThirdParty:1030 - CMSIS Pack Vendor :STMicroelectronics FreeRTOS 0.0.1
2025-09-07 19:03:20,821 [INFO] ThirdParty:1030 - CMSIS Pack Vendor :STMicroelectronics X-CUBE-AZRTOS-G0 1.1.0
2025-09-07 19:03:20,821 [INFO] ThirdParty:1030 - CMSIS Pack Vendor :STMicroelectronics X-CUBE-SAFEA1 1.2.2
2025-09-07 19:03:20,821 [INFO] ThirdParty:1030 - CMSIS Pack Vendor :STMicroelectronics X-CUBE-NFC4 3.0.0
2025-09-07 19:03:20,821 [INFO] ThirdParty:1030 - CMSIS Pack Vendor :STMicroelectronics X-CUBE-SUBG2 5.0.0
2025-09-07 19:03:20,821 [INFO] ThirdParty:1030 - CMSIS Pack Vendor :STMicroelectronics X-CUBE-AZRTOS-H7RS 1.1.0
2025-09-07 19:03:20,821 [INFO] ThirdParty:1030 - CMSIS Pack Vendor :STMicroelectronics STM32_WPAN 1.0.0
2025-09-07 19:03:20,821 [INFO] ThirdParty:1030 - CMSIS Pack Vendor :EmbeddedOffice I-CUBE-FS-RTOS 1.0.1
2025-09-07 19:03:20,821 [INFO] ThirdParty:1030 - CMSIS Pack Vendor :STMicroelectronics lwIP 2.0.3
2025-09-07 19:03:20,821 [INFO] ThirdParty:1030 - CMSIS Pack Vendor :WES I-CUBE-Cesium 1.4.0
2025-09-07 19:03:20,821 [INFO] ThirdParty:1030 - CMSIS Pack Vendor :Cesanta I-CUBE-Mongoose 7.13.0
2025-09-07 19:03:20,821 [INFO] ThirdParty:1030 - CMSIS Pack Vendor :STMicroelectronics USB_HOST 1.0.0
2025-09-07 19:03:20,821 [INFO] ThirdParty:1030 - CMSIS Pack Vendor :Infineon AIROC-Wi-Fi-Bluetooth-STM32 1.7.1
2025-09-07 19:03:20,821 [INFO] ThirdParty:1030 - CMSIS Pack Vendor :STMicroelectronics X-CUBE-AZRTOS-G4 2.0.0
2025-09-07 19:03:20,821 [INFO] ThirdParty:1030 - CMSIS Pack Vendor :STMicroelectronics X-CUBE-WB05N 2.0.0
2025-09-07 19:03:20,821 [INFO] ThirdParty:1030 - CMSIS Pack Vendor :STMicroelectronics PDM2PCM 3.1.0
2025-09-07 19:03:20,821 [INFO] ThirdParty:1030 - CMSIS Pack Vendor :STMicroelectronics PDM2PCM 3.3.0
2025-09-07 19:03:20,821 [INFO] ThirdParty:1030 - CMSIS Pack Vendor :wolfSSL I-CUBE-wolfTPM 3.8.0
2025-09-07 19:03:20,821 [INFO] ThirdParty:1030 - CMSIS Pack Vendor :STMicroelectronics X-CUBE-AZRTOS-H7 3.4.0
2025-09-07 19:03:20,821 [INFO] ThirdParty:1030 - CMSIS Pack Vendor :STMicroelectronics X-CUBE-DISPLAY 3.0.0
2025-09-07 19:03:20,821 [INFO] ThirdParty:1030 - CMSIS Pack Vendor :wolfSSL I-CUBE-wolfSSH 1.4.20
2025-09-07 19:03:20,821 [INFO] ThirdParty:1030 - CMSIS Pack Vendor :STMicroelectronics X-CUBE-NFC7 2.0.0
2025-09-07 19:03:20,821 [INFO] ThirdParty:1030 - CMSIS Pack Vendor :STMicroelectronics X-CUBE-TCPP 4.2.0
2025-09-07 19:03:20,821 [INFO] ThirdParty:1030 - CMSIS Pack Vendor :RealThread X-CUBE-RT-Thread_Nano 4.1.1
2025-09-07 19:03:20,821 [INFO] ThirdParty:1030 - CMSIS Pack Vendor :STMicroelectronics FP-ATR-SIGFOX1 3.2.0
2025-09-07 19:03:20,821 [INFO] ThirdParty:1030 - CMSIS Pack Vendor :STMicroelectronics X-CUBE-NFC10 1.0.0
2025-09-07 19:03:20,821 [INFO] ThirdParty:1030 - CMSIS Pack Vendor :STMicroelectronics X-CUBE-FREERTOS 1.3.1
2025-09-07 19:03:20,821 [INFO] ThirdParty:1030 - CMSIS Pack Vendor :STMicroelectronics HAL Drivers 0.0.0
2025-09-07 19:03:20,821 [INFO] ThirdParty:1030 - CMSIS Pack Vendor :STMicroelectronics MBEDTLS 2.16.2
2025-09-07 19:03:20,821 [INFO] ThirdParty:1030 - CMSIS Pack Vendor :STMicroelectronics X-CUBE-IPS 3.1.0
2025-09-07 19:03:20,821 [INFO] ThirdParty:1030 - CMSIS Pack Vendor :STMicroelectronics X-CUBE-ALS 1.0.2
2025-09-07 19:03:20,821 [INFO] ThirdParty:1030 - CMSIS Pack Vendor :emotas I-CUBE-CANOPEN 1.3.0
2025-09-07 19:03:20,821 [INFO] ThirdParty:1030 - CMSIS Pack Vendor :STMicroelectronics MBEDTLS 2.14.1
2025-09-07 19:03:20,821 [INFO] ThirdParty:1030 - CMSIS Pack Vendor :ITTIA_DB I-CUBE-ITTIADB 8.9.0
2025-09-07 19:03:20,821 [INFO] ThirdParty:1030 - CMSIS Pack Vendor :STMicroelectronics X-CUBE-STSE01 1.0.0
2025-09-07 19:03:20,821 [INFO] ThirdParty:1030 - CMSIS Pack Vendor :STMicroelectronics X-CUBE-ST67W61 1.0.0
2025-09-07 19:03:20,821 [INFO] ThirdParty:1030 - CMSIS Pack Vendor :STMicroelectronics FP-SNS-STBOX1 2.1.0
2025-09-07 19:03:20,821 [INFO] ThirdParty:1030 - CMSIS Pack Vendor :STMicroelectronics X-CUBE-AI 10.2.0
2025-09-07 19:03:20,821 [INFO] ThirdParty:1030 - CMSIS Pack Vendor :STMicroelectronics FP-SNS-STAIOTCFT 1.0.0
2025-09-07 19:03:20,821 [INFO] ThirdParty:1030 - CMSIS Pack Vendor :STMicroelectronics ThreadX 1.0.0
2025-09-07 19:03:20,821 [INFO] ThirdParty:1030 - CMSIS Pack Vendor :STMicroelectronics FP-SNS-SMARTAG2 1.2.0
2025-09-07 19:03:20,821 [INFO] ThirdParty:1030 - CMSIS Pack Vendor :STMicroelectronics FP-SNS-FLIGHT1 5.1.0
2025-09-07 19:03:20,821 [INFO] ThirdParty:1030 - CMSIS Pack Vendor :STMicroelectronics X-CUBE-AZRTOS-WL 2.0.0
2025-09-07 19:03:20,821 [INFO] ThirdParty:1030 - CMSIS Pack Vendor :SEGGER I-CUBE-embOS 1.3.1
2025-09-07 19:03:20,821 [INFO] ThirdParty:1030 - CMSIS Pack Vendor :STMicroelectronics X-CUBE-ALGOBUILD 1.4.0
2025-09-07 19:03:20,821 [INFO] ThirdParty:1030 - CMSIS Pack Vendor :STMicroelectronics X-CUBE-DPower 1.3.0
2025-09-07 19:03:20,821 [INFO] ThirdParty:1030 - CMSIS Pack Vendor :STMicroelectronics X-CUBE-MEMS1 11.3.0
2025-09-07 19:03:20,821 [INFO] ThirdParty:1030 - CMSIS Pack Vendor :STMicroelectronics FP-SNS-MOTENV1 5.0.0
2025-09-07 19:03:20,821 [INFO] ThirdParty:1030 - CMSIS Pack Vendor :STMicroelectronics USB_DEVICE 1.0.0
2025-09-07 19:03:20,821 [INFO] ThirdParty:1030 - CMSIS Pack Vendor :STMicroelectronics X-CUBE-AZRTOS-L4 2.0.0
2025-09-07 19:03:20,821 [INFO] ThirdParty:1030 - CMSIS Pack Vendor :STMicroelectronics ThreadX 0.0.2
2025-09-07 19:03:20,821 [INFO] ThirdParty:1030 - CMSIS Pack Vendor :STMicroelectronics lwIP 2.1.2
2025-09-07 19:03:20,821 [INFO] ThirdParty:1030 - CMSIS Pack Vendor :STMicroelectronics X-CUBE-SFXS2LP1 4.0.0
2025-09-07 19:03:20,821 [INFO] ThirdParty:1030 - CMSIS Pack Vendor :STMicroelectronics X-CUBE-BLE2 3.3.0
2025-09-07 19:03:20,821 [INFO] ThirdParty:1030 - CMSIS Pack Vendor :STMicroelectronics X-CUBE-TOF1 3.4.3
2025-09-07 19:03:20,821 [INFO] ThirdParty:1030 - CMSIS Pack Vendor :STMicroelectronics PDM2PCM 3.2.0
2025-09-07 19:03:20,821 [INFO] ThirdParty:841 - exiting critical section [change project]
2025-09-07 19:03:22,939 [INFO] PinOutPanel:1589 - setPackage(No Configuration,No Configuration)
2025-09-07 19:03:22,947 [INFO] PinOutPanel:1589 - setPackage(STM32F401RETx,LQFP64)
2025-09-07 19:03:24,277 [INFO] UtilMem:75 - Before build in PCC Used Memory: 198344752 Bytes (300941312)
2025-09-07 19:03:28,250 [INFO] UtilMem:75 - After build in PCC Used Memory: 247443296 Bytes (311427072)
2025-09-07 19:03:28,340 [INFO] IPUIPlugin:80 - create IPUIPlugin
2025-09-07 19:03:28,340 [INFO] IPUIPlugin:80 - create IPUIPlugin
2025-09-07 19:03:28,342 [INFO] IPUIPlugin:80 - create IPUIPlugin
2025-09-07 19:03:28,342 [INFO] IPUIPlugin:80 - create IPUIPlugin
2025-09-07 19:03:28,342 [INFO] IPUIPlugin:80 - create IPUIPlugin
2025-09-07 19:03:28,344 [INFO] IPUIPlugin:80 - create IPUIPlugin
2025-09-07 19:03:28,344 [INFO] IPUIPlugin:80 - create IPUIPlugin
2025-09-07 19:03:28,344 [INFO] IPUIPlugin:80 - create IPUIPlugin
2025-09-07 19:03:28,344 [INFO] IPUIPlugin:80 - create IPUIPlugin
2025-09-07 19:03:28,344 [INFO] IPUIPlugin:80 - create IPUIPlugin
2025-09-07 19:03:28,344 [INFO] IPUIPlugin:80 - create IPUIPlugin
2025-09-07 19:03:28,344 [INFO] IPUIPlugin:80 - create IPUIPlugin
2025-09-07 19:03:28,346 [INFO] IPUIPlugin:80 - create IPUIPlugin
2025-09-07 19:03:28,346 [INFO] IPUIPlugin:80 - create IPUIPlugin
2025-09-07 19:03:28,346 [INFO] IPUIPlugin:80 - create IPUIPlugin
2025-09-07 19:03:28,348 [INFO] IPUIPlugin:80 - create IPUIPlugin
2025-09-07 19:03:28,348 [INFO] IPUIPlugin:80 - create IPUIPlugin
2025-09-07 19:03:28,348 [INFO] IPUIPlugin:80 - create IPUIPlugin
2025-09-07 19:03:28,352 [INFO] IPUIPlugin:80 - create IPUIPlugin
2025-09-07 19:03:28,352 [INFO] IPUIPlugin:80 - create IPUIPlugin
2025-09-07 19:03:28,352 [INFO] IPUIPlugin:80 - create IPUIPlugin
2025-09-07 19:03:28,352 [INFO] IPUIPlugin:80 - create IPUIPlugin
2025-09-07 19:03:28,352 [INFO] IPUIPlugin:80 - create IPUIPlugin
2025-09-07 19:03:28,352 [INFO] IPUIPlugin:80 - create IPUIPlugin
2025-09-07 19:03:28,354 [INFO] IPUIPlugin:80 - create IPUIPlugin
2025-09-07 19:03:28,354 [INFO] IPUIPlugin:80 - create IPUIPlugin
2025-09-07 19:03:28,354 [INFO] IPUIPlugin:80 - create IPUIPlugin
2025-09-07 19:03:28,354 [INFO] IPUIPlugin:80 - create IPUIPlugin
2025-09-07 19:03:28,354 [INFO] IPUIPlugin:80 - create IPUIPlugin
2025-09-07 19:03:28,356 [INFO] IPUIPlugin:80 - create IPUIPlugin
2025-09-07 19:03:28,356 [INFO] IPUIPlugin:80 - create IPUIPlugin
2025-09-07 19:03:28,356 [INFO] IPUIPlugin:80 - create IPUIPlugin
2025-09-07 19:03:28,356 [INFO] IPUIPlugin:80 - create IPUIPlugin
2025-09-07 19:03:28,358 [INFO] IPUIPlugin:80 - create IPUIPlugin
2025-09-07 19:03:28,358 [INFO] IPUIPlugin:80 - create IPUIPlugin
2025-09-07 19:03:28,358 [INFO] IPUIPlugin:80 - create IPUIPlugin
2025-09-07 19:03:28,358 [INFO] IPUIPlugin:80 - create IPUIPlugin
2025-09-07 19:03:28,360 [INFO] IPUIPlugin:80 - create IPUIPlugin
2025-09-07 19:03:28,460 [INFO] ApiDbMcu:532 - Load IP Config File for PDM2PCM
2025-09-07 19:03:28,987 [INFO] CADModel:165 - CPN selected for project levelSTM32F401RET6
2025-09-07 19:03:28,993 [INFO] CADModel:114 - Register for checkConnection events
2025-09-07 19:03:31,619 [INFO] OpenFileManager:386 - Restore cursor
2025-09-07 19:03:36,645 [INFO] LogOutputStream:77 - [STDOUT_REDIRECT] 
2025-09-07 19:03:38,882 [INFO] McuFinderGlobals:63 - Set McuFinder mode to 2 (CubeIDE integrated)
2025-09-07 19:03:38,883 [INFO] UserAuth:171 - activating auth plugin
2025-09-07 19:03:39,000 [INFO] UserAuth:487 - Internet connection configuration mode: 1
2025-09-07 19:03:39,055 [INFO] JxBrowserEngine:152 - Initiate JxBrowser Engine with user profile folder
2025-09-07 19:03:41,685 [INFO] WebApp:169 - Instantiating new browser for Auth
2025-09-07 19:03:44,526 [INFO] WebApp:463 - Apply proxy settings
2025-09-07 19:03:44,533 [INFO] WebApp:548 - Chromium requires no authentication
2025-09-07 19:03:44,551 [INFO] WebApp:491 - Direct internet connection detected
2025-09-07 19:03:44,612 [INFO] WebApp:900 - Register for checkConnection events
2025-09-07 19:03:44,612 [INFO] WebApp:463 - Apply proxy settings
2025-09-07 19:03:44,612 [INFO] WebApp:548 - Chromium requires no authentication
2025-09-07 19:03:44,614 [INFO] WebApp:491 - Direct internet connection detected
2025-09-07 19:03:45,442 [INFO] WebApp:225 - Starting web application
2025-09-07 19:03:45,442 [INFO] WebApp:593 - Web application path used C:\ST\STM32CubeIDE_1.19.0\STM32CubeIDE\plugins\com.st.stm32cube.common.mx_6.15.0.202507011659\db\plugins\mcufinder\reactClient1\index.html
2025-09-07 19:03:47,007 [INFO] WebApp:191 - Connection restablished
2025-09-07 19:04:24,463 [INFO] WebApp:194 - Connection lost
2025-09-07 19:07:01,438 [ERROR] ConfigurationRetriever:142 - IOException on connection: sw-center.st.com
2025-09-07 19:07:01,453 [ERROR] ConfigurationRetriever:142 - IOException on connection: sw-center.st.com
2025-09-07 19:07:01,454 [ERROR] ConfigurationRetriever:142 - IOException on connection: sw-center.st.com
2025-09-07 19:07:05,970 [ERROR] LogOutputStream:75 - [STDERR_REDIRECT] 
2025-09-07 19:07:05,996 [ERROR] LogOutputStream:75 - [STDERR_REDIRECT] 
2025-09-07 19:07:26,772 [INFO] Activator:176 - 


2025-09-07 19:07:26,777 [INFO] Activator:177 - !SESSION log4j initialized
2025-09-07 19:07:36,255 [INFO] LogOutputStream:77 - [STDOUT_REDIRECT] 
2025-09-07 19:07:36,883 [ERROR] ConfigurationRetriever:142 - IOException on connection: sw-center.st.com
2025-09-07 19:07:36,885 [ERROR] ConfigurationRetriever:142 - IOException on connection: sw-center.st.com
2025-09-07 19:07:36,886 [ERROR] ConfigurationRetriever:142 - IOException on connection: sw-center.st.com
2025-09-07 19:07:38,316 [INFO] ApplicationProperties:184 - Using Application install path: C:\ST\STM32CubeIDE_1.19.0\STM32CubeIDE\plugins\com.st.stm32cube.common.mx_6.15.0.202507011659
2025-09-07 19:07:38,360 [INFO] DbMcusXml:78 - Set database path to: C:\ST\STM32CubeIDE_1.19.0\STM32CubeIDE\plugins\com.st.stm32cube.common.mx_6.15.0.202507011659\\db\/mcu/
2025-09-07 19:07:38,360 [INFO] ApiDb:274 - Set plugin database path to: C:\ST\STM32CubeIDE_1.19.0\STM32CubeIDE\plugins\com.st.stm32cube.common.mx_6.15.0.202507011659\\db\/plugins/boardmanager/
2025-09-07 19:07:38,360 [WARN] ApiDb:259 - Overriding images path with different value:  => C:\ST\STM32CubeIDE_1.19.0\STM32CubeIDE\plugins\com.st.stm32cube.common.mx_6.15.0.202507011659\\db\/plugins/mcufinder/images/
2025-09-07 19:07:38,373 [INFO] ApiDb:250 - Set database path to: C:\Users\aksha\.stmcufinder\plugins\mcufinder//mcu/
2025-09-07 19:07:38,377 [INFO] DbMcusAds:125 - Set database path to: C:\Users\aksha\.stmcufinder\plugins\mcufinder//mcu/
2025-09-07 19:07:38,382 [INFO] CrossReferenceDbSqlite:203 - Set database path to: C:\Users\aksha\.stmcufinder\plugins\mcufinder//mcu/cs/
2025-09-07 19:07:38,632 [INFO] RulesReader:64 - Compatibility file has been processed (317 Rules)
2025-09-07 19:07:38,813 [INFO] DbMcusXml:78 - Set database path to: C:\ST\STM32CubeIDE_1.19.0\STM32CubeIDE\plugins\com.st.stm32cube.common.mx_6.15.0.202507011659\\db\/mcu/
2025-09-07 19:07:38,813 [INFO] ApiDb:274 - Set plugin database path to: C:\ST\STM32CubeIDE_1.19.0\STM32CubeIDE\plugins\com.st.stm32cube.common.mx_6.15.0.202507011659\\db\/plugins/boardmanager/
2025-09-07 19:07:38,815 [INFO] ApiDb:261 - Set plugin images path to: C:\ST\STM32CubeIDE_1.19.0\STM32CubeIDE\plugins\com.st.stm32cube.common.mx_6.15.0.202507011659\\db\/plugins/mcufinder/images/
2025-09-07 19:07:38,815 [WARN] DbFile:41 - Overriding database path with different value: C:\Users\aksha\.stmcufinder\plugins\mcufinder/ => C:\Users\aksha\.stmcufinder\plugins\mcufinder
2025-09-07 19:07:38,815 [INFO] ApiDb:250 - Set database path to: C:\Users\aksha\.stmcufinder\plugins\mcufinder//mcu/
2025-09-07 19:07:38,815 [WARN] DbFile:41 - Overriding database path with different value: C:\Users\aksha\.stmcufinder\plugins\mcufinder/ => C:\Users\aksha\.stmcufinder\plugins\mcufinder
2025-09-07 19:07:38,815 [INFO] DbMcusAds:125 - Set database path to: C:\Users\aksha\.stmcufinder\plugins\mcufinder//mcu/
2025-09-07 19:07:38,815 [WARN] DbFile:41 - Overriding database path with different value: C:\Users\aksha\.stmcufinder\plugins\mcufinder/ => C:\Users\aksha\.stmcufinder\plugins\mcufinder
2025-09-07 19:07:38,815 [WARN] DbFile:41 - Overriding database path with different value: C:\Users\aksha\.stmcufinder\plugins\mcufinder/ => C:\Users\aksha\.stmcufinder\plugins\mcufinder
2025-09-07 19:07:38,815 [INFO] CrossReferenceDbSqlite:203 - Set database path to: C:\Users\aksha\.stmcufinder\plugins\mcufinder//mcu/cs/
2025-09-07 19:07:38,953 [INFO] MainPanel:274 - HeapMemory: 268435456
2025-09-07 19:07:39,142 [INFO] DbMcusXml:78 - Set database path to: C:\ST\STM32CubeIDE_1.19.0\STM32CubeIDE\plugins\com.st.stm32cube.common.mx_6.15.0.202507011659\\db\/mcu/
2025-09-07 19:07:39,142 [INFO] ApiDb:274 - Set plugin database path to: C:\ST\STM32CubeIDE_1.19.0\STM32CubeIDE\plugins\com.st.stm32cube.common.mx_6.15.0.202507011659\\db\/plugins/boardmanager/
2025-09-07 19:07:39,142 [INFO] ApiDb:261 - Set plugin images path to: C:\ST\STM32CubeIDE_1.19.0\STM32CubeIDE\plugins\com.st.stm32cube.common.mx_6.15.0.202507011659\\db\/plugins/mcufinder/images/
2025-09-07 19:07:39,143 [WARN] DbFile:41 - Overriding database path with different value: C:\Users\aksha\.stmcufinder\plugins\mcufinder/ => C:\Users\aksha\.stmcufinder\plugins\mcufinder
2025-09-07 19:07:39,143 [INFO] ApiDb:250 - Set database path to: C:\Users\aksha\.stmcufinder\plugins\mcufinder//mcu/
2025-09-07 19:07:39,143 [WARN] DbFile:41 - Overriding database path with different value: C:\Users\aksha\.stmcufinder\plugins\mcufinder/ => C:\Users\aksha\.stmcufinder\plugins\mcufinder
2025-09-07 19:07:39,143 [INFO] DbMcusAds:125 - Set database path to: C:\Users\aksha\.stmcufinder\plugins\mcufinder//mcu/
2025-09-07 19:07:39,143 [WARN] DbFile:41 - Overriding database path with different value: C:\Users\aksha\.stmcufinder\plugins\mcufinder/ => C:\Users\aksha\.stmcufinder\plugins\mcufinder
2025-09-07 19:07:39,143 [WARN] DbFile:41 - Overriding database path with different value: C:\Users\aksha\.stmcufinder\plugins\mcufinder/ => C:\Users\aksha\.stmcufinder\plugins\mcufinder
2025-09-07 19:07:39,143 [INFO] CrossReferenceDbSqlite:203 - Set database path to: C:\Users\aksha\.stmcufinder\plugins\mcufinder//mcu/cs/
2025-09-07 19:07:39,173 [INFO] ApplicationProperties:184 - Using Application install path: C:\ST\STM32CubeIDE_1.19.0\STM32CubeIDE\plugins\com.st.stm32cube.common.mx_6.15.0.202507011659
2025-09-07 19:07:39,179 [INFO] PluginManage:196 - Search for loadable plugins [exclusion list=, ]
2025-09-07 19:07:39,183 [INFO] PluginManage:310 - Check plugin analytics
2025-09-07 19:07:39,777 [INFO] AnalyticsPlugin:253 - Accepted Software Licenses: 
2025-09-07 19:07:39,777 [INFO] AnalyticsPlugin:255 - Accepted CMSIS Pack Licenses: 
2025-09-07 19:07:39,777 [INFO] AnalyticsPlugin:257 - Accepted Firmware Licenses: 
2025-09-07 19:07:39,783 [ERROR] ConfigurationRetriever:142 - IOException on connection: sw-center.st.com
2025-09-07 19:07:39,785 [ERROR] ConfigurationRetriever:142 - IOException on connection: sw-center.st.com
2025-09-07 19:07:39,785 [INFO] PluginManage:359 - Loaded plugin analytics (category:tool,tabindex:-1)
2025-09-07 19:07:39,785 [ERROR] ConfigurationRetriever:142 - IOException on connection: sw-center.st.com
2025-09-07 19:07:39,785 [INFO] PluginManage:310 - Check plugin cadmodel
2025-09-07 19:07:39,796 [INFO] CADModel:105 - Init CAD model plugin
2025-09-07 19:07:39,797 [INFO] PluginManage:359 - Loaded plugin cadmodel (category:power,tabindex:5)
2025-09-07 19:07:39,797 [INFO] PluginManage:310 - Check plugin clock
2025-09-07 19:07:39,818 [INFO] PluginManage:359 - Loaded plugin clock (category:base,tabindex:2)
2025-09-07 19:07:39,818 [INFO] PluginManage:310 - Check plugin ddr
2025-09-07 19:07:39,824 [INFO] PluginManage:359 - Loaded plugin ddr (category:tool,tabindex:6)
2025-09-07 19:07:39,824 [INFO] PluginManage:310 - Check plugin filemanager
2025-09-07 19:07:40,074 [INFO] PluginManage:359 - Loaded plugin filemanager (category:base,tabindex:10)
2025-09-07 19:07:40,075 [INFO] PluginManage:310 - Check plugin ipmanager
2025-09-07 19:07:40,085 [INFO] PluginManage:359 - Loaded plugin ipmanager (category:base,tabindex:5)
2025-09-07 19:07:40,085 [INFO] PluginManage:310 - Check plugin lpbam
2025-09-07 19:07:40,097 [INFO] PluginManage:359 - Loaded plugin lpbam (category:base,tabindex:0)
2025-09-07 19:07:40,100 [INFO] PluginManage:310 - Check plugin memorymap
2025-09-07 19:07:40,113 [INFO] PluginManage:359 - Loaded plugin memorymap (category:base,tabindex:4)
2025-09-07 19:07:40,113 [INFO] PluginManage:310 - Check plugin pinoutandconfiguration
2025-09-07 19:07:40,133 [INFO] PluginManage:359 - Loaded plugin pinoutandconfiguration (category:base,tabindex:1)
2025-09-07 19:07:40,137 [INFO] PluginManage:310 - Check plugin pinoutconfig
2025-09-07 19:07:40,307 [WARN] SupportedApi:132 - Cannot load RTOS API schema: s4s-elt-must-match.1: The content of 'definitions' must match (annotation?, (simpleType | complexType)?, (unique | key | keyref)*)). A problem was found starting at: attribute.
2025-09-07 19:07:40,548 [INFO] PluginManage:359 - Loaded plugin pinoutconfig (category:base,tabindex:0)
2025-09-07 19:07:40,548 [INFO] PluginManage:310 - Check plugin power
2025-09-07 19:07:40,567 [INFO] PluginManage:359 - Loaded plugin power (category:power,tabindex:4)
2025-09-07 19:07:40,567 [INFO] PluginManage:310 - Check plugin projectmanager
2025-09-07 19:07:40,604 [INFO] PluginManage:359 - Loaded plugin projectmanager (category:projectmanager,tabindex:4)
2025-09-07 19:07:40,604 [INFO] PluginManage:310 - Check plugin rif
2025-09-07 19:07:40,628 [INFO] PluginManage:359 - Loaded plugin rif (category:base,tabindex:3)
2025-09-07 19:07:40,628 [INFO] PluginManage:310 - Check plugin thirdparty
2025-09-07 19:07:40,959 [WARN] IntegrityCheckThread:84 - waiting for thirdparty lock release [integrity check]
2025-09-07 19:07:40,962 [INFO] PluginManage:359 - Loaded plugin thirdparty (category:base,tabindex:-1)
2025-09-07 19:07:40,962 [INFO] PluginManage:310 - Check plugin tools
2025-09-07 19:07:40,962 [INFO] IntegrityCheckThread:86 - entering critical section [integrity check]
2025-09-07 19:07:40,964 [INFO] ThirdPartyUpdaterWithRetryManager:70 - Updater plugin not ready yet. [1/15]
2025-09-07 19:07:40,966 [INFO] PluginManage:359 - Loaded plugin tools (category:base,tabindex:7)
2025-09-07 19:07:40,966 [INFO] PluginManage:310 - Check plugin tutovideos
2025-09-07 19:07:41,385 [INFO] PluginManage:359 - Loaded plugin tutovideos (category:base,tabindex:-1)
2025-09-07 19:07:41,385 [INFO] PluginManage:310 - Check plugin updater
2025-09-07 19:07:41,428 [INFO] PluginManage:359 - Loaded plugin updater (category:base,tabindex:12)
2025-09-07 19:07:41,428 [INFO] PluginManage:310 - Check plugin userauth
2025-09-07 19:07:41,434 [INFO] UserAuth:118 - Init User Auth plugin
2025-09-07 19:07:41,438 [INFO] PluginManage:359 - Loaded plugin userauth (category:base,tabindex:14)
2025-09-07 19:07:41,438 [INFO] PluginManage:283 - PluginManage : Loaded plugins [18]
2025-09-07 19:07:41,910 [INFO] PinOutPanel:1589 - setPackage(No Configuration,No Configuration)
2025-09-07 19:07:42,110 [INFO] CADModel:165 - CPN selected for project level
2025-09-07 19:07:42,112 [INFO] CADModel:114 - Register for checkConnection events
2025-09-07 19:07:42,148 [INFO] IPUIPlugin:80 - create IPUIPlugin
2025-09-07 19:07:42,148 [INFO] PluginManager:220 - loadIPPluginJar : add adc
2025-09-07 19:07:42,155 [INFO] IPUIPlugin:80 - create IPUIPlugin
2025-09-07 19:07:42,155 [INFO] PluginManager:220 - loadIPPluginJar : add aes
2025-09-07 19:07:42,160 [INFO] IPUIPlugin:80 - create IPUIPlugin
2025-09-07 19:07:42,160 [INFO] PluginManager:220 - loadIPPluginJar : add can
2025-09-07 19:07:42,163 [INFO] IPUIPlugin:80 - create IPUIPlugin
2025-09-07 19:07:42,165 [INFO] PluginManager:220 - loadIPPluginJar : add comp
2025-09-07 19:07:42,170 [INFO] IPUIPlugin:80 - create IPUIPlugin
2025-09-07 19:07:42,170 [INFO] PluginManager:220 - loadIPPluginJar : add cryp
2025-09-07 19:07:42,176 [INFO] IPUIPlugin:80 - create IPUIPlugin
2025-09-07 19:07:42,176 [INFO] PluginManager:220 - loadIPPluginJar : add ddr_ctrl_phy
2025-09-07 19:07:42,181 [INFO] IPUIPlugin:80 - create IPUIPlugin
2025-09-07 19:07:42,181 [INFO] PluginManager:220 - loadIPPluginJar : add dfsdm
2025-09-07 19:07:42,193 [INFO] IPUIPlugin:80 - create IPUIPlugin
2025-09-07 19:07:42,195 [INFO] PluginManager:220 - loadIPPluginJar : add dma
2025-09-07 19:07:42,199 [INFO] IPUIPlugin:80 - create IPUIPlugin
2025-09-07 19:07:42,199 [INFO] PluginManager:220 - loadIPPluginJar : add dma3
2025-09-07 19:07:42,205 [INFO] IPUIPlugin:80 - create IPUIPlugin
2025-09-07 19:07:42,207 [INFO] PluginManager:220 - loadIPPluginJar : add extmemmanager
2025-09-07 19:07:42,210 [INFO] IPUIPlugin:80 - create IPUIPlugin
2025-09-07 19:07:42,210 [INFO] PluginManager:220 - loadIPPluginJar : add fatfs
2025-09-07 19:07:42,218 [INFO] IPUIPlugin:80 - create IPUIPlugin
2025-09-07 19:07:42,218 [INFO] PluginManager:220 - loadIPPluginJar : add fmc
2025-09-07 19:07:42,230 [INFO] IPUIPlugin:80 - create IPUIPlugin
2025-09-07 19:07:42,230 [INFO] PluginManager:220 - loadIPPluginJar : add freertos
2025-09-07 19:07:42,232 [INFO] IPUIPlugin:80 - create IPUIPlugin
2025-09-07 19:07:42,234 [INFO] PluginManager:220 - loadIPPluginJar : add genericplugin
2025-09-07 19:07:42,238 [INFO] IPUIPlugin:80 - create IPUIPlugin
2025-09-07 19:07:42,238 [INFO] PluginManager:220 - loadIPPluginJar : add gfxmmu
2025-09-07 19:07:42,246 [INFO] IPUIPlugin:80 - create IPUIPlugin
2025-09-07 19:07:42,246 [INFO] PluginManager:220 - loadIPPluginJar : add gic
2025-09-07 19:07:42,250 [INFO] IPUIPlugin:80 - create IPUIPlugin
2025-09-07 19:07:42,250 [INFO] PluginManager:220 - loadIPPluginJar : add gpio
2025-09-07 19:07:42,253 [INFO] IPUIPlugin:80 - create IPUIPlugin
2025-09-07 19:07:42,253 [INFO] PluginManager:220 - loadIPPluginJar : add gtzc
2025-09-07 19:07:42,261 [INFO] IPUIPlugin:80 - create IPUIPlugin
2025-09-07 19:07:42,261 [INFO] PluginManager:220 - loadIPPluginJar : add hash
2025-09-07 19:07:42,267 [INFO] IPUIPlugin:80 - create IPUIPlugin
2025-09-07 19:07:42,269 [INFO] PluginManager:220 - loadIPPluginJar : add i2c
2025-09-07 19:07:42,272 [INFO] IPUIPlugin:80 - create IPUIPlugin
2025-09-07 19:07:42,272 [INFO] PluginManager:220 - loadIPPluginJar : add i2s
2025-09-07 19:07:42,279 [INFO] IPUIPlugin:80 - create IPUIPlugin
2025-09-07 19:07:42,279 [INFO] PluginManager:220 - loadIPPluginJar : add i3c
2025-09-07 19:07:42,285 [INFO] IPUIPlugin:80 - create IPUIPlugin
2025-09-07 19:07:42,285 [INFO] PluginManager:220 - loadIPPluginJar : add ipddr
2025-09-07 19:07:42,297 [INFO] IPUIPlugin:80 - create IPUIPlugin
2025-09-07 19:07:42,297 [INFO] PluginManager:220 - loadIPPluginJar : add linkedlist
2025-09-07 19:07:42,300 [INFO] IPUIPlugin:80 - create IPUIPlugin
2025-09-07 19:07:42,300 [INFO] PluginManager:220 - loadIPPluginJar : add lorawan
2025-09-07 19:07:42,300 [INFO] IPUIPlugin:80 - create IPUIPlugin
2025-09-07 19:07:42,300 [INFO] PluginManager:220 - loadIPPluginJar : add ltdc
2025-09-07 19:07:42,314 [INFO] IPUIPlugin:80 - create IPUIPlugin
2025-09-07 19:07:42,314 [INFO] PluginManager:220 - loadIPPluginJar : add mdma
2025-09-07 19:07:42,321 [INFO] IPUIPlugin:80 - create IPUIPlugin
2025-09-07 19:07:42,321 [INFO] PluginManager:220 - loadIPPluginJar : add nvic
2025-09-07 19:07:42,325 [INFO] IPUIPlugin:80 - create IPUIPlugin
2025-09-07 19:07:42,325 [INFO] PluginManager:220 - loadIPPluginJar : add opamp
2025-09-07 19:07:42,332 [INFO] IPUIPlugin:80 - create IPUIPlugin
2025-09-07 19:07:42,332 [INFO] PluginManager:220 - loadIPPluginJar : add openamp
2025-09-07 19:07:42,334 [INFO] IPUIPlugin:80 - create IPUIPlugin
2025-09-07 19:07:42,334 [INFO] PluginManager:220 - loadIPPluginJar : add pdm2pcm
2025-09-07 19:07:42,349 [INFO] IPUIPlugin:80 - create IPUIPlugin
2025-09-07 19:07:42,355 [INFO] PluginManager:220 - loadIPPluginJar : add plateformsettings
2025-09-07 19:07:42,357 [INFO] IPUIPlugin:80 - create IPUIPlugin
2025-09-07 19:07:42,357 [INFO] PluginManager:220 - loadIPPluginJar : add quadspi
2025-09-07 19:07:42,363 [INFO] IPUIPlugin:80 - create IPUIPlugin
2025-09-07 19:07:42,363 [INFO] PluginManager:220 - loadIPPluginJar : add radio
2025-09-07 19:07:42,372 [INFO] IPUIPlugin:80 - create IPUIPlugin
2025-09-07 19:07:42,372 [INFO] PluginManager:220 - loadIPPluginJar : add resmgrutility
2025-09-07 19:07:42,378 [INFO] IPUIPlugin:80 - create IPUIPlugin
2025-09-07 19:07:42,378 [INFO] PluginManager:220 - loadIPPluginJar : add sai
2025-09-07 19:07:42,384 [INFO] IPUIPlugin:80 - create IPUIPlugin
2025-09-07 19:07:42,384 [INFO] PluginManager:220 - loadIPPluginJar : add spi
2025-09-07 19:07:42,396 [INFO] IPUIPlugin:80 - create IPUIPlugin
2025-09-07 19:07:42,397 [INFO] PluginManager:220 - loadIPPluginJar : add stm32_wpan
2025-09-07 19:07:42,399 [INFO] IPUIPlugin:80 - create IPUIPlugin
2025-09-07 19:07:42,399 [INFO] PluginManager:220 - loadIPPluginJar : add tim
2025-09-07 19:07:42,405 [INFO] IPUIPlugin:80 - create IPUIPlugin
2025-09-07 19:07:42,409 [INFO] PluginManager:220 - loadIPPluginJar : add touchsensing
2025-09-07 19:07:42,412 [INFO] IPUIPlugin:80 - create IPUIPlugin
2025-09-07 19:07:42,412 [INFO] PluginManager:220 - loadIPPluginJar : add tracer_emb
2025-09-07 19:07:42,416 [INFO] IPUIPlugin:80 - create IPUIPlugin
2025-09-07 19:07:42,416 [INFO] PluginManager:220 - loadIPPluginJar : add ts
2025-09-07 19:07:42,420 [INFO] IPUIPlugin:80 - create IPUIPlugin
2025-09-07 19:07:42,420 [INFO] PluginManager:220 - loadIPPluginJar : add tsc
2025-09-07 19:07:42,424 [INFO] IPUIPlugin:80 - create IPUIPlugin
2025-09-07 19:07:42,424 [INFO] PluginManager:220 - loadIPPluginJar : add ucpd
2025-09-07 19:07:42,429 [INFO] IPUIPlugin:80 - create IPUIPlugin
2025-09-07 19:07:42,431 [INFO] PluginManager:220 - loadIPPluginJar : add usart
2025-09-07 19:07:42,437 [INFO] IPUIPlugin:80 - create IPUIPlugin
2025-09-07 19:07:42,437 [INFO] PluginManager:220 - loadIPPluginJar : add usbx
2025-09-07 19:07:42,626 [FATAL] Updater:351 - Updater called before beeing initialized
2025-09-07 19:07:42,682 [INFO] RulesReader:64 - Compatibility file has been processed (317 Rules)
2025-09-07 19:07:42,711 [INFO] RulesReader:64 - Compatibility file has been processed (317 Rules)
2025-09-07 19:07:42,735 [INFO] CADModel:165 - CPN selected for project level
2025-09-07 19:07:42,735 [INFO] CADModel:114 - Register for checkConnection events
2025-09-07 19:07:42,735 [FATAL] Updater:351 - Updater called before beeing initialized
2025-09-07 19:07:42,735 [ERROR] CADModel:125 - Updater not yet initialized, retry later 
2025-09-07 19:07:43,086 [FATAL] Updater:351 - Updater called before beeing initialized
2025-09-07 19:07:43,090 [INFO] CADModel:165 - CPN selected for project level
2025-09-07 19:07:43,090 [INFO] CADModel:114 - Register for checkConnection events
2025-09-07 19:07:43,090 [FATAL] Updater:351 - Updater called before beeing initialized
2025-09-07 19:07:43,090 [ERROR] CADModel:125 - Updater not yet initialized, retry later 
2025-09-07 19:07:43,098 [FATAL] Updater:351 - Updater called before beeing initialized
2025-09-07 19:07:43,321 [FATAL] Updater:351 - Updater called before beeing initialized
2025-09-07 19:07:43,332 [INFO] DbMcusAds:53 - JSON generation date=Tue Jul 08 13:44:23 IST 2025 (1751962463582)
2025-09-07 19:07:43,332 [FATAL] Updater:351 - Updater called before beeing initialized
2025-09-07 19:07:43,431 [WARN] DetailPanel:346 - Failed to get advertising image, set to default
2025-09-07 19:07:43,616 [FATAL] Updater:351 - Updater called before beeing initialized
2025-09-07 19:07:43,620 [FATAL] Updater:351 - Updater called before beeing initialized
2025-09-07 19:07:43,620 [FATAL] Updater:351 - Updater called before beeing initialized
2025-09-07 19:07:43,620 [WARN] DetailPanel:346 - Failed to get advertising image, set to default
2025-09-07 19:07:43,622 [FATAL] Updater:351 - Updater called before beeing initialized
2025-09-07 19:07:43,749 [ERROR] Updater:1198 - MainUpdater not yet initialized. External WinMGr cannot be set.
2025-09-07 19:07:43,751 [INFO] Updater:1134 - Updater Version found : 6.15.0
2025-09-07 19:07:43,792 [INFO] ApplicationProperties:184 - Using Application install path: C:\ST\STM32CubeIDE_1.19.0\STM32CubeIDE\plugins\com.st.stm32cube.common.mx_6.15.0.202507011659
2025-09-07 19:07:43,972 [INFO] ThirdPartyUpdaterWithRetryManager:70 - Updater plugin not ready yet. [2/15]
2025-09-07 19:07:45,433 [ERROR] LogOutputStream:75 - [STDERR_REDIRECT] Sep 07, 2025 7:07:45 PM java.util.prefs.WindowsPreferences <init>
2025-09-07 19:07:45,435 [ERROR] LogOutputStream:75 - [STDERR_REDIRECT] WARNING: Could not open/create prefs root node Software\JavaSoft\Prefs at root 0xffffffff80000002. Windows RegCreateKeyEx(...) returned error code 5.
2025-09-07 19:07:45,435 [ERROR] LogOutputStream:75 - [STDERR_REDIRECT] 
2025-09-07 19:07:45,824 [INFO] MainUpdater:2872 - connection check result : 22
2025-09-07 19:07:45,826 [INFO] MainUpdater:289 - Updater Check For Update Now.
2025-09-07 19:07:45,826 [INFO] MicroXplorer:498 - Change Database Version : DB.6.0.150
2025-09-07 19:07:45,864 [INFO] McuFinderGlobals:63 - Set McuFinder mode to 2 (CubeIDE integrated)
2025-09-07 19:07:45,864 [INFO] UserAuth:171 - activating auth plugin
2025-09-07 19:07:46,072 [INFO] UserAuth:487 - Internet connection configuration mode: 2
2025-09-07 19:07:46,127 [INFO] UserAuth:487 - Internet connection configuration mode: 2
2025-09-07 19:07:46,201 [INFO] CheckServerUpdateThread:120 - End of CheckServer Thread
2025-09-07 19:07:47,529 [WARN] PackLoader:240 - Cannot read IP mode file for STMicroelectronics.FP-SNS-MOTENVWB1.1.4.0
2025-09-07 19:07:47,547 [WARN] PackLoader:240 - Cannot read IP mode file for STMicroelectronics.FP-ATR-ASTRA1.2.0.2
2025-09-07 19:07:47,561 [WARN] PackLoader:240 - Cannot read IP mode file for STMicroelectronics.X-CUBE-SMBUS.2.1.0
2025-09-07 19:07:47,571 [WARN] PackLoader:240 - Cannot read IP mode file for STMicroelectronics.X-CUBE-ST60.1.0.0
2025-09-07 19:07:47,632 [WARN] PackLoader:240 - Cannot read IP mode file for STMicroelectronics.X-CUBE-AZRTOS-F7.1.1.0
2025-09-07 19:07:47,659 [WARN] PackLoader:240 - Cannot read IP mode file for WES.I-CUBE-Cesium.1.4.0
2025-09-07 19:07:47,708 [WARN] PackLoader:240 - Cannot read IP mode file for Infineon.AIROC-Wi-Fi-Bluetooth-STM32.1.7.1
2025-09-07 19:07:47,769 [WARN] PackLoader:240 - Cannot read IP mode file for STMicroelectronics.X-CUBE-AZRTOS-H7.3.4.0
2025-09-07 19:07:47,788 [WARN] PackLoader:240 - Cannot read IP mode file for STMicroelectronics.X-CUBE-DISPLAY.3.0.0
2025-09-07 19:07:47,808 [WARN] PackLoader:240 - Cannot read IP mode file for STMicroelectronics.X-CUBE-NFC10.1.0.0
2025-09-07 19:07:47,818 [WARN] PackLoader:240 - Cannot read IP mode file for emotas.I-CUBE-CANOPEN.1.3.0
2025-09-07 19:07:47,829 [WARN] PackLoader:240 - Cannot read IP mode file for STMicroelectronics.FP-SNS-STBOX1.2.1.0
2025-09-07 19:07:47,842 [WARN] PackLoader:240 - Cannot read IP mode file for STMicroelectronics.FP-SNS-SMARTAG2.1.2.0
2025-09-07 19:07:47,849 [WARN] PackLoader:240 - Cannot read IP mode file for STMicroelectronics.FP-SNS-FLIGHT1.5.1.0
2025-09-07 19:07:47,864 [INFO] LogOutputStream:77 - [STDOUT_REDIRECT] 1 : Invalid condition id : UX_CORESTACK_Condition cause : null
2025-09-07 19:07:47,865 [INFO] LogOutputStream:77 - [STDOUT_REDIRECT] 1 : Invalid condition id : UX_CORESTACK_Condition cause : null
2025-09-07 19:07:47,869 [INFO] LogOutputStream:77 - [STDOUT_REDIRECT] 1 : Invalid condition id : UX_CORESTACK_Condition cause : null
2025-09-07 19:07:47,871 [INFO] LogOutputStream:77 - [STDOUT_REDIRECT] 1 : Invalid condition id : UX_CORESTACK_Condition cause : null
2025-09-07 19:07:47,874 [INFO] LogOutputStream:77 - [STDOUT_REDIRECT] 1 : Invalid condition id : UX_CORESTACK_Condition cause : null
2025-09-07 19:07:47,881 [WARN] PackLoader:240 - Cannot read IP mode file for STMicroelectronics.X-CUBE-AZRTOS-WL.2.0.0
2025-09-07 19:07:47,889 [WARN] PackLoader:240 - Cannot read IP mode file for STMicroelectronics.FP-SNS-MOTENV1.5.0.0
2025-09-07 19:07:47,900 [WARN] PackLoader:240 - Cannot read IP mode file for STMicroelectronics.X-CUBE-BLE2.3.3.0
2025-09-07 19:07:47,938 [WARN] PackLoader:240 - Cannot read IP mode file for STMicroelectronics.X-CUBE-NFC9.1.0.0
2025-09-07 19:07:47,950 [WARN] PackLoader:240 - Cannot read IP mode file for wolfSSL.I-CUBE-wolfSSL.5.8.2
2025-09-07 19:07:47,961 [WARN] PackLoader:240 - Cannot read IP mode file for STMicroelectronics.X-CUBE-BLE1.7.1.0
2025-09-07 19:07:47,968 [WARN] PackLoader:240 - Cannot read IP mode file for wolfSSL.I-CUBE-wolfMQTT.1.19.2
2025-09-07 19:07:47,979 [WARN] PackLoader:240 - Cannot read IP mode file for STMicroelectronics.X-CUBE-EEPRMA1.5.2.0
2025-09-07 19:07:48,005 [WARN] PackLoader:240 - Cannot read IP mode file for STMicroelectronics.X-CUBE-AZRTOS-G0.1.1.0
2025-09-07 19:07:48,016 [WARN] PackLoader:240 - Cannot read IP mode file for STMicroelectronics.X-CUBE-SAFEA1.1.2.2
2025-09-07 19:07:48,026 [WARN] PackLoader:240 - Cannot read IP mode file for STMicroelectronics.X-CUBE-NFC4.3.0.0
2025-09-07 19:07:48,042 [WARN] PackLoader:240 - Cannot read IP mode file for EmbeddedOffice.I-CUBE-FS-RTOS.1.0.1
2025-09-07 19:07:48,050 [WARN] PackLoader:240 - Cannot read IP mode file for STMicroelectronics.X-CUBE-WB05N.2.0.0
2025-09-07 19:07:48,056 [WARN] PackLoader:240 - Cannot read IP mode file for wolfSSL.I-CUBE-wolfTPM.3.8.0
2025-09-07 19:07:48,065 [WARN] PackLoader:240 - Cannot read IP mode file for STMicroelectronics.X-CUBE-TCPP.4.2.0
2025-09-07 19:07:48,076 [WARN] PackLoader:240 - Cannot read IP mode file for RealThread.X-CUBE-RT-Thread_Nano.4.1.1
2025-09-07 19:07:48,083 [WARN] PackLoader:240 - Cannot read IP mode file for STMicroelectronics.FP-ATR-SIGFOX1.3.2.0
2025-09-07 19:07:48,094 [WARN] PackLoader:240 - Cannot read IP mode file for ITTIA_DB.I-CUBE-ITTIADB.8.9.0
2025-09-07 19:07:48,103 [WARN] PackLoader:240 - Cannot read IP mode file for STMicroelectronics.X-CUBE-ST67W61.1.0.0
2025-09-07 19:07:48,108 [WARN] PackLoader:240 - Cannot read IP mode file for STMicroelectronics.X-CUBE-AI.10.2.0
2025-09-07 19:07:48,151 [WARN] PackLoader:240 - Cannot read IP mode file for SEGGER.I-CUBE-embOS.1.3.1
2025-09-07 19:07:48,199 [WARN] PackLoader:240 - Cannot read IP mode file for STMicroelectronics.X-CUBE-ALGOBUILD.1.4.0
2025-09-07 19:07:48,272 [WARN] PackLoader:240 - Cannot read IP mode file for STMicroelectronics.X-CUBE-MEMS1.11.3.0
2025-09-07 19:07:48,615 [WARN] PackLoader:240 - Cannot read IP mode file for STMicroelectronics.X-CUBE-PM33A1.1.0.0
2025-09-07 19:07:48,650 [WARN] PackLoader:240 - Cannot read IP mode file for STMicroelectronics.X-CUBE-AZRTOS-F4.1.1.0
2025-09-07 19:07:48,661 [WARN] PackLoader:240 - Cannot read IP mode file for Avnet-IotConnect.X-CUBE-IoTC-DA16k-PMOD.1.0.0
2025-09-07 19:07:48,666 [WARN] PackLoader:240 - Cannot read IP mode file for STMicroelectronics.X-CUBE-ISPU.2.1.0
2025-09-07 19:07:48,675 [WARN] PackLoader:240 - Cannot read IP mode file for STMicroelectronics.X-CUBE-NFC12.1.0.0
2025-09-07 19:07:48,710 [WARN] PackLoader:240 - Cannot read IP mode file for STMicroelectronics.X-CUBE-AZRTOS-L5.2.0.0
2025-09-07 19:07:48,732 [WARN] PackLoader:240 - Cannot read IP mode file for STMicroelectronics.X-CUBE-NFC6.3.1.0
2025-09-07 19:07:48,748 [WARN] PackLoader:240 - Cannot read IP mode file for STMicroelectronics.X-CUBE-FREERTOS.1.3.1
2025-09-07 19:07:48,762 [WARN] PackLoader:240 - Cannot read IP mode file for STMicroelectronics.FP-SNS-STAIOTCFT.1.0.0
2025-09-07 19:07:48,774 [WARN] PackLoader:240 - Cannot read IP mode file for STMicroelectronics.X-CUBE-DPower.1.3.0
2025-09-07 19:07:48,814 [WARN] ConditionMgr:438 - getConditionDescription Invalid condition id : LAN8742 Phy interface Condition cause : null
2025-09-07 19:07:48,817 [WARN] PackLoader:240 - Cannot read IP mode file for STMicroelectronics.X-CUBE-AZRTOS-L4.2.0.0
2025-09-07 19:07:48,832 [WARN] ConditionMgr:1044 - genDependencies : Invalid condition id : LAN8742 Phy interface Condition cause : null
2025-09-07 19:07:48,833 [WARN] ConditionMgr:1044 - genDependencies : Invalid condition id : LAN8742 Phy interface Condition cause : null
2025-09-07 19:07:48,834 [WARN] ConditionMgr:1044 - genDependencies : Invalid condition id : LAN8742 Phy interface Condition cause : null
2025-09-07 19:07:48,857 [WARN] PackLoader:240 - Cannot read IP mode file for STMicroelectronics.X-CUBE-SFXS2LP1.4.0.0
2025-09-07 19:07:48,882 [WARN] PackLoader:240 - Cannot read IP mode file for STMicroelectronics.X-CUBE-BLEMGR.4.1.0
2025-09-07 19:07:48,919 [WARN] ConditionMgr:438 - getConditionDescription Invalid condition id : UX DEVICE CLASS RTOS Condition cause : null
2025-09-07 19:07:48,920 [WARN] ConditionMgr:438 - getConditionDescription Invalid condition id : UX DEVICE CLASS RTOS Condition cause : null
2025-09-07 19:07:48,925 [WARN] PackLoader:240 - Cannot read IP mode file for STMicroelectronics.X-CUBE-AZRTOS-WB.2.0.0
2025-09-07 19:07:48,926 [WARN] ConditionMgr:1044 - genDependencies : Invalid condition id : UX DEVICE CLASS RTOS Condition cause : null
2025-09-07 19:07:48,927 [WARN] ConditionMgr:1044 - genDependencies : Invalid condition id : UX DEVICE CLASS RTOS Condition cause : null
2025-09-07 19:07:48,928 [WARN] ConditionMgr:1044 - genDependencies : Invalid condition id : UX DEVICE CLASS RTOS Condition cause : null
2025-09-07 19:07:48,928 [WARN] ConditionMgr:1044 - genDependencies : Invalid condition id : UX DEVICE CLASS RTOS Condition cause : null
2025-09-07 19:07:48,929 [WARN] ConditionMgr:1044 - genDependencies : Invalid condition id : UX DEVICE CLASS RTOS Condition cause : null
2025-09-07 19:07:48,944 [WARN] PackLoader:240 - Cannot read IP mode file for STMicroelectronics.X-CUBE-GNSS1.7.0.1
2025-09-07 19:07:48,964 [WARN] PackLoader:240 - Cannot read IP mode file for STMicroelectronics.X-CUBE-TOUCHGFX.4.25.0
2025-09-07 19:07:48,977 [WARN] ConditionMgr:438 - getConditionDescription Invalid condition id : Cortex-A Device cause : null
2025-09-07 19:07:49,043 [WARN] ConditionMgr:1044 - genDependencies : Invalid condition id : Cortex-A Device cause : null
2025-09-07 19:07:49,043 [WARN] ConditionMgr:1044 - genDependencies : Invalid condition id : Cortex-A Device cause : null
2025-09-07 19:07:49,043 [WARN] ConditionMgr:1044 - genDependencies : Invalid condition id : Cortex-A Device cause : null
2025-09-07 19:07:49,062 [WARN] PackLoader:240 - Cannot read IP mode file for STMicroelectronics.X-CUBE-SUBG2.5.0.0
2025-09-07 19:07:49,109 [WARN] PackLoader:240 - Cannot read IP mode file for STMicroelectronics.X-CUBE-AZRTOS-H7RS.1.1.0
2025-09-07 19:07:49,119 [WARN] PackLoader:240 - Cannot read IP mode file for Cesanta.I-CUBE-Mongoose.7.13.0
2025-09-07 19:07:49,148 [WARN] PackLoader:240 - Cannot read IP mode file for STMicroelectronics.X-CUBE-AZRTOS-G4.2.0.0
2025-09-07 19:07:49,160 [WARN] PackLoader:240 - Cannot read IP mode file for wolfSSL.I-CUBE-wolfSSH.1.4.20
2025-09-07 19:07:49,167 [WARN] PackLoader:240 - Cannot read IP mode file for STMicroelectronics.X-CUBE-NFC7.2.0.0
2025-09-07 19:07:49,196 [WARN] PackLoader:240 - Cannot read IP mode file for STMicroelectronics.X-CUBE-IPS.3.1.0
2025-09-07 19:07:49,207 [WARN] PackLoader:240 - Cannot read IP mode file for STMicroelectronics.X-CUBE-ALS.1.0.2
2025-09-07 19:07:49,217 [WARN] PackLoader:240 - Cannot read IP mode file for STMicroelectronics.X-CUBE-STSE01.1.0.0
2025-09-07 19:07:49,235 [WARN] PackLoader:240 - Cannot read IP mode file for STMicroelectronics.X-CUBE-TOF1.3.4.3
2025-09-07 19:07:49,251 [INFO] ThirdParty:978 - Integrity check success = true
2025-09-07 19:07:49,252 [INFO] IntegrityCheckThread:100 - exiting critical section [integrity check]
2025-09-07 19:07:49,252 [INFO] IntegrityCheckThread:103 - End integrity checks thread
2025-09-07 19:19:42,066 [INFO] McuFinderGlobals:63 - Set McuFinder mode to 2 (CubeIDE integrated)
2025-09-07 19:19:42,102 [INFO] UserAuth:171 - activating auth plugin
2025-09-07 19:19:42,235 [INFO] UserAuth:487 - Internet connection configuration mode: 2
2025-09-07 19:19:45,121 [INFO] UserAuth:487 - Internet connection configuration mode: 2
2025-09-07 19:19:45,301 [INFO] JxBrowserEngine:152 - Initiate JxBrowser Engine with user profile folder
2025-09-07 19:19:48,032 [INFO] WebApp:169 - Instantiating new browser for Auth
2025-09-07 19:19:50,387 [INFO] WebApp:463 - Apply proxy settings
2025-09-07 19:19:50,395 [INFO] WebApp:548 - Chromium requires no authentication
2025-09-07 19:19:50,416 [INFO] WebApp:491 - Direct internet connection detected
2025-09-07 19:19:50,473 [INFO] WebApp:900 - Register for checkConnection events
2025-09-07 19:19:50,474 [INFO] WebApp:463 - Apply proxy settings
2025-09-07 19:19:50,474 [INFO] WebApp:548 - Chromium requires no authentication
2025-09-07 19:19:50,475 [INFO] WebApp:491 - Direct internet connection detected
2025-09-07 19:19:50,935 [INFO] WebApp:225 - Starting web application
2025-09-07 19:19:50,935 [INFO] WebApp:593 - Web application path used C:\ST\STM32CubeIDE_1.19.0\STM32CubeIDE\plugins\com.st.stm32cube.common.mx_6.15.0.202507011659\db\plugins\mcufinder\reactClient1\index.html
2025-09-07 20:36:05,150 [INFO] McuFinderGlobals:63 - Set McuFinder mode to 2 (CubeIDE integrated)
2025-09-07 20:36:05,188 [INFO] UserAuth:171 - activating auth plugin
2025-09-07 20:36:05,397 [INFO] UserAuth:487 - Internet connection configuration mode: 2
2025-09-07 20:36:08,484 [INFO] UserAuth:487 - Internet connection configuration mode: 2
2025-09-07 20:38:08,952 [INFO] McuFinderGlobals:63 - Set McuFinder mode to 2 (CubeIDE integrated)
2025-09-07 20:38:08,985 [INFO] MainUpdater:2872 - connection check result : 22
2025-09-07 20:38:55,460 [INFO] MainUpdater:2872 - connection check result : 10
2025-09-07 20:38:57,035 [INFO] ApiDb:581 - Connected to CubeFinder SQLite database (C:\Users\aksha\.stmcufinder\plugins\mcufinder\mcu\cube-finder-db.db)
2025-09-07 20:38:57,190 [INFO] ApiDb:668 - CubeFinder database Data Model version=2.1
2025-09-07 20:38:57,190 [INFO] ApiDb:669 - CubeFinder database Configuration version=3.0.39
2025-09-07 20:38:57,191 [INFO] ApiDb:670 - CubeFinder database generation date=2025-07-24 (1753349077)
2025-09-07 20:38:57,192 [INFO] ApiDb:671 - CubeFinder database FW Pack versions=[FP-ATR-ASTRA1_V2.0.0, FP-SNS-FLIGHT1_V5.1.0, FP-SNS-MOTENV1_V5.0.0, FP-SNS-MOTENVWB1_V1.4.0, FP-SNS-SMARTAG2_V1.2.0, FP-SNS-STBOX1_V2.0.0, STM32Cube_FW_C0_V1.4.0, STM32Cube_FW_F4_V1.28.2, STM32Cube_FW_F7_V1.17.3, STM32Cube_FW_G0_V1.6.2, STM32Cube_FW_G4_V1.6.1, STM32Cube_FW_H5_V1.5.0, STM32Cube_FW_H7RS_V1.2.0, STM32Cube_FW_H7_V1.12.1, STM32Cube_FW_L0_V1.12.2, STM32Cube_FW_L4_V1.18.1, STM32Cube_FW_L5_V1.5.1, STM32Cube_FW_N6_V1.2.0, STM32Cube_FW_U0_V1.3.0, STM32Cube_FW_U3_V1.2.0, STM32Cube_FW_U5_V1.8.0, STM32Cube_FW_WB0_V1.3.0, STM32Cube_FW_WBA_V1.7.0, STM32Cube_FW_WB_V1.23.0, STM32Cube_FW_WL3_V1.2.0, STM32Cube_FW_WL_V1.3.1, X-CUBE-ALGOBUILD_V1.4.0, X-CUBE-ALS_V1.0.2, X-CUBE-AZRTOS-F4_V1.1.0, X-CUBE-AZRTOS-F7_V1.1.0, X-CUBE-AZRTOS-G0_V1.1.0, X-CUBE-AZRTOS-G4_V2.0.0, X-CUBE-AZRTOS-H7RS_V1.1.0, X-CUBE-AZRTOS-H7_V3.4.0, X-CUBE-AZRTOS-L4_V2.0.0, X-CUBE-AZRTOS-L5_V2.0.0, X-CUBE-AZRTOS-WB_V2.0.0, X-CUBE-AZRTOS-WL_V2.0.0, X-CUBE-BLE1_V7.1.0, X-CUBE-BLE2_V3.3.0, X-CUBE-BLEMGR_V4.1.0, X-CUBE-EEPRMA1_V5.2.0, X-CUBE-FREERTOS_V1.3.1, X-CUBE-GNSS1_V6.0.0, X-CUBE-MEMS1_V11.3.0, X-CUBE-NFC4_V3.0.0, X-CUBE-NFC7_V2.0.0, X-CUBE-SFXS2LP1_V4.0.0, X-CUBE-ST67W61_V1.0.0, X-CUBE-SUBG2_V5.0.0, X-CUBE-TOF1_V3.4.3]
2025-09-07 20:39:00,708 [INFO] ApiDb:240 - Found 880 in-development CPN: [B-G473E-ZEST1S, B-WB1M-WPAN1, B-WBA5M-WPAN, B-WL5M-SUBG1, NUCLEO-C031C6, NUCLEO-C051C8, NUCLEO-C071RB, NUCLEO-C092RC, NUCLEO-H503RB, NUCLEO-H533RE, NUCLEO-H563ZI, NUCLEO-H7S3L8, NUCLEO-N657X0-Q, NUCLEO-U031R8, NUCLEO-U083RC, NUCLEO-U385RG-Q, NUCLEO-U545RE-Q, NUCLEO-U5A5ZJ-Q, NUCLEO-WB05KZ, NUCLEO-WB07CC, NUCLEO-WB09KE, NUCLEO-WBA52CG, NUCLEO-WBA55CG, NUCLEO-WL33CC1, NUCLEO-WL33CC2, STEVAL-PROTEUS1, STEVAL-SMARTAG2, STEVAL-STWINBX1, STM320518-EVAL, STM32C0116-DK, STM32C011D6Y3TR, STM32C011D6Y6TR, STM32C011F4P3, STM32C011F4P6, STM32C011F4U3, STM32C011F4U6TR, STM32C011F6P3, STM32C011F6P6, STM32C011F6U3, STM32C011F6U6TR, STM32C011J4M3, STM32C011J4M6, STM32C011J6M3, STM32C011J6M6, STM32C0316-DK, STM32C031C4T3, STM32C031C4T6, STM32C031C4U3, STM32C031C4U6, STM32C031C6T3, STM32C031C6T6, STM32C031C6U3, STM32C031C6U6, STM32C031F4P3, STM32C031F4P6, STM32C031F6P3, STM32C031F6P6, STM32C031G4U3, STM32C031G4U6, STM32C031G6U3, STM32C031G6U6, STM32C031K4T3, STM32C031K4T6, STM32C031K4U3, STM32C031K4U6, STM32C031K6T3, STM32C031K6T6, STM32C031K6U3, STM32C031K6U6, STM32C051C6T6, STM32C051C6U6, STM32C051C8T6, STM32C051C8U6, STM32C051D8Y6TR, STM32C051F6P6, STM32C051F8P6, STM32C051G6U6, STM32C051G8U6, STM32C051K6T6, STM32C051K6U6, STM32C051K8T6, STM32C071C8T6, STM32C071C8T6N, STM32C071C8U6, STM32C071C8U6N, STM32C071CBT6, STM32C071CBT6N, STM32C071CBU6, STM32C071CBU6N, STM32C071F8P6, STM32C071F8P6N, STM32C071FBP6, STM32C071FBP6N, STM32C071FBY6TR, STM32C071G8U6, STM32C071G8U6N, STM32C071GBU6, STM32C071GBU6N, STM32C071K8T6, STM32C071K8T6N, STM32C071K8U6, STM32C071K8U6N, STM32C071KBT6, STM32C071KBT6N, STM32C071KBU6, STM32C071KBU6N, STM32C071R8T6, STM32C071R8T6N, STM32C071RBI6N, STM32C071RBT6, STM32C071RBT6N, STM32C091CBT6, STM32C091CBU6, STM32C091CCT6, STM32C091CCU6, STM32C091ECY6TR, STM32C091FBP6, STM32C091FCP6, STM32C091GBU6, STM32C091GCU6, STM32C091KBT6, STM32C091KBU6, STM32C091KCT6, STM32C091KCU6, STM32C091RBT6, STM32C091RCI6, STM32C091RCT6, STM32C092CBT6, STM32C092CBU6, STM32C092CCT6, STM32C092CCU6, STM32C092ECY6TR, STM32C092FBP6, STM32C092FCP6, STM32C092GBU6, STM32C092GCU6, STM32C092KBT6, STM32C092KBU6, STM32C092KCT6, STM32C092KCU6, STM32C092RBT6, STM32C092RCI6, STM32C092RCT6, STM32G071K8TXN, STM32G071K8UXN, STM32G081GBU6N, STM32G081KBT6N, STM32G081KBUXN, STM32G0B1CCT6N, STM32G0B1KCT6, STM32G0B1NEY6TR, STM32G0B1RCT6N, STM32G0C1CCT6, STM32G0C1CCT6N, STM32G0C1CCU6N, STM32G0C1CET6N, STM32G0C1CEU6N, STM32G0C1KCT6, STM32G0C1NEY6TR, STM32G0C1RCI6N, STM32G0C1RCT6N, STM32G0C1REI6N, STM32G0C1RET6N, STM32G0C1VCI6, STM32G0C1VEI6, STM32G411C6T3, STM32G411C6T6, STM32G411C6U3, STM32G411C6U6, STM32G411C8T3, STM32G411C8T6, STM32G411C8U3, STM32G411C8U6, STM32G411CBT3, STM32G411CBT6, STM32G411CBU3, STM32G411CBU6, STM32G411K6T3, STM32G411K6T6, STM32G411K6U3, STM32G411K6U6, STM32G411K8T3, STM32G411K8T6, STM32G411K8U3, STM32G411K8U6, STM32G411KBT3, STM32G411KBT6, STM32G411KBU3, STM32G411KBU6, STM32G411M6T3, STM32G411M6T6, STM32G411M8T3, STM32G411M8T6, STM32G411MBT3, STM32G411MBT6, STM32G411R6T3, STM32G411R6T6, STM32G411R8T3, STM32G411R8T6, STM32G411RBT3, STM32G411RBT6, STM32G414CBT3, STM32G414CBT6, STM32G414CBU3, STM32G414CBU6, STM32G414CCT3, STM32G414CCT6, STM32G414CCU3, STM32G414CCU6, STM32G414MBT3, STM32G414MBT6, STM32G414MCT3, STM32G414MCT6, STM32G414RBT3, STM32G414RBT6, STM32G414RCT3, STM32G414RCT6, STM32G414VBT3, STM32G414VBT6, STM32G414VCT3, STM32G414VCT6, STM32G431CBT3Z, STM32G431RBT3Z, STM32G471CCT6, STM32G471CCU6, STM32G471CET3, STM32G471CET6, STM32G471CEU3, STM32G471CEU6, STM32G471MCT6, STM32G471MET3, STM32G471MET6, STM32G471MEY6TR, STM32G471QCT6, STM32G471QET3, STM32G471RCT6, STM32G471RET3, STM32G471RET6, STM32G471VCH6, STM32G471VCI6, STM32G471VCT6, STM32G471VEH3, STM32G471VEH6, STM32G471VEI3, STM32G471VEI6, STM32G471VET3, STM32G471VET6, STM32G473QET3Z, STM32G473RET3Z, STM32G474CCT6, STM32G491RET3Z, STM32H503CBT6, STM32H503CBU6, STM32H503EBY6TR, STM32H503KBU6, STM32H503RBT6, STM32H523CCT6, STM32H523CCU6, STM32H523CET6, STM32H523CEU6, STM32H523HEY6TR, STM32H523RCT6, STM32H523RET6, STM32H523VCI6, STM32H523VCT6, STM32H523VEI6, STM32H523VET6, STM32H523ZCJ6, STM32H523ZCT6, STM32H523ZEJ6, STM32H523ZET6, STM32H533CET6, STM32H533CEU6, STM32H533HEY6TR, STM32H533RET6, STM32H533VEI6, STM32H533VET6, STM32H533ZEJ6, STM32H533ZET6, STM32H562AGI6, STM32H562AII6, STM32H562IGK6, STM32H562IGT6, STM32H562IIK6, STM32H562IIT6, STM32H562RGT6, STM32H562RGV6, STM32H562RIT6, STM32H562RIV6, STM32H562VGT6, STM32H562VIT6, STM32H562ZGT6, STM32H562ZIT6, STM32H563AGI6, STM32H563AII3Q, STM32H563AII6, STM32H563IGK6, STM32H563IGT6, STM32H563IIK3Q, STM32H563IIK6, STM32H563IIT3Q, STM32H563IIT6, STM32H563MIY3QTR, STM32H563RGT6, STM32H563RGV6, STM32H563RIT6, STM32H563RIV6, STM32H563VGT6, STM32H563VIT3Q, STM32H563VIT6, STM32H563ZGT6, STM32H563ZIT3Q, STM32H563ZIT6, STM32H573AII3Q, STM32H573AII6, STM32H573I-DK, STM32H573IIK3Q, STM32H573IIK6, STM32H573IIT3Q, STM32H573IIT6, STM32H573MIY3QTR, STM32H573RIT6, STM32H573RIV6, STM32H573VIT3Q, STM32H573VIT6, STM32H573ZIT3Q, STM32H573ZIT6, STM32H7R3A8I6, STM32H7R3I8K6, STM32H7R3I8T6, STM32H7R3L8H6, STM32H7R3L8H6H, STM32H7R3R8V6, STM32H7R3V8H6, STM32H7R3V8T6, STM32H7R3V8Y6TR, STM32H7R3Z8J6, STM32H7R3Z8T6, STM32H7R7A8I6, STM32H7R7I8K6, STM32H7R7I8T6, STM32H7R7L8H6, STM32H7R7L8H6H, STM32H7R7Z8J6, STM32H7S3A8I6, STM32H7S3I8K6, STM32H7S3I8T6, STM32H7S3L8H6, STM32H7S3L8H6H, STM32H7S3R8V6, STM32H7S3V8H6, STM32H7S3V8T6, STM32H7S3V8Y6TR, STM32H7S3Z8J6, STM32H7S3Z8T6, STM32H7S78-DK, STM32H7S7A8I6, STM32H7S7I8K6, STM32H7S7I8T6, STM32H7S7L8H6, STM32H7S7L8H6H, STM32H7S7Z8J6, STM32L4R5QGI6STR, STM32MP131AAE3, STM32MP131AAF3, STM32MP131AAG3, STM32MP131CAE3, STM32MP131CAF3, STM32MP131CAG3, STM32MP131DAE7, STM32MP131DAF7, STM32MP131DAG7, STM32MP131FAE7, STM32MP131FAF7, STM32MP131FAG7, STM32MP133AAE3, STM32MP133AAF3, STM32MP133AAG3, STM32MP133CAE3, STM32MP133CAF3, STM32MP133CAG3, STM32MP133DAE7, STM32MP133DAF7, STM32MP133DAG7, STM32MP133FAE7, STM32MP133FAF7, STM32MP133FAG7, STM32MP135AAE3, STM32MP135AAF3, STM32MP135AAG3, STM32MP135CAE3, STM32MP135CAF3, STM32MP135CAG3, STM32MP135DAE7, STM32MP135DAF7, STM32MP135DAG7, STM32MP135F-DK, STM32MP135FAE7, STM32MP135FAF7, STM32MP135FAF7T, STM32MP135FAF7U, STM32MP135FAG7, STM32MP211AAL3, STM32MP211AAM3, STM32MP211AAN3, STM32MP211AAO3, STM32MP211CAL3, STM32MP211CAM3, STM32MP211CAN3, STM32MP211CAO3, STM32MP211DAL3, STM32MP211DAM3, STM32MP211DAN3, STM32MP211DAO3, STM32MP211FAL3, STM32MP211FAM3, STM32MP211FAN3, STM32MP211FAO3, STM32MP213AAL3, STM32MP213AAM3, STM32MP213AAN3, STM32MP213AAO3, STM32MP213CAL3, STM32MP213CAM3, STM32MP213CAN3, STM32MP213CAO3, STM32MP213DAL3, STM32MP213DAM3, STM32MP213DAN3, STM32MP213DAO3, STM32MP213FAL3, STM32MP213FAM3, STM32MP213FAN3, STM32MP213FAO3, STM32MP215AAL3, STM32MP215AAM3, STM32MP215AAN3, STM32MP215AAO3, STM32MP215CAL3, STM32MP215CAM3, STM32MP215CAN3, STM32MP215CAO3, STM32MP215DAL3, STM32MP215DAM3, STM32MP215DAN3, STM32MP215DAO3, STM32MP215F-DK, STM32MP215FAL3, STM32MP215FAM3, STM32MP215FAN3, STM32MP215FAO3, STM32MP231AAJ3, STM32MP231AAK3, STM32MP231AAL3, STM32MP231CAJ3, STM32MP231CAK3, STM32MP231CAL3, STM32MP231DAJ3, STM32MP231DAK3, STM32MP231DAL3, STM32MP231FAJ3, STM32MP231FAK3, STM32MP231FAL3, STM32MP233AAJ3, STM32MP233AAK3, STM32MP233AAL3, STM32MP233CAJ3, STM32MP233CAK3, STM32MP233CAL3, STM32MP233DAJ3, STM32MP233DAK3, STM32MP233DAL3, STM32MP233FAJ3, STM32MP233FAK3, STM32MP233FAL3, STM32MP235AAJ3, STM32MP235AAK3, STM32MP235AAL3, STM32MP235CAJ3, STM32MP235CAK3, STM32MP235CAL3, STM32MP235DAJ3, STM32MP235DAK3, STM32MP235DAL3, STM32MP235FAJ3, STM32MP235FAK3, STM32MP235FAL3, STM32MP251AAI3, STM32MP251AAK3, STM32MP251AAL3, STM32MP251CAI3, STM32MP251CAK3, STM32MP251CAL3, STM32MP251DAI3, STM32MP251DAK3, STM32MP251DAL3, STM32MP251FAI3, STM32MP251FAK3, STM32MP251FAL3, STM32MP253AAI3, STM32MP253AAK3, STM32MP253AAL3, STM32MP253CAI3, STM32MP253CAK3, STM32MP253CAL3, STM32MP253DAI3, STM32MP253DAK3, STM32MP253DAL3, STM32MP253FAI3, STM32MP253FAK3, STM32MP253FAL3, STM32MP255AAI3, STM32MP255AAK3, STM32MP255AAL3, STM32MP255CAI3, STM32MP255CAK3, STM32MP255CAL3, STM32MP255DAI3, STM32MP255DAK3, STM32MP255DAL3, STM32MP255FAI3, STM32MP255FAK3, STM32MP255FAL3, STM32MP257AAI3, STM32MP257AAK3, STM32MP257AAL3, STM32MP257CAI3, STM32MP257CAK3, STM32MP257CAL3, STM32MP257DAI3, STM32MP257DAK3, STM32MP257DAL3, STM32MP257F-DK, STM32MP257F-EV1, STM32MP257FAI3, STM32MP257FAK3, STM32MP257FAL3, STM32N645A0H3Q, STM32N645B0H3Q, STM32N645I0H3Q, STM32N645L0H3Q, STM32N645X0H3Q, STM32N645Z0H3Q, STM32N647A0H3Q, STM32N647B0H3Q, STM32N647I0H3Q, STM32N647L0H3Q, STM32N647X0H3Q, STM32N647Z0H3Q, STM32N655A0H3Q, STM32N655B0H3Q, STM32N655I0H3Q, STM32N655L0H3Q, STM32N655X0H3Q, STM32N655Z0H3Q, STM32N6570-DK, STM32N657A0H3Q, STM32N657B0H3Q, STM32N657I0H3Q, STM32N657L0H3Q, STM32N657X0H3Q, STM32N657Z0H3Q, STM32U031C6T6, STM32U031C6U6, STM32U031C8T6, STM32U031C8U6, STM32U031F4P6, STM32U031F6P6, STM32U031F8P6, STM32U031G6Y6TR, STM32U031G8Y6TR, STM32U031K4U6, STM32U031K6U6, STM32U031K8U6, STM32U031R6I6, STM32U031R6T6, STM32U031R8I6, STM32U031R8T6, STM32U073C8T6, STM32U073C8U6, STM32U073CBT6, STM32U073CBU6, STM32U073CCT6, STM32U073CCU6, STM32U073H8Y6TR, STM32U073HBY6TR, STM32U073HCY6TR, STM32U073K8U6, STM32U073KBU6, STM32U073KCU6, STM32U073M8I6, STM32U073M8T6, STM32U073MBI6, STM32U073MBT6, STM32U073MCI6, STM32U073MCT6, STM32U073R8I6, STM32U073R8T6, STM32U073RBI6, STM32U073RBT6, STM32U073RCI6, STM32U073RCT6, STM32U083C-DK, STM32U083CCT6, STM32U083CCU6, STM32U083HCY6TR, STM32U083KCU6, STM32U083MCI6, STM32U083MCT6, STM32U083RCI6, STM32U083RCT6, STM32U375CET6, STM32U375CET6Q, STM32U375CEU6, STM32U375CEU6Q, STM32U375CEY6QTR, STM32U375CGT6, STM32U375CGT6Q, STM32U375CGU6, STM32U375CGU6Q, STM32U375CGY6QTR, STM32U375KEU6, STM32U375KGU6, STM32U375REI6, STM32U375REI6Q, STM32U375RET6, STM32U375RET6Q, STM32U375REY6GTR, STM32U375REY6QTR, STM32U375RGI6, STM32U375RGI6Q, STM32U375RGT6, STM32U375RGT6Q, STM32U375RGY6GTR, STM32U375RGY6QTR, STM32U375VEI6, STM32U375VEI6Q, STM32U375VET6, STM32U375VET6Q, STM32U375VGI6, STM32U375VGI6Q, STM32U375VGT6, STM32U375VGT6Q, STM32U385CGT6, STM32U385CGT6Q, STM32U385CGU6, STM32U385CGU6Q, STM32U385CGY6QTR, STM32U385KGU6, STM32U385RGI6, STM32U385RGI6Q, STM32U385RGT6, STM32U385RGT6Q, STM32U385RGY6GTR, STM32U385RGY6QTR, STM32U385VGI6, STM32U385VGI6Q, STM32U385VGT6, STM32U385VGT6Q, STM32U535CBT6, STM32U535CBT6Q, STM32U535CBU6, STM32U535CBU6Q, STM32U535CCT6, STM32U535CCT6Q, STM32U535CCU6, STM32U535CCU6Q, STM32U535CET6, STM32U535CET6Q, STM32U535CEU6, STM32U535CEU6Q, STM32U535JEY6QTR, STM32U535NCY6QTR, STM32U535NEY6QTR, STM32U535RBI6, STM32U535RBI6Q, STM32U535RBT6, STM32U535RBT6Q, STM32U535RCI6, STM32U535RCI6Q, STM32U535RCT6, STM32U535RCT6Q, STM32U535REI6, STM32U535REI6Q, STM32U535RET6, STM32U535RET6Q, STM32U535VCI6, STM32U535VCI6Q, STM32U535VCT6, STM32U535VCT6Q, STM32U535VEI6, STM32U535VEI6Q, STM32U535VET6, STM32U535VET6Q, STM32U545CET6, STM32U545CET6Q, STM32U545CEU6, STM32U545CEU6Q, STM32U545JEY6QTR, STM32U545NEY6QTR, STM32U545REI6, STM32U545REI6Q, STM32U545RET6, STM32U545RET6Q, STM32U545VEI6, STM32U545VEI6Q, STM32U545VET6, STM32U545VET6Q, STM32U595AIH6, STM32U595AIH6Q, STM32U595AJH6, STM32U595AJH6Q, STM32U595QII6, STM32U595QII6Q, STM32U595QJI6, STM32U595QJI6Q, STM32U595RIT6, STM32U595RIT6Q, STM32U595RJT6, STM32U595RJT6Q, STM32U595VIT6, STM32U595VIT6Q, STM32U595VJT6, STM32U595VJT6Q, STM32U595ZIT6, STM32U595ZIT6Q, STM32U595ZIY6QTR, STM32U595ZJT6, STM32U595ZJT6Q, STM32U595ZJY6QTR, STM32U599BJY6QTR, STM32U599NIH6Q, STM32U599NJH6Q, STM32U599VIT6Q, STM32U599VJT6, STM32U599VJT6Q, STM32U599ZIT6Q, STM32U599ZIY6QTR, STM32U599ZJT6Q, STM32U599ZJY6QTR, STM32U5A5AJH6, STM32U5A5AJH6Q, STM32U5A5QII3Q , STM32U5A5QJI6, STM32U5A5QJI6Q, STM32U5A5RJT6, STM32U5A5RJT6Q, STM32U5A5VJT6, STM32U5A5VJT6Q, STM32U5A5ZJT6, STM32U5A5ZJT6Q, STM32U5A5ZJY6QTR, STM32U5A9BJY6QTR, STM32U5A9J-DK, STM32U5A9NJH6Q, STM32U5A9VJT6Q, STM32U5A9ZJT6Q, STM32U5A9ZJY6QTR, STM32U5F7VIT6, STM32U5F7VIT6Q, STM32U5F7VJT6, STM32U5F7VJT6Q, STM32U5F9BJY6QTR, STM32U5F9NJH6Q, STM32U5F9VIT6Q, STM32U5F9VJT6Q, STM32U5F9ZIJ6QTR, STM32U5F9ZIT6Q, STM32U5F9ZJJ6QTR, STM32U5F9ZJT6Q, STM32U5G7VJT6, STM32U5G7VJT6Q, STM32U5G9BJY6QTR, STM32U5G9J-DK1, STM32U5G9J-DK2, STM32U5G9NJH6Q, STM32U5G9VJT6Q, STM32U5G9ZJJ6QTR, STM32U5G9ZJT6Q, STM32WB05KZV6TR, STM32WB05KZV7TR, STM32WB05TZF6TR, STM32WB05TZF7TR, STM32WB06CCF6TR, STM32WB06CCF7TR, STM32WB06CCV6TR, STM32WB06CCV7TR, STM32WB06KCV6TR, STM32WB06KCV7TR, STM32WB07CCF6TR, STM32WB07CCF7TR, STM32WB07CCV6TR, STM32WB07CCV7TR, STM32WB07KCV6TR, STM32WB07KCV7TR, STM32WB09KEV6TR, STM32WB09KEV7TR, STM32WB09TEF6TR, STM32WB09TEF7TR, STM32WB1MMCH6, STM32WBA50KGU6, STM32WBA50KGU6TR, STM32WBA52CEU6, STM32WBA52CEU6TR, STM32WBA52CEU7, STM32WBA52CEU7TR, STM32WBA52CGU6, STM32WBA52CGU6TR, STM32WBA52CGU6U, STM32WBA52CGU7, STM32WBA52CGU7TR, STM32WBA52KEU6, STM32WBA52KEU6TR, STM32WBA52KGU6, STM32WBA52KGU6TR, STM32WBA54CEU6, STM32WBA54CEU6TR, STM32WBA54CEU7, STM32WBA54CEU7TR, STM32WBA54CGU6, STM32WBA54CGU6TR, STM32WBA54CGU7, STM32WBA54CGU7TR, STM32WBA54KEU6, STM32WBA54KEU6TR, STM32WBA54KEU7, STM32WBA54KEU7TR, STM32WBA54KGU6, STM32WBA54KGU6TR, STM32WBA54KGU7, STM32WBA54KGU7TR, STM32WBA55CEU6, STM32WBA55CEU6TR, STM32WBA55CEU7, STM32WBA55CEU7TR, STM32WBA55CGU6, STM32WBA55CGU6TR, STM32WBA55CGU6U, STM32WBA55CGU7, STM32WBA55CGU7TR, STM32WBA55G-DK1, STM32WBA55HEF6, STM32WBA55HEF7, STM32WBA55HGF6, STM32WBA55HGF7, STM32WBA55UEI6, STM32WBA55UEI6TR, STM32WBA55UEI7, STM32WBA55UEI7TR, STM32WBA55UGI6, STM32WBA55UGI6TR, STM32WBA55UGI7, STM32WBA55UGI7TR, STM32WBA5MMGH6TR, STM32WBA62MGF6, STM32WBA62MIF6, STM32WBA65MGF7, STM32WBA65MIF6, STM32WBA65MIF7, STM32WL30K8V6, STM32WL30KBV6, STM32WL31C8V6, STM32WL31CBV6, STM32WL31K8V6, STM32WL31KBV6, STM32WL33C8V6, STM32WL33C8V6X, STM32WL33CBV6, STM32WL33CBV6X, STM32WL33CCV6, STM32WL33CCV6A, STM32WL33CCV6X, STM32WL33K8V7, STM32WL33K8V7X, STM32WL33KBV7 , STM32WL33KBV7X, STM32WL33KCV7, STM32WL33KCV7X, STM32WL5MOCH6, STM32WL5MOCH6TR]
2025-09-07 20:39:00,723 [INFO] DbMcus:218 - Found 4801 MCUs, 4801 are supported
2025-09-07 20:39:00,725 [INFO] ApiDb:423 - Load user favorites file C:\Users\aksha/.stm32cubeide/favorites.mcus.txt: 0 item(s)
2025-09-07 20:39:00,725 [INFO] ApiDb:427 - User favorites MCUs=[]
2025-09-07 20:39:00,725 [INFO] DbMcus:224 - Set 0 / 0 favorites MCUs
2025-09-07 20:39:01,456 [INFO] ApiDb:668 - CubeFinder database Data Model version=2.1
2025-09-07 20:39:01,457 [INFO] ApiDb:669 - CubeFinder database Configuration version=3.0.39
2025-09-07 20:39:01,457 [INFO] ApiDb:670 - CubeFinder database generation date=2025-07-24 (1753349077)
2025-09-07 20:39:01,457 [INFO] ApiDb:671 - CubeFinder database FW Pack versions=[FP-ATR-ASTRA1_V2.0.0, FP-SNS-FLIGHT1_V5.1.0, FP-SNS-MOTENV1_V5.0.0, FP-SNS-MOTENVWB1_V1.4.0, FP-SNS-SMARTAG2_V1.2.0, FP-SNS-STBOX1_V2.0.0, STM32Cube_FW_C0_V1.4.0, STM32Cube_FW_F4_V1.28.2, STM32Cube_FW_F7_V1.17.3, STM32Cube_FW_G0_V1.6.2, STM32Cube_FW_G4_V1.6.1, STM32Cube_FW_H5_V1.5.0, STM32Cube_FW_H7RS_V1.2.0, STM32Cube_FW_H7_V1.12.1, STM32Cube_FW_L0_V1.12.2, STM32Cube_FW_L4_V1.18.1, STM32Cube_FW_L5_V1.5.1, STM32Cube_FW_N6_V1.2.0, STM32Cube_FW_U0_V1.3.0, STM32Cube_FW_U3_V1.2.0, STM32Cube_FW_U5_V1.8.0, STM32Cube_FW_WB0_V1.3.0, STM32Cube_FW_WBA_V1.7.0, STM32Cube_FW_WB_V1.23.0, STM32Cube_FW_WL3_V1.2.0, STM32Cube_FW_WL_V1.3.1, X-CUBE-ALGOBUILD_V1.4.0, X-CUBE-ALS_V1.0.2, X-CUBE-AZRTOS-F4_V1.1.0, X-CUBE-AZRTOS-F7_V1.1.0, X-CUBE-AZRTOS-G0_V1.1.0, X-CUBE-AZRTOS-G4_V2.0.0, X-CUBE-AZRTOS-H7RS_V1.1.0, X-CUBE-AZRTOS-H7_V3.4.0, X-CUBE-AZRTOS-L4_V2.0.0, X-CUBE-AZRTOS-L5_V2.0.0, X-CUBE-AZRTOS-WB_V2.0.0, X-CUBE-AZRTOS-WL_V2.0.0, X-CUBE-BLE1_V7.1.0, X-CUBE-BLE2_V3.3.0, X-CUBE-BLEMGR_V4.1.0, X-CUBE-EEPRMA1_V5.2.0, X-CUBE-FREERTOS_V1.3.1, X-CUBE-GNSS1_V6.0.0, X-CUBE-MEMS1_V11.3.0, X-CUBE-NFC4_V3.0.0, X-CUBE-NFC7_V2.0.0, X-CUBE-SFXS2LP1_V4.0.0, X-CUBE-ST67W61_V1.0.0, X-CUBE-SUBG2_V5.0.0, X-CUBE-TOF1_V3.4.3]
2025-09-07 20:39:01,553 [INFO] DbBoardsSqlite:226 - include board P-NUCLEO-WB55-NUCLEO as a kit item of type 'Nucleo-64'
2025-09-07 20:39:01,554 [INFO] DbBoardsSqlite:226 - include board P-NUCLEO-WB55-USBDONGLE as a kit item of type 'Nucleo USB Dongle'
2025-09-07 20:39:01,554 [INFO] DbBoardsSqlite:226 - include board STEVAL-IDP005V1 as a kit item of type 'Evaluation Board'
2025-09-07 20:39:01,554 [INFO] DbBoardsSqlite:226 - include board STEVAL-IDP005V2 as a kit item of type 'Evaluation Board'
2025-09-07 20:39:01,638 [INFO] ApiDb:240 - Found 880 in-development CPN: [B-G473E-ZEST1S, B-WB1M-WPAN1, B-WBA5M-WPAN, B-WL5M-SUBG1, NUCLEO-C031C6, NUCLEO-C051C8, NUCLEO-C071RB, NUCLEO-C092RC, NUCLEO-H503RB, NUCLEO-H533RE, NUCLEO-H563ZI, NUCLEO-H7S3L8, NUCLEO-N657X0-Q, NUCLEO-U031R8, NUCLEO-U083RC, NUCLEO-U385RG-Q, NUCLEO-U545RE-Q, NUCLEO-U5A5ZJ-Q, NUCLEO-WB05KZ, NUCLEO-WB07CC, NUCLEO-WB09KE, NUCLEO-WBA52CG, NUCLEO-WBA55CG, NUCLEO-WL33CC1, NUCLEO-WL33CC2, STEVAL-PROTEUS1, STEVAL-SMARTAG2, STEVAL-STWINBX1, STM320518-EVAL, STM32C0116-DK, STM32C011D6Y3TR, STM32C011D6Y6TR, STM32C011F4P3, STM32C011F4P6, STM32C011F4U3, STM32C011F4U6TR, STM32C011F6P3, STM32C011F6P6, STM32C011F6U3, STM32C011F6U6TR, STM32C011J4M3, STM32C011J4M6, STM32C011J6M3, STM32C011J6M6, STM32C0316-DK, STM32C031C4T3, STM32C031C4T6, STM32C031C4U3, STM32C031C4U6, STM32C031C6T3, STM32C031C6T6, STM32C031C6U3, STM32C031C6U6, STM32C031F4P3, STM32C031F4P6, STM32C031F6P3, STM32C031F6P6, STM32C031G4U3, STM32C031G4U6, STM32C031G6U3, STM32C031G6U6, STM32C031K4T3, STM32C031K4T6, STM32C031K4U3, STM32C031K4U6, STM32C031K6T3, STM32C031K6T6, STM32C031K6U3, STM32C031K6U6, STM32C051C6T6, STM32C051C6U6, STM32C051C8T6, STM32C051C8U6, STM32C051D8Y6TR, STM32C051F6P6, STM32C051F8P6, STM32C051G6U6, STM32C051G8U6, STM32C051K6T6, STM32C051K6U6, STM32C051K8T6, STM32C071C8T6, STM32C071C8T6N, STM32C071C8U6, STM32C071C8U6N, STM32C071CBT6, STM32C071CBT6N, STM32C071CBU6, STM32C071CBU6N, STM32C071F8P6, STM32C071F8P6N, STM32C071FBP6, STM32C071FBP6N, STM32C071FBY6TR, STM32C071G8U6, STM32C071G8U6N, STM32C071GBU6, STM32C071GBU6N, STM32C071K8T6, STM32C071K8T6N, STM32C071K8U6, STM32C071K8U6N, STM32C071KBT6, STM32C071KBT6N, STM32C071KBU6, STM32C071KBU6N, STM32C071R8T6, STM32C071R8T6N, STM32C071RBI6N, STM32C071RBT6, STM32C071RBT6N, STM32C091CBT6, STM32C091CBU6, STM32C091CCT6, STM32C091CCU6, STM32C091ECY6TR, STM32C091FBP6, STM32C091FCP6, STM32C091GBU6, STM32C091GCU6, STM32C091KBT6, STM32C091KBU6, STM32C091KCT6, STM32C091KCU6, STM32C091RBT6, STM32C091RCI6, STM32C091RCT6, STM32C092CBT6, STM32C092CBU6, STM32C092CCT6, STM32C092CCU6, STM32C092ECY6TR, STM32C092FBP6, STM32C092FCP6, STM32C092GBU6, STM32C092GCU6, STM32C092KBT6, STM32C092KBU6, STM32C092KCT6, STM32C092KCU6, STM32C092RBT6, STM32C092RCI6, STM32C092RCT6, STM32G071K8TXN, STM32G071K8UXN, STM32G081GBU6N, STM32G081KBT6N, STM32G081KBUXN, STM32G0B1CCT6N, STM32G0B1KCT6, STM32G0B1NEY6TR, STM32G0B1RCT6N, STM32G0C1CCT6, STM32G0C1CCT6N, STM32G0C1CCU6N, STM32G0C1CET6N, STM32G0C1CEU6N, STM32G0C1KCT6, STM32G0C1NEY6TR, STM32G0C1RCI6N, STM32G0C1RCT6N, STM32G0C1REI6N, STM32G0C1RET6N, STM32G0C1VCI6, STM32G0C1VEI6, STM32G411C6T3, STM32G411C6T6, STM32G411C6U3, STM32G411C6U6, STM32G411C8T3, STM32G411C8T6, STM32G411C8U3, STM32G411C8U6, STM32G411CBT3, STM32G411CBT6, STM32G411CBU3, STM32G411CBU6, STM32G411K6T3, STM32G411K6T6, STM32G411K6U3, STM32G411K6U6, STM32G411K8T3, STM32G411K8T6, STM32G411K8U3, STM32G411K8U6, STM32G411KBT3, STM32G411KBT6, STM32G411KBU3, STM32G411KBU6, STM32G411M6T3, STM32G411M6T6, STM32G411M8T3, STM32G411M8T6, STM32G411MBT3, STM32G411MBT6, STM32G411R6T3, STM32G411R6T6, STM32G411R8T3, STM32G411R8T6, STM32G411RBT3, STM32G411RBT6, STM32G414CBT3, STM32G414CBT6, STM32G414CBU3, STM32G414CBU6, STM32G414CCT3, STM32G414CCT6, STM32G414CCU3, STM32G414CCU6, STM32G414MBT3, STM32G414MBT6, STM32G414MCT3, STM32G414MCT6, STM32G414RBT3, STM32G414RBT6, STM32G414RCT3, STM32G414RCT6, STM32G414VBT3, STM32G414VBT6, STM32G414VCT3, STM32G414VCT6, STM32G431CBT3Z, STM32G431RBT3Z, STM32G471CCT6, STM32G471CCU6, STM32G471CET3, STM32G471CET6, STM32G471CEU3, STM32G471CEU6, STM32G471MCT6, STM32G471MET3, STM32G471MET6, STM32G471MEY6TR, STM32G471QCT6, STM32G471QET3, STM32G471RCT6, STM32G471RET3, STM32G471RET6, STM32G471VCH6, STM32G471VCI6, STM32G471VCT6, STM32G471VEH3, STM32G471VEH6, STM32G471VEI3, STM32G471VEI6, STM32G471VET3, STM32G471VET6, STM32G473QET3Z, STM32G473RET3Z, STM32G474CCT6, STM32G491RET3Z, STM32H503CBT6, STM32H503CBU6, STM32H503EBY6TR, STM32H503KBU6, STM32H503RBT6, STM32H523CCT6, STM32H523CCU6, STM32H523CET6, STM32H523CEU6, STM32H523HEY6TR, STM32H523RCT6, STM32H523RET6, STM32H523VCI6, STM32H523VCT6, STM32H523VEI6, STM32H523VET6, STM32H523ZCJ6, STM32H523ZCT6, STM32H523ZEJ6, STM32H523ZET6, STM32H533CET6, STM32H533CEU6, STM32H533HEY6TR, STM32H533RET6, STM32H533VEI6, STM32H533VET6, STM32H533ZEJ6, STM32H533ZET6, STM32H562AGI6, STM32H562AII6, STM32H562IGK6, STM32H562IGT6, STM32H562IIK6, STM32H562IIT6, STM32H562RGT6, STM32H562RGV6, STM32H562RIT6, STM32H562RIV6, STM32H562VGT6, STM32H562VIT6, STM32H562ZGT6, STM32H562ZIT6, STM32H563AGI6, STM32H563AII3Q, STM32H563AII6, STM32H563IGK6, STM32H563IGT6, STM32H563IIK3Q, STM32H563IIK6, STM32H563IIT3Q, STM32H563IIT6, STM32H563MIY3QTR, STM32H563RGT6, STM32H563RGV6, STM32H563RIT6, STM32H563RIV6, STM32H563VGT6, STM32H563VIT3Q, STM32H563VIT6, STM32H563ZGT6, STM32H563ZIT3Q, STM32H563ZIT6, STM32H573AII3Q, STM32H573AII6, STM32H573I-DK, STM32H573IIK3Q, STM32H573IIK6, STM32H573IIT3Q, STM32H573IIT6, STM32H573MIY3QTR, STM32H573RIT6, STM32H573RIV6, STM32H573VIT3Q, STM32H573VIT6, STM32H573ZIT3Q, STM32H573ZIT6, STM32H7R3A8I6, STM32H7R3I8K6, STM32H7R3I8T6, STM32H7R3L8H6, STM32H7R3L8H6H, STM32H7R3R8V6, STM32H7R3V8H6, STM32H7R3V8T6, STM32H7R3V8Y6TR, STM32H7R3Z8J6, STM32H7R3Z8T6, STM32H7R7A8I6, STM32H7R7I8K6, STM32H7R7I8T6, STM32H7R7L8H6, STM32H7R7L8H6H, STM32H7R7Z8J6, STM32H7S3A8I6, STM32H7S3I8K6, STM32H7S3I8T6, STM32H7S3L8H6, STM32H7S3L8H6H, STM32H7S3R8V6, STM32H7S3V8H6, STM32H7S3V8T6, STM32H7S3V8Y6TR, STM32H7S3Z8J6, STM32H7S3Z8T6, STM32H7S78-DK, STM32H7S7A8I6, STM32H7S7I8K6, STM32H7S7I8T6, STM32H7S7L8H6, STM32H7S7L8H6H, STM32H7S7Z8J6, STM32L4R5QGI6STR, STM32MP131AAE3, STM32MP131AAF3, STM32MP131AAG3, STM32MP131CAE3, STM32MP131CAF3, STM32MP131CAG3, STM32MP131DAE7, STM32MP131DAF7, STM32MP131DAG7, STM32MP131FAE7, STM32MP131FAF7, STM32MP131FAG7, STM32MP133AAE3, STM32MP133AAF3, STM32MP133AAG3, STM32MP133CAE3, STM32MP133CAF3, STM32MP133CAG3, STM32MP133DAE7, STM32MP133DAF7, STM32MP133DAG7, STM32MP133FAE7, STM32MP133FAF7, STM32MP133FAG7, STM32MP135AAE3, STM32MP135AAF3, STM32MP135AAG3, STM32MP135CAE3, STM32MP135CAF3, STM32MP135CAG3, STM32MP135DAE7, STM32MP135DAF7, STM32MP135DAG7, STM32MP135F-DK, STM32MP135FAE7, STM32MP135FAF7, STM32MP135FAF7T, STM32MP135FAF7U, STM32MP135FAG7, STM32MP211AAL3, STM32MP211AAM3, STM32MP211AAN3, STM32MP211AAO3, STM32MP211CAL3, STM32MP211CAM3, STM32MP211CAN3, STM32MP211CAO3, STM32MP211DAL3, STM32MP211DAM3, STM32MP211DAN3, STM32MP211DAO3, STM32MP211FAL3, STM32MP211FAM3, STM32MP211FAN3, STM32MP211FAO3, STM32MP213AAL3, STM32MP213AAM3, STM32MP213AAN3, STM32MP213AAO3, STM32MP213CAL3, STM32MP213CAM3, STM32MP213CAN3, STM32MP213CAO3, STM32MP213DAL3, STM32MP213DAM3, STM32MP213DAN3, STM32MP213DAO3, STM32MP213FAL3, STM32MP213FAM3, STM32MP213FAN3, STM32MP213FAO3, STM32MP215AAL3, STM32MP215AAM3, STM32MP215AAN3, STM32MP215AAO3, STM32MP215CAL3, STM32MP215CAM3, STM32MP215CAN3, STM32MP215CAO3, STM32MP215DAL3, STM32MP215DAM3, STM32MP215DAN3, STM32MP215DAO3, STM32MP215F-DK, STM32MP215FAL3, STM32MP215FAM3, STM32MP215FAN3, STM32MP215FAO3, STM32MP231AAJ3, STM32MP231AAK3, STM32MP231AAL3, STM32MP231CAJ3, STM32MP231CAK3, STM32MP231CAL3, STM32MP231DAJ3, STM32MP231DAK3, STM32MP231DAL3, STM32MP231FAJ3, STM32MP231FAK3, STM32MP231FAL3, STM32MP233AAJ3, STM32MP233AAK3, STM32MP233AAL3, STM32MP233CAJ3, STM32MP233CAK3, STM32MP233CAL3, STM32MP233DAJ3, STM32MP233DAK3, STM32MP233DAL3, STM32MP233FAJ3, STM32MP233FAK3, STM32MP233FAL3, STM32MP235AAJ3, STM32MP235AAK3, STM32MP235AAL3, STM32MP235CAJ3, STM32MP235CAK3, STM32MP235CAL3, STM32MP235DAJ3, STM32MP235DAK3, STM32MP235DAL3, STM32MP235FAJ3, STM32MP235FAK3, STM32MP235FAL3, STM32MP251AAI3, STM32MP251AAK3, STM32MP251AAL3, STM32MP251CAI3, STM32MP251CAK3, STM32MP251CAL3, STM32MP251DAI3, STM32MP251DAK3, STM32MP251DAL3, STM32MP251FAI3, STM32MP251FAK3, STM32MP251FAL3, STM32MP253AAI3, STM32MP253AAK3, STM32MP253AAL3, STM32MP253CAI3, STM32MP253CAK3, STM32MP253CAL3, STM32MP253DAI3, STM32MP253DAK3, STM32MP253DAL3, STM32MP253FAI3, STM32MP253FAK3, STM32MP253FAL3, STM32MP255AAI3, STM32MP255AAK3, STM32MP255AAL3, STM32MP255CAI3, STM32MP255CAK3, STM32MP255CAL3, STM32MP255DAI3, STM32MP255DAK3, STM32MP255DAL3, STM32MP255FAI3, STM32MP255FAK3, STM32MP255FAL3, STM32MP257AAI3, STM32MP257AAK3, STM32MP257AAL3, STM32MP257CAI3, STM32MP257CAK3, STM32MP257CAL3, STM32MP257DAI3, STM32MP257DAK3, STM32MP257DAL3, STM32MP257F-DK, STM32MP257F-EV1, STM32MP257FAI3, STM32MP257FAK3, STM32MP257FAL3, STM32N645A0H3Q, STM32N645B0H3Q, STM32N645I0H3Q, STM32N645L0H3Q, STM32N645X0H3Q, STM32N645Z0H3Q, STM32N647A0H3Q, STM32N647B0H3Q, STM32N647I0H3Q, STM32N647L0H3Q, STM32N647X0H3Q, STM32N647Z0H3Q, STM32N655A0H3Q, STM32N655B0H3Q, STM32N655I0H3Q, STM32N655L0H3Q, STM32N655X0H3Q, STM32N655Z0H3Q, STM32N6570-DK, STM32N657A0H3Q, STM32N657B0H3Q, STM32N657I0H3Q, STM32N657L0H3Q, STM32N657X0H3Q, STM32N657Z0H3Q, STM32U031C6T6, STM32U031C6U6, STM32U031C8T6, STM32U031C8U6, STM32U031F4P6, STM32U031F6P6, STM32U031F8P6, STM32U031G6Y6TR, STM32U031G8Y6TR, STM32U031K4U6, STM32U031K6U6, STM32U031K8U6, STM32U031R6I6, STM32U031R6T6, STM32U031R8I6, STM32U031R8T6, STM32U073C8T6, STM32U073C8U6, STM32U073CBT6, STM32U073CBU6, STM32U073CCT6, STM32U073CCU6, STM32U073H8Y6TR, STM32U073HBY6TR, STM32U073HCY6TR, STM32U073K8U6, STM32U073KBU6, STM32U073KCU6, STM32U073M8I6, STM32U073M8T6, STM32U073MBI6, STM32U073MBT6, STM32U073MCI6, STM32U073MCT6, STM32U073R8I6, STM32U073R8T6, STM32U073RBI6, STM32U073RBT6, STM32U073RCI6, STM32U073RCT6, STM32U083C-DK, STM32U083CCT6, STM32U083CCU6, STM32U083HCY6TR, STM32U083KCU6, STM32U083MCI6, STM32U083MCT6, STM32U083RCI6, STM32U083RCT6, STM32U375CET6, STM32U375CET6Q, STM32U375CEU6, STM32U375CEU6Q, STM32U375CEY6QTR, STM32U375CGT6, STM32U375CGT6Q, STM32U375CGU6, STM32U375CGU6Q, STM32U375CGY6QTR, STM32U375KEU6, STM32U375KGU6, STM32U375REI6, STM32U375REI6Q, STM32U375RET6, STM32U375RET6Q, STM32U375REY6GTR, STM32U375REY6QTR, STM32U375RGI6, STM32U375RGI6Q, STM32U375RGT6, STM32U375RGT6Q, STM32U375RGY6GTR, STM32U375RGY6QTR, STM32U375VEI6, STM32U375VEI6Q, STM32U375VET6, STM32U375VET6Q, STM32U375VGI6, STM32U375VGI6Q, STM32U375VGT6, STM32U375VGT6Q, STM32U385CGT6, STM32U385CGT6Q, STM32U385CGU6, STM32U385CGU6Q, STM32U385CGY6QTR, STM32U385KGU6, STM32U385RGI6, STM32U385RGI6Q, STM32U385RGT6, STM32U385RGT6Q, STM32U385RGY6GTR, STM32U385RGY6QTR, STM32U385VGI6, STM32U385VGI6Q, STM32U385VGT6, STM32U385VGT6Q, STM32U535CBT6, STM32U535CBT6Q, STM32U535CBU6, STM32U535CBU6Q, STM32U535CCT6, STM32U535CCT6Q, STM32U535CCU6, STM32U535CCU6Q, STM32U535CET6, STM32U535CET6Q, STM32U535CEU6, STM32U535CEU6Q, STM32U535JEY6QTR, STM32U535NCY6QTR, STM32U535NEY6QTR, STM32U535RBI6, STM32U535RBI6Q, STM32U535RBT6, STM32U535RBT6Q, STM32U535RCI6, STM32U535RCI6Q, STM32U535RCT6, STM32U535RCT6Q, STM32U535REI6, STM32U535REI6Q, STM32U535RET6, STM32U535RET6Q, STM32U535VCI6, STM32U535VCI6Q, STM32U535VCT6, STM32U535VCT6Q, STM32U535VEI6, STM32U535VEI6Q, STM32U535VET6, STM32U535VET6Q, STM32U545CET6, STM32U545CET6Q, STM32U545CEU6, STM32U545CEU6Q, STM32U545JEY6QTR, STM32U545NEY6QTR, STM32U545REI6, STM32U545REI6Q, STM32U545RET6, STM32U545RET6Q, STM32U545VEI6, STM32U545VEI6Q, STM32U545VET6, STM32U545VET6Q, STM32U595AIH6, STM32U595AIH6Q, STM32U595AJH6, STM32U595AJH6Q, STM32U595QII6, STM32U595QII6Q, STM32U595QJI6, STM32U595QJI6Q, STM32U595RIT6, STM32U595RIT6Q, STM32U595RJT6, STM32U595RJT6Q, STM32U595VIT6, STM32U595VIT6Q, STM32U595VJT6, STM32U595VJT6Q, STM32U595ZIT6, STM32U595ZIT6Q, STM32U595ZIY6QTR, STM32U595ZJT6, STM32U595ZJT6Q, STM32U595ZJY6QTR, STM32U599BJY6QTR, STM32U599NIH6Q, STM32U599NJH6Q, STM32U599VIT6Q, STM32U599VJT6, STM32U599VJT6Q, STM32U599ZIT6Q, STM32U599ZIY6QTR, STM32U599ZJT6Q, STM32U599ZJY6QTR, STM32U5A5AJH6, STM32U5A5AJH6Q, STM32U5A5QII3Q , STM32U5A5QJI6, STM32U5A5QJI6Q, STM32U5A5RJT6, STM32U5A5RJT6Q, STM32U5A5VJT6, STM32U5A5VJT6Q, STM32U5A5ZJT6, STM32U5A5ZJT6Q, STM32U5A5ZJY6QTR, STM32U5A9BJY6QTR, STM32U5A9J-DK, STM32U5A9NJH6Q, STM32U5A9VJT6Q, STM32U5A9ZJT6Q, STM32U5A9ZJY6QTR, STM32U5F7VIT6, STM32U5F7VIT6Q, STM32U5F7VJT6, STM32U5F7VJT6Q, STM32U5F9BJY6QTR, STM32U5F9NJH6Q, STM32U5F9VIT6Q, STM32U5F9VJT6Q, STM32U5F9ZIJ6QTR, STM32U5F9ZIT6Q, STM32U5F9ZJJ6QTR, STM32U5F9ZJT6Q, STM32U5G7VJT6, STM32U5G7VJT6Q, STM32U5G9BJY6QTR, STM32U5G9J-DK1, STM32U5G9J-DK2, STM32U5G9NJH6Q, STM32U5G9VJT6Q, STM32U5G9ZJJ6QTR, STM32U5G9ZJT6Q, STM32WB05KZV6TR, STM32WB05KZV7TR, STM32WB05TZF6TR, STM32WB05TZF7TR, STM32WB06CCF6TR, STM32WB06CCF7TR, STM32WB06CCV6TR, STM32WB06CCV7TR, STM32WB06KCV6TR, STM32WB06KCV7TR, STM32WB07CCF6TR, STM32WB07CCF7TR, STM32WB07CCV6TR, STM32WB07CCV7TR, STM32WB07KCV6TR, STM32WB07KCV7TR, STM32WB09KEV6TR, STM32WB09KEV7TR, STM32WB09TEF6TR, STM32WB09TEF7TR, STM32WB1MMCH6, STM32WBA50KGU6, STM32WBA50KGU6TR, STM32WBA52CEU6, STM32WBA52CEU6TR, STM32WBA52CEU7, STM32WBA52CEU7TR, STM32WBA52CGU6, STM32WBA52CGU6TR, STM32WBA52CGU6U, STM32WBA52CGU7, STM32WBA52CGU7TR, STM32WBA52KEU6, STM32WBA52KEU6TR, STM32WBA52KGU6, STM32WBA52KGU6TR, STM32WBA54CEU6, STM32WBA54CEU6TR, STM32WBA54CEU7, STM32WBA54CEU7TR, STM32WBA54CGU6, STM32WBA54CGU6TR, STM32WBA54CGU7, STM32WBA54CGU7TR, STM32WBA54KEU6, STM32WBA54KEU6TR, STM32WBA54KEU7, STM32WBA54KEU7TR, STM32WBA54KGU6, STM32WBA54KGU6TR, STM32WBA54KGU7, STM32WBA54KGU7TR, STM32WBA55CEU6, STM32WBA55CEU6TR, STM32WBA55CEU7, STM32WBA55CEU7TR, STM32WBA55CGU6, STM32WBA55CGU6TR, STM32WBA55CGU6U, STM32WBA55CGU7, STM32WBA55CGU7TR, STM32WBA55G-DK1, STM32WBA55HEF6, STM32WBA55HEF7, STM32WBA55HGF6, STM32WBA55HGF7, STM32WBA55UEI6, STM32WBA55UEI6TR, STM32WBA55UEI7, STM32WBA55UEI7TR, STM32WBA55UGI6, STM32WBA55UGI6TR, STM32WBA55UGI7, STM32WBA55UGI7TR, STM32WBA5MMGH6TR, STM32WBA62MGF6, STM32WBA62MIF6, STM32WBA65MGF7, STM32WBA65MIF6, STM32WBA65MIF7, STM32WL30K8V6, STM32WL30KBV6, STM32WL31C8V6, STM32WL31CBV6, STM32WL31K8V6, STM32WL31KBV6, STM32WL33C8V6, STM32WL33C8V6X, STM32WL33CBV6, STM32WL33CBV6X, STM32WL33CCV6, STM32WL33CCV6A, STM32WL33CCV6X, STM32WL33K8V7, STM32WL33K8V7X, STM32WL33KBV7 , STM32WL33KBV7X, STM32WL33KCV7, STM32WL33KCV7X, STM32WL5MOCH6, STM32WL5MOCH6TR]
2025-09-07 20:39:01,880 [INFO] BoardInfo:889 - No configuration file found for board P-NUCLEO-WB55
2025-09-07 20:39:01,881 [INFO] DbBoards:161 - Kit is not supported: P-NUCLEO-WB55
2025-09-07 20:39:01,886 [INFO] BoardInfo:889 - No configuration file found for board STEVAL-BFA001V1B
2025-09-07 20:39:01,887 [INFO] DbBoards:161 - Kit is not supported: STEVAL-BFA001V1B
2025-09-07 20:39:01,888 [INFO] BoardInfo:889 - No configuration file found for board STEVAL-BFA001V2B
2025-09-07 20:39:01,888 [INFO] DbBoards:161 - Kit is not supported: STEVAL-BFA001V2B
2025-09-07 20:39:02,107 [INFO] DbBoards:168 - Found 212 boards, 209 are supported
2025-09-07 20:39:02,107 [INFO] DbBoards:169 - Found 212 boards, 43 of them is supported for  Bsp
2025-09-07 20:39:02,113 [INFO] ApiDb:423 - Load user favorites file C:\Users\aksha/.stm32cubeide/favorites.boards.txt: 0 item(s)
2025-09-07 20:39:02,113 [INFO] ApiDb:427 - User favorites Boards=[]
2025-09-07 20:39:02,113 [INFO] DbBoards:198 - Set 0 / 0 favorites Boards
2025-09-07 20:39:02,114 [INFO] McuFinderGlobals:76 - Set McuFinderConnectedMode to true
2025-09-07 20:39:02,144 [INFO] MultiScanPanel:200 - Auto-refresh data requested => check proxy status ongoing
2025-09-07 20:39:02,150 [INFO] FinderPluginLoader:96 - Searching for filters in installed packs
2025-09-07 20:39:05,402 [INFO] LoadUrlFilesThread:185 - End of LoadServerUrlFiles without Thread
2025-09-07 20:39:05,545 [INFO] DetailPanel:341 - Set advertising image to C:/Users/aksha/STM32Cube/Repository/\en.2400x1350px.jpeg
2025-09-07 20:39:33,568 [INFO] MultiScanPanel:200 - Auto-refresh data requested => check proxy status ongoing
2025-09-07 20:39:33,814 [INFO] LoadUrlFilesThread:185 - End of LoadServerUrlFiles without Thread
2025-09-07 20:39:33,814 [INFO] DetailPanel:341 - Set advertising image to C:/Users/aksha/STM32Cube/Repository/\en.2400x1350px.jpeg
2025-09-07 20:39:33,833 [INFO] DbBoards:642 - Loading board mini-images...
2025-09-07 20:39:36,525 [ERROR] DbBoards:659 - Image file not found for board STM32MP215F-DK: C:\Users\aksha\.stmcufinder\plugins\mcufinder//mcu//boards_images/STM32MP215F-DK.jpg
2025-09-07 20:39:36,675 [INFO] DbBoards:665 - Loaded 211 board mini-images
2025-09-07 20:40:10,708 [INFO] BoardResultTable:719 - Mark Board NUCLEO-F401RE as favorite
2025-09-07 20:41:59,788 [INFO] MainUpdater:2872 - connection check result : 10
2025-09-07 20:41:59,809 [INFO] MainUpdater:2872 - connection check result : 10
2025-09-07 20:42:00,308 [INFO] MicroXplorer:468 - Change Database Path : 
2025-09-07 20:42:00,310 [INFO] MicroXplorer:498 - Change Database Version : DB.6.0.150
2025-09-07 20:42:00,488 [WARN] ThirdParty:871 - waiting for thirdparty lock release [close project]
2025-09-07 20:42:00,489 [INFO] ThirdParty:873 - entering critical section [close project]
2025-09-07 20:42:00,539 [INFO] ThirdParty:883 - exiting critical section [close project]
2025-09-07 20:42:00,584 [INFO] PinOutPanel:1589 - setPackage(No Configuration,No Configuration)
2025-09-07 20:42:00,662 [INFO] UtilMem:75 - Begin LoadConfig() Used Memory: 467774448 Bytes (748683264)
2025-09-07 20:42:00,722 [INFO] MicroXplorer:468 - Change Database Path : 
2025-09-07 20:42:00,722 [INFO] MicroXplorer:498 - Change Database Version : DB.6.0.150
2025-09-07 20:42:00,726 [INFO] OpenFileManager:355 - Change cursor
2025-09-07 20:42:01,309 [INFO] Mcu:2029 - Initializing MCU STM32F401R(D-E)Tx STM32F401RETx STM32F401RET6
2025-09-07 20:42:04,077 [INFO] Context:786 - Trying to add GPIOservice into a context  which must be forbidden
2025-09-07 20:42:05,573 [INFO] ImportTextPane:234 - (OptionalMessage_ERROR) Pin11 (VP_RIF_VS_RIF1) cannot be retrieved for this MCU
2025-09-07 20:42:06,074 [INFO] RtosManager:558 - Registered RTOS mode: class=CMSIS, group=RTOS, mode=CMSIS_V1, owner=FREERTOS
2025-09-07 20:42:06,075 [INFO] RtosManager:558 - Registered RTOS mode: class=CMSIS, group=RTOS2, mode=CMSIS_V2, owner=FREERTOS
2025-09-07 20:42:06,075 [INFO] RtosManager:558 - Registered RTOS mode: class=RTOS, group=Core, mode=CMSIS_V1, owner=FREERTOS
2025-09-07 20:42:06,075 [INFO] RtosManager:558 - Registered RTOS mode: class=RTOS, group=Core, mode=CMSIS_V2, owner=FREERTOS
2025-09-07 20:42:06,077 [WARN] ModelIntegratedComponent:184 - Missing modes for component STMicroelectronics:FreeRTOS:0.0.1:STMicroelectronics:RTOS:FreeRTOS:Core:::10.2.0:
2025-09-07 20:42:06,505 [WARN] ModelIntegratedComponent:63 - No mode defined for component null
2025-09-07 20:42:06,506 [WARN] ModelIntegratedComponent:63 - No mode defined for component null
2025-09-07 20:42:06,506 [WARN] ModelIntegratedComponent:63 - No mode defined for component null
2025-09-07 20:42:06,506 [WARN] ModelIntegratedComponent:63 - No mode defined for component null
2025-09-07 20:42:06,506 [WARN] ModelIntegratedComponent:63 - No mode defined for component null
2025-09-07 20:42:06,507 [WARN] ModelIntegratedComponent:63 - No mode defined for component null
2025-09-07 20:42:06,507 [WARN] ModelIntegratedComponent:63 - No mode defined for component null
2025-09-07 20:42:06,507 [WARN] ModelIntegratedComponent:63 - No mode defined for component null
2025-09-07 20:42:06,507 [WARN] ModelIntegratedComponent:63 - No mode defined for component null
2025-09-07 20:42:06,507 [WARN] ModelIntegratedComponent:63 - No mode defined for component null
2025-09-07 20:42:06,507 [WARN] ModelIntegratedComponent:63 - No mode defined for component null
2025-09-07 20:42:06,507 [WARN] ModelIntegratedComponent:63 - No mode defined for component null
2025-09-07 20:42:06,507 [WARN] ModelIntegratedComponent:63 - No mode defined for component null
2025-09-07 20:42:06,509 [WARN] ModelIntegratedComponent:63 - No mode defined for component null
2025-09-07 20:42:06,509 [WARN] ModelIntegratedComponent:63 - No mode defined for component null
2025-09-07 20:42:06,509 [WARN] ModelIntegratedComponent:63 - No mode defined for component null
2025-09-07 20:42:06,509 [WARN] ModelIntegratedComponent:63 - No mode defined for component null
2025-09-07 20:42:06,510 [WARN] ModelIntegratedComponent:63 - No mode defined for component null
2025-09-07 20:42:06,510 [WARN] ModelIntegratedComponent:63 - No mode defined for component null
2025-09-07 20:42:06,510 [WARN] ModelIntegratedComponent:63 - No mode defined for component null
2025-09-07 20:42:06,510 [WARN] ModelIntegratedComponent:63 - No mode defined for component null
2025-09-07 20:42:06,510 [WARN] ModelIntegratedComponent:63 - No mode defined for component null
2025-09-07 20:42:06,510 [WARN] ModelIntegratedComponent:63 - No mode defined for component null
2025-09-07 20:42:06,510 [WARN] ModelIntegratedComponent:63 - No mode defined for component null
2025-09-07 20:42:06,511 [WARN] ModelIntegratedComponent:63 - No mode defined for component null
2025-09-07 20:42:06,511 [WARN] ModelIntegratedComponent:63 - No mode defined for component null
2025-09-07 20:42:06,511 [WARN] ModelIntegratedComponent:63 - No mode defined for component null
2025-09-07 20:42:06,511 [WARN] ModelIntegratedComponent:63 - No mode defined for component null
2025-09-07 20:42:06,511 [WARN] ModelIntegratedComponent:63 - No mode defined for component null
2025-09-07 20:42:06,511 [WARN] ModelIntegratedComponent:63 - No mode defined for component null
2025-09-07 20:42:06,511 [WARN] ModelIntegratedComponent:63 - No mode defined for component null
2025-09-07 20:42:06,511 [WARN] ModelIntegratedComponent:63 - No mode defined for component null
2025-09-07 20:42:06,511 [WARN] ModelIntegratedComponent:63 - No mode defined for component null
2025-09-07 20:42:06,511 [WARN] ModelIntegratedComponent:63 - No mode defined for component null
2025-09-07 20:42:06,511 [WARN] ModelIntegratedComponent:63 - No mode defined for component null
2025-09-07 20:42:06,512 [WARN] ModelPack:524 - Component already loaded: STMicroelectronics:HAL Drivers:0.0.0:STMicroelectronics:Device:STMicro_Driver:XSPI:HAL::0.0.1:HAL_XSPI
2025-09-07 20:42:06,818 [INFO] ThirdPartyModel:298 - Start build external matchings
2025-09-07 20:42:08,048 [INFO] ThirdPartyModel:316 - End build external matchings
2025-09-07 20:42:08,580 [INFO] UtilMem:75 - End LoadConfig() Used Memory: 692706560 Bytes (938475520)
2025-09-07 20:42:08,984 [WARN] ThirdParty:833 - waiting for thirdparty lock release [change project]
2025-09-07 20:42:08,985 [INFO] ThirdParty:835 - entering critical section [change project]
2025-09-07 20:42:08,986 [INFO] ThirdParty:1030 - CMSIS Pack Vendor :STMicroelectronics X-CUBE-PM33A1 1.0.0
2025-09-07 20:42:08,986 [INFO] ThirdParty:1030 - CMSIS Pack Vendor :STMicroelectronics USBPD 4.1
2025-09-07 20:42:08,986 [INFO] ThirdParty:1030 - CMSIS Pack Vendor :STMicroelectronics X-CUBE-NFC9 1.0.0
2025-09-07 20:42:08,986 [INFO] ThirdParty:1030 - CMSIS Pack Vendor :STMicroelectronics USB_HOST 2.0.0
2025-09-07 20:42:08,986 [INFO] ThirdParty:1030 - CMSIS Pack Vendor :STMicroelectronics FP-SNS-MOTENVWB1 1.4.0
2025-09-07 20:42:08,986 [INFO] ThirdParty:1030 - CMSIS Pack Vendor :STMicroelectronics X-CUBE-AZRTOS-F4 1.1.0
2025-09-07 20:42:08,986 [INFO] ThirdParty:1030 - CMSIS Pack Vendor :STMicroelectronics LIBJPEG 8.0.0
2025-09-07 20:42:08,986 [INFO] ThirdParty:1030 - CMSIS Pack Vendor :STMicroelectronics FP-ATR-ASTRA1 2.0.2
2025-09-07 20:42:08,986 [INFO] ThirdParty:1030 - CMSIS Pack Vendor :wolfSSL I-CUBE-wolfSSL 5.8.2
2025-09-07 20:42:08,986 [INFO] ThirdParty:1030 - CMSIS Pack Vendor :STMicroelectronics X-CUBE-BLE1 7.1.0
2025-09-07 20:42:08,986 [INFO] ThirdParty:1030 - CMSIS Pack Vendor :Avnet-IotConnect X-CUBE-IoTC-DA16k-PMOD 1.0.0
2025-09-07 20:42:08,986 [INFO] ThirdParty:1030 - CMSIS Pack Vendor :STMicroelectronics X-CUBE-SMBUS 2.1.0
2025-09-07 20:42:08,986 [INFO] ThirdParty:1030 - CMSIS Pack Vendor :wolfSSL I-CUBE-wolfMQTT 1.19.2
2025-09-07 20:42:08,986 [INFO] ThirdParty:1030 - CMSIS Pack Vendor :STMicroelectronics USB_DEVICE 3.0.0
2025-09-07 20:42:08,986 [INFO] ThirdParty:1030 - CMSIS Pack Vendor :STMicroelectronics X-CUBE-ISPU 2.1.0
2025-09-07 20:42:08,986 [INFO] ThirdParty:1030 - CMSIS Pack Vendor :STMicroelectronics X-CUBE-EEPRMA1 5.2.0
2025-09-07 20:42:08,986 [INFO] ThirdParty:1030 - CMSIS Pack Vendor :STMicroelectronics X-CUBE-BLEMGR 4.1.0
2025-09-07 20:42:08,986 [INFO] ThirdParty:1030 - CMSIS Pack Vendor :STMicroelectronics X-CUBE-AZRTOS-WB 2.0.0
2025-09-07 20:42:08,986 [INFO] ThirdParty:1030 - CMSIS Pack Vendor :STMicroelectronics X-CUBE-ST60 1.0.0
2025-09-07 20:42:08,986 [INFO] ThirdParty:1030 - CMSIS Pack Vendor :STMicroelectronics X-CUBE-GNSS1 7.0.1
2025-09-07 20:42:08,986 [INFO] ThirdParty:1030 - CMSIS Pack Vendor :STMicroelectronics X-CUBE-NFC12 1.0.0
2025-09-07 20:42:08,986 [INFO] ThirdParty:1030 - CMSIS Pack Vendor :STMicroelectronics X-CUBE-AZRTOS-F7 1.1.0
2025-09-07 20:42:08,987 [INFO] ThirdParty:1030 - CMSIS Pack Vendor :STMicroelectronics X-CUBE-AZRTOS-L5 2.0.0
2025-09-07 20:42:08,987 [INFO] ThirdParty:1030 - CMSIS Pack Vendor :STMicroelectronics X-CUBE-TOUCHGFX 4.25.0
2025-09-07 20:42:08,987 [INFO] ThirdParty:1030 - CMSIS Pack Vendor :STMicroelectronics USB_DEVICE 2.0.0
2025-09-07 20:42:08,987 [INFO] ThirdParty:1030 - CMSIS Pack Vendor :STMicroelectronics X-CUBE-NFC6 3.1.0
2025-09-07 20:42:08,987 [INFO] ThirdParty:1030 - CMSIS Pack Vendor :quantropi X-CUBE-qispace-sdk-base 2.1.0
2025-09-07 20:42:08,987 [INFO] ThirdParty:1030 - CMSIS Pack Vendor :STMicroelectronics FreeRTOS 0.0.1
2025-09-07 20:42:08,987 [INFO] ThirdParty:1030 - CMSIS Pack Vendor :STMicroelectronics X-CUBE-AZRTOS-G0 1.1.0
2025-09-07 20:42:08,987 [INFO] ThirdParty:1030 - CMSIS Pack Vendor :STMicroelectronics X-CUBE-SAFEA1 1.2.2
2025-09-07 20:42:08,987 [INFO] ThirdParty:1030 - CMSIS Pack Vendor :STMicroelectronics X-CUBE-NFC4 3.0.0
2025-09-07 20:42:08,987 [INFO] ThirdParty:1030 - CMSIS Pack Vendor :STMicroelectronics X-CUBE-SUBG2 5.0.0
2025-09-07 20:42:08,987 [INFO] ThirdParty:1030 - CMSIS Pack Vendor :STMicroelectronics X-CUBE-AZRTOS-H7RS 1.1.0
2025-09-07 20:42:08,987 [INFO] ThirdParty:1030 - CMSIS Pack Vendor :STMicroelectronics STM32_WPAN 1.0.0
2025-09-07 20:42:08,987 [INFO] ThirdParty:1030 - CMSIS Pack Vendor :EmbeddedOffice I-CUBE-FS-RTOS 1.0.1
2025-09-07 20:42:08,987 [INFO] ThirdParty:1030 - CMSIS Pack Vendor :STMicroelectronics lwIP 2.0.3
2025-09-07 20:42:08,987 [INFO] ThirdParty:1030 - CMSIS Pack Vendor :WES I-CUBE-Cesium 1.4.0
2025-09-07 20:42:08,987 [INFO] ThirdParty:1030 - CMSIS Pack Vendor :Cesanta I-CUBE-Mongoose 7.13.0
2025-09-07 20:42:08,987 [INFO] ThirdParty:1030 - CMSIS Pack Vendor :STMicroelectronics USB_HOST 1.0.0
2025-09-07 20:42:08,987 [INFO] ThirdParty:1030 - CMSIS Pack Vendor :Infineon AIROC-Wi-Fi-Bluetooth-STM32 1.7.1
2025-09-07 20:42:08,987 [INFO] ThirdParty:1030 - CMSIS Pack Vendor :STMicroelectronics X-CUBE-AZRTOS-G4 2.0.0
2025-09-07 20:42:08,987 [INFO] ThirdParty:1030 - CMSIS Pack Vendor :STMicroelectronics X-CUBE-WB05N 2.0.0
2025-09-07 20:42:08,987 [INFO] ThirdParty:1030 - CMSIS Pack Vendor :STMicroelectronics PDM2PCM 3.1.0
2025-09-07 20:42:08,987 [INFO] ThirdParty:1030 - CMSIS Pack Vendor :STMicroelectronics PDM2PCM 3.3.0
2025-09-07 20:42:08,987 [INFO] ThirdParty:1030 - CMSIS Pack Vendor :wolfSSL I-CUBE-wolfTPM 3.8.0
2025-09-07 20:42:08,988 [INFO] ThirdParty:1030 - CMSIS Pack Vendor :STMicroelectronics X-CUBE-AZRTOS-H7 3.4.0
2025-09-07 20:42:08,988 [INFO] ThirdParty:1030 - CMSIS Pack Vendor :STMicroelectronics X-CUBE-DISPLAY 3.0.0
2025-09-07 20:42:08,988 [INFO] ThirdParty:1030 - CMSIS Pack Vendor :wolfSSL I-CUBE-wolfSSH 1.4.20
2025-09-07 20:42:08,988 [INFO] ThirdParty:1030 - CMSIS Pack Vendor :STMicroelectronics X-CUBE-NFC7 2.0.0
2025-09-07 20:42:08,988 [INFO] ThirdParty:1030 - CMSIS Pack Vendor :STMicroelectronics X-CUBE-TCPP 4.2.0
2025-09-07 20:42:08,988 [INFO] ThirdParty:1030 - CMSIS Pack Vendor :RealThread X-CUBE-RT-Thread_Nano 4.1.1
2025-09-07 20:42:08,988 [INFO] ThirdParty:1030 - CMSIS Pack Vendor :STMicroelectronics FP-ATR-SIGFOX1 3.2.0
2025-09-07 20:42:08,988 [INFO] ThirdParty:1030 - CMSIS Pack Vendor :STMicroelectronics X-CUBE-NFC10 1.0.0
2025-09-07 20:42:08,988 [INFO] ThirdParty:1030 - CMSIS Pack Vendor :STMicroelectronics X-CUBE-FREERTOS 1.3.1
2025-09-07 20:42:08,988 [INFO] ThirdParty:1030 - CMSIS Pack Vendor :STMicroelectronics HAL Drivers 0.0.0
2025-09-07 20:42:08,988 [INFO] ThirdParty:1030 - CMSIS Pack Vendor :STMicroelectronics MBEDTLS 2.16.2
2025-09-07 20:42:08,988 [INFO] ThirdParty:1030 - CMSIS Pack Vendor :STMicroelectronics X-CUBE-IPS 3.1.0
2025-09-07 20:42:08,988 [INFO] ThirdParty:1030 - CMSIS Pack Vendor :STMicroelectronics X-CUBE-ALS 1.0.2
2025-09-07 20:42:08,988 [INFO] ThirdParty:1030 - CMSIS Pack Vendor :emotas I-CUBE-CANOPEN 1.3.0
2025-09-07 20:42:08,988 [INFO] ThirdParty:1030 - CMSIS Pack Vendor :STMicroelectronics MBEDTLS 2.14.1
2025-09-07 20:42:08,988 [INFO] ThirdParty:1030 - CMSIS Pack Vendor :ITTIA_DB I-CUBE-ITTIADB 8.9.0
2025-09-07 20:42:08,988 [INFO] ThirdParty:1030 - CMSIS Pack Vendor :STMicroelectronics X-CUBE-STSE01 1.0.0
2025-09-07 20:42:08,988 [INFO] ThirdParty:1030 - CMSIS Pack Vendor :STMicroelectronics X-CUBE-ST67W61 1.0.0
2025-09-07 20:42:08,988 [INFO] ThirdParty:1030 - CMSIS Pack Vendor :STMicroelectronics FP-SNS-STBOX1 2.1.0
2025-09-07 20:42:08,988 [INFO] ThirdParty:1030 - CMSIS Pack Vendor :STMicroelectronics X-CUBE-AI 10.2.0
2025-09-07 20:42:08,988 [INFO] ThirdParty:1030 - CMSIS Pack Vendor :STMicroelectronics FP-SNS-STAIOTCFT 1.0.0
2025-09-07 20:42:08,990 [INFO] ThirdParty:1030 - CMSIS Pack Vendor :STMicroelectronics ThreadX 1.0.0
2025-09-07 20:42:08,990 [INFO] ThirdParty:1030 - CMSIS Pack Vendor :STMicroelectronics FP-SNS-SMARTAG2 1.2.0
2025-09-07 20:42:08,990 [INFO] ThirdParty:1030 - CMSIS Pack Vendor :STMicroelectronics FP-SNS-FLIGHT1 5.1.0
2025-09-07 20:42:08,990 [INFO] ThirdParty:1030 - CMSIS Pack Vendor :STMicroelectronics X-CUBE-AZRTOS-WL 2.0.0
2025-09-07 20:42:08,990 [INFO] ThirdParty:1030 - CMSIS Pack Vendor :SEGGER I-CUBE-embOS 1.3.1
2025-09-07 20:42:08,990 [INFO] ThirdParty:1030 - CMSIS Pack Vendor :STMicroelectronics X-CUBE-ALGOBUILD 1.4.0
2025-09-07 20:42:08,990 [INFO] ThirdParty:1030 - CMSIS Pack Vendor :STMicroelectronics X-CUBE-DPower 1.3.0
2025-09-07 20:42:08,990 [INFO] ThirdParty:1030 - CMSIS Pack Vendor :STMicroelectronics X-CUBE-MEMS1 11.3.0
2025-09-07 20:42:08,990 [INFO] ThirdParty:1030 - CMSIS Pack Vendor :STMicroelectronics FP-SNS-MOTENV1 5.0.0
2025-09-07 20:42:08,990 [INFO] ThirdParty:1030 - CMSIS Pack Vendor :STMicroelectronics USB_DEVICE 1.0.0
2025-09-07 20:42:08,990 [INFO] ThirdParty:1030 - CMSIS Pack Vendor :STMicroelectronics X-CUBE-AZRTOS-L4 2.0.0
2025-09-07 20:42:08,990 [INFO] ThirdParty:1030 - CMSIS Pack Vendor :STMicroelectronics ThreadX 0.0.2
2025-09-07 20:42:08,990 [INFO] ThirdParty:1030 - CMSIS Pack Vendor :STMicroelectronics lwIP 2.1.2
2025-09-07 20:42:08,990 [INFO] ThirdParty:1030 - CMSIS Pack Vendor :STMicroelectronics X-CUBE-SFXS2LP1 4.0.0
2025-09-07 20:42:08,990 [INFO] ThirdParty:1030 - CMSIS Pack Vendor :STMicroelectronics X-CUBE-BLE2 3.3.0
2025-09-07 20:42:08,990 [INFO] ThirdParty:1030 - CMSIS Pack Vendor :STMicroelectronics X-CUBE-TOF1 3.4.3
2025-09-07 20:42:08,991 [INFO] ThirdParty:1030 - CMSIS Pack Vendor :STMicroelectronics PDM2PCM 3.2.0
2025-09-07 20:42:08,991 [INFO] ThirdParty:841 - exiting critical section [change project]
2025-09-07 20:42:09,560 [INFO] PinOutPanel:1589 - setPackage(No Configuration,No Configuration)
2025-09-07 20:42:09,565 [INFO] PinOutPanel:1589 - setPackage(STM32F401RETx,LQFP64)
2025-09-07 20:42:10,576 [INFO] UtilMem:75 - Before build in PCC Used Memory: 473434112 Bytes (938475520)
2025-09-07 20:42:11,816 [INFO] UtilMem:75 - After build in PCC Used Memory: 562036736 Bytes (938475520)
2025-09-07 20:42:11,866 [INFO] IPUIPlugin:80 - create IPUIPlugin
2025-09-07 20:42:11,867 [INFO] IPUIPlugin:80 - create IPUIPlugin
2025-09-07 20:42:11,869 [INFO] IPUIPlugin:80 - create IPUIPlugin
2025-09-07 20:42:11,869 [INFO] IPUIPlugin:80 - create IPUIPlugin
2025-09-07 20:42:11,870 [INFO] IPUIPlugin:80 - create IPUIPlugin
2025-09-07 20:42:11,872 [INFO] IPUIPlugin:80 - create IPUIPlugin
2025-09-07 20:42:11,872 [INFO] IPUIPlugin:80 - create IPUIPlugin
2025-09-07 20:42:11,872 [INFO] IPUIPlugin:80 - create IPUIPlugin
2025-09-07 20:42:11,873 [INFO] IPUIPlugin:80 - create IPUIPlugin
2025-09-07 20:42:11,873 [INFO] IPUIPlugin:80 - create IPUIPlugin
2025-09-07 20:42:11,873 [INFO] IPUIPlugin:80 - create IPUIPlugin
2025-09-07 20:42:11,873 [INFO] IPUIPlugin:80 - create IPUIPlugin
2025-09-07 20:42:11,873 [INFO] IPUIPlugin:80 - create IPUIPlugin
2025-09-07 20:42:11,874 [INFO] IPUIPlugin:80 - create IPUIPlugin
2025-09-07 20:42:11,875 [INFO] IPUIPlugin:80 - create IPUIPlugin
2025-09-07 20:42:11,875 [INFO] IPUIPlugin:80 - create IPUIPlugin
2025-09-07 20:42:11,877 [INFO] IPUIPlugin:80 - create IPUIPlugin
2025-09-07 20:42:11,877 [INFO] IPUIPlugin:80 - create IPUIPlugin
2025-09-07 20:42:11,878 [INFO] IPUIPlugin:80 - create IPUIPlugin
2025-09-07 20:42:11,878 [INFO] IPUIPlugin:80 - create IPUIPlugin
2025-09-07 20:42:11,879 [INFO] IPUIPlugin:80 - create IPUIPlugin
2025-09-07 20:42:11,879 [INFO] IPUIPlugin:80 - create IPUIPlugin
2025-09-07 20:42:11,879 [INFO] IPUIPlugin:80 - create IPUIPlugin
2025-09-07 20:42:11,881 [INFO] IPUIPlugin:80 - create IPUIPlugin
2025-09-07 20:42:11,881 [INFO] IPUIPlugin:80 - create IPUIPlugin
2025-09-07 20:42:11,882 [INFO] IPUIPlugin:80 - create IPUIPlugin
2025-09-07 20:42:11,882 [INFO] IPUIPlugin:80 - create IPUIPlugin
2025-09-07 20:42:11,882 [INFO] IPUIPlugin:80 - create IPUIPlugin
2025-09-07 20:42:11,883 [INFO] IPUIPlugin:80 - create IPUIPlugin
2025-09-07 20:42:11,883 [INFO] IPUIPlugin:80 - create IPUIPlugin
2025-09-07 20:42:11,883 [INFO] IPUIPlugin:80 - create IPUIPlugin
2025-09-07 20:42:11,884 [INFO] IPUIPlugin:80 - create IPUIPlugin
2025-09-07 20:42:11,884 [INFO] IPUIPlugin:80 - create IPUIPlugin
2025-09-07 20:42:11,886 [INFO] IPUIPlugin:80 - create IPUIPlugin
2025-09-07 20:42:11,886 [INFO] IPUIPlugin:80 - create IPUIPlugin
2025-09-07 20:42:11,887 [INFO] IPUIPlugin:80 - create IPUIPlugin
2025-09-07 20:42:11,887 [INFO] IPUIPlugin:80 - create IPUIPlugin
2025-09-07 20:42:11,887 [INFO] IPUIPlugin:80 - create IPUIPlugin
2025-09-07 20:42:11,984 [INFO] ApiDbMcu:532 - Load IP Config File for PDM2PCM
2025-09-07 20:42:12,256 [INFO] CADModel:165 - CPN selected for project levelSTM32F401RET6
2025-09-07 20:42:12,256 [INFO] CADModel:114 - Register for checkConnection events
2025-09-07 20:42:12,325 [INFO] OpenFileManager:386 - Restore cursor
2025-09-07 20:42:13,895 [INFO] UtilMem:75 - End SaveConfig() Used Memory: 662310888 Bytes (938475520)
2025-09-07 20:42:13,992 [INFO] UserAuth:487 - Internet connection configuration mode: 1
2025-09-07 20:42:24,012 [INFO] McuFinderGlobals:76 - Set McuFinderConnectedMode to true
2025-09-07 20:42:24,057 [INFO] ApiDb:448 - Save user favorites file C:\Users\aksha/.stm32cubeide/favorites.mcus.txt: 0 item(s)
2025-09-07 20:42:24,057 [INFO] ApiDb:452 - User favorites MCUs=[]
2025-09-07 20:42:24,064 [INFO] ApiDb:448 - Save user favorites file C:\Users\aksha/.stm32cubeide/favorites.boards.txt: 1 item(s)
2025-09-07 20:42:24,064 [INFO] ApiDb:452 - User favorites Boards=[NUCLEO-F401RE]
